gene,tpm,percentile,status
HSPA1A,3420.0,100.0,HIGH
EEF2,3325.9,100.0,HIGH
TXNIP,2812.71,100.0,HIGH
AHNAK,2747.92,100.0,HIGH
PANX3,2089.51,100.0,HIGH
HSP90AB1,1876.11,100.0,HIGH
RPL36AL,1864.63,100.0,HIGH
DSTN,1702.16,100.0,HIGH
HSPA5,1663.69,100.0,HIGH
SLC25A6,1608.95,100.0,HIGH
HLA-DRA,1534.4,100.0,HIGH
LAPTM4A,1362.88,99.9,HIGH
PSAP,1307.48,99.9,HIGH
LRP1,1276.86,99.9,HIGH
FAT1,1268.49,99.9,HIGH
CD63,1251.24,99.9,HIGH
CTNNB1,1234.28,99.9,HIGH
CD163,1232.18,99.9,HIGH
B2M,1190.75,99.9,HIGH
SUSD5,1130.93,99.9,HIGH
S100A10,1055.34,99.9,HIGH
BNIP3L,1049.75,99.9,HIGH
EDIL3,1035.0,99.9,HIGH
MRC2,995.63,99.9,HIGH
GJA1,991.07,99.9,HIGH
CALR,971.95,99.9,HIGH
CD74,960.56,99.9,HIGH
TMEM123,911.67,99.9,HIGH
NDUFA1,866.27,99.9,HIGH
STT3B,844.08,99.9,HIGH
LIFR,826.76,99.9,HIGH
LMAN1,799.24,99.9,HIGH
KLF9,772.1,99.9,HIGH
MCL1,746.63,99.9,HIGH
SGMS2,730.78,99.9,HIGH
CSDE1,722.96,99.9,HIGH
ITGB1,721.95,99.9,HIGH
RRBP1,708.18,99.9,HIGH
GPNMB,707.23,99.9,HIGH
PTH1R,695.51,99.9,HIGH
SLC38A2,695.33,99.9,HIGH
P4HA1,658.89,99.9,HIGH
GLO1,640.52,99.9,HIGH
BPNT2,632.44,99.8,HIGH
SERINC1,625.17,99.8,HIGH
IL6ST,618.73,99.8,HIGH
ITGA10,616.08,99.8,HIGH
PTTG1IP,608.9,99.8,HIGH
CALU,607.53,99.8,HIGH
EPB41L2,607.26,99.8,HIGH
TGFBR2,604.84,99.8,HIGH
PTPN12,604.71,99.8,HIGH
ATP2B1,601.51,99.8,HIGH
CANX,585.6,99.8,HIGH
GOLIM4,584.48,99.8,HIGH
TMEM119,581.85,99.8,HIGH
LPAR1,565.64,99.8,HIGH
GDI2,564.35,99.8,HIGH
OSBPL8,558.98,99.8,HIGH
DDX17,555.63,99.8,HIGH
IGHA1,553.94,99.8,HIGH
HNRNPA2B1,552.8,99.8,HIGH
PDIA4,549.81,99.8,HIGH
APP,548.25,99.8,HIGH
TRAM1,542.26,99.8,HIGH
CEMIP2,540.48,99.8,HIGH
TGFBR1,534.63,99.8,HIGH
APLP2,531.04,99.8,HIGH
SYPL1,528.18,99.8,HIGH
HTRA1,515.88,99.7,HIGH
DAB2,515.55,99.7,HIGH
EDNRA,514.22,99.7,HIGH
TLN1,511.85,99.7,HIGH
DIO2,511.66,99.7,HIGH
MRC1,499.45,99.7,HIGH
MMP14,498.18,99.7,HIGH
LAMA4,491.78,99.7,HIGH
TGOLN2,489.21,99.7,HIGH
HEXB,484.2,99.7,HIGH
LRP4,483.85,99.7,HIGH
PRDX6,482.98,99.7,HIGH
RTN4,482.89,99.7,HIGH
TIMM23,481.63,99.7,HIGH
HUWE1,479.2,99.7,HIGH
SERINC3,478.17,99.7,HIGH
ROBO1,475.69,99.7,HIGH
C4orf3,473.0,99.7,HIGH
TM9SF3,471.62,99.7,HIGH
STT3A,471.06,99.7,HIGH
SARAF,465.78,99.7,HIGH
DDX3Y,461.61,99.7,HIGH
PPT1,457.29,99.7,HIGH
PRNP,456.58,99.7,HIGH
GNS,456.4,99.7,HIGH
PNISR,455.55,99.7,HIGH
TMEM30A,436.32,99.7,HIGH
PLS3,434.42,99.7,HIGH
RNF19A,429.76,99.7,HIGH
EIF4B,428.18,99.7,HIGH
SLC44A1,423.11,99.6,HIGH
PLXNB2,420.02,99.6,HIGH
ITPR2,418.18,99.6,HIGH
ANO6,416.4,99.6,HIGH
FLNA,413.05,99.6,HIGH
ELOVL5,412.25,99.6,HIGH
PLVAP,411.58,99.6,HIGH
CDV3,411.26,99.6,HIGH
PCDH18,410.24,99.6,HIGH
PALLD,408.8,99.6,HIGH
ASAP1,406.11,99.6,HIGH
TMBIM6,400.68,99.6,HIGH
IQGAP1,395.32,99.6,HIGH
CALD1,393.45,99.6,HIGH
TYROBP,392.69,99.6,HIGH
MTPN,392.49,99.6,HIGH
UTRN,391.88,99.6,HIGH
LAMC1,390.38,99.6,HIGH
TGFB1,389.84,99.6,HIGH
PDIA3,386.1,99.6,HIGH
CAMK2D,385.35,99.6,HIGH
UBE2J1,382.1,99.6,HIGH
TMED2,381.74,99.6,HIGH
ESYT2,381.74,99.6,HIGH
SDC2,381.33,99.6,HIGH
CLEC2B,381.22,99.6,HIGH
SSR3,379.98,99.6,HIGH
CDC42EP3,375.46,99.6,HIGH
PAM,374.88,99.6,HIGH
ENAH,374.38,99.6,HIGH
FBN1,372.58,99.6,HIGH
PTPRD,371.68,99.6,HIGH
FKBP10,369.71,99.6,HIGH
TMED10,368.26,99.6,HIGH
BAMBI,366.66,99.6,HIGH
GPR34,362.56,99.6,HIGH
CMPK1,358.0,99.5,HIGH
SGCB,355.9,99.5,HIGH
GPX4,355.56,99.5,HIGH
ABCA1,355.29,99.5,HIGH
CLIC4,354.95,99.5,HIGH
ITGB5,353.26,99.5,HIGH
EFR3A,350.55,99.5,HIGH
RNF144A,350.13,99.5,HIGH
ANXA1,348.84,99.5,HIGH
PLP2,348.13,99.5,HIGH
HLA-E,348.02,99.5,HIGH
OGT,345.86,99.5,HIGH
SF3B1,345.43,99.5,HIGH
LNPEP,344.55,99.5,HIGH
UNC5B,344.28,99.5,HIGH
YES1,343.71,99.5,HIGH
MAP4,342.09,99.5,HIGH
PDIA6,340.4,99.5,HIGH
EVI2A,340.06,99.5,HIGH
RPN2,338.89,99.5,HIGH
TMTC2,337.11,99.5,HIGH
MERTK,337.01,99.5,HIGH
DYRK2,335.21,99.5,HIGH
YTHDC1,333.72,99.5,HIGH
MYH9,332.35,99.5,HIGH
USP53,330.45,99.5,HIGH
SSR1,330.31,99.5,HIGH
SLC39A6,330.01,99.5,HIGH
HIPK3,328.35,99.5,HIGH
PDGFC,328.18,99.5,HIGH
TMEM248,327.71,99.5,HIGH
PDLIM5,326.65,99.5,HIGH
SPAG9,324.07,99.4,HIGH
EVI2B,324.01,99.4,HIGH
TPP1,323.11,99.4,HIGH
REEP3,318.49,99.4,HIGH
PDGFRA,318.35,99.4,HIGH
IL1R1,317.3,99.4,HIGH
XPR1,315.52,99.4,HIGH
RCN3,313.86,99.4,HIGH
COLEC12,313.17,99.4,HIGH
KMT2E,312.31,99.4,HIGH
SEL1L,310.87,99.4,HIGH
NEO1,310.69,99.4,HIGH
OST4,308.6,99.4,HIGH
CKAP4,304.47,99.4,HIGH
EZR,303.0,99.4,HIGH
SURF4,302.79,99.4,HIGH
KDELR2,301.46,99.4,HIGH
TPM1,301.42,99.4,HIGH
DDX3X,301.05,99.4,HIGH
SLK,300.7,99.4,HIGH
NRP1,300.64,99.4,HIGH
CHML,300.45,99.4,HIGH
ADNP,299.25,99.4,HIGH
SH3PXD2B,297.26,99.4,HIGH
LAMP1,296.95,99.4,HIGH
SLC5A3,296.65,99.4,HIGH
SCAF11,295.8,99.4,HIGH
SEMA5A,295.13,99.4,HIGH
YBX1,293.65,99.4,HIGH
OS9,293.5,99.4,HIGH
CD99,291.01,99.4,HIGH
TNFRSF19,290.08,99.4,HIGH
NOTCH2,289.14,99.3,HIGH
KIDINS220,289.11,99.3,HIGH
PLOD2,286.62,99.3,HIGH
PTPRA,283.16,99.3,HIGH
GLG1,282.02,99.3,HIGH
HILPDA,282.02,99.3,HIGH
MYO1B,279.26,99.3,HIGH
INSR,277.93,99.3,HIGH
ITGA2,277.75,99.3,HIGH
FNDC3B,277.25,99.3,HIGH
ARHGEF6,274.05,99.3,HIGH
MTDH,272.45,99.3,HIGH
ENO1,272.14,99.3,HIGH
PTPRZ1,271.33,99.3,HIGH
UGCG,269.71,99.3,HIGH
STRN3,269.36,99.3,HIGH
ARID5B,268.9,99.3,HIGH
ERBIN,267.7,99.3,HIGH
MFSD1,267.61,99.3,HIGH
ITM2B,267.32,99.3,HIGH
ADAM10,267.12,99.3,HIGH
TMED7,266.92,99.3,HIGH
C5orf15,266.22,99.3,HIGH
STOM,263.9,99.2,HIGH
EMC7,262.64,99.2,HIGH
ARL6IP5,259.95,99.2,HIGH
PDAP1,259.79,99.2,HIGH
COX7C,259.74,99.2,HIGH
TRPM7,259.55,99.2,HIGH
EIF3L,257.43,99.2,HIGH
BAG5,255.74,99.2,HIGH
SLC39A7,254.79,99.2,HIGH
CAST,254.09,99.2,HIGH
APOL2,253.43,99.2,HIGH
ATL3,252.87,99.2,HIGH
NDFIP1,252.81,99.2,HIGH
CKAP5,252.68,99.2,HIGH
SLC38A4,252.19,99.2,HIGH
IFNGR1,252.15,99.2,HIGH
EIF5,251.98,99.2,HIGH
PPP1R12A,251.98,99.2,HIGH
P4HB,251.13,99.2,HIGH
PHOSPHO1,250.64,99.2,HIGH
ANTXR2,247.07,99.2,HIGH
VMP1,246.47,99.2,HIGH
MKLN1,245.24,99.1,HIGH
GALNT3,244.67,99.1,HIGH
ARHGAP21,243.76,99.1,HIGH
PRDX4,243.67,99.1,HIGH
HELZ,242.29,99.1,HIGH
HSP90B1,241.32,99.1,HIGH
CRIM1,241.15,99.1,HIGH
NKTR,240.48,99.1,HIGH
FNDC3A,240.1,99.1,HIGH
CLDN12,239.91,99.1,HIGH
ZDHHC17,239.9,99.1,HIGH
TPST1,239.53,99.1,HIGH
TM9SF2,239.25,99.1,HIGH
CLK1,237.19,99.1,HIGH
MFSD14B,236.89,99.1,HIGH
TAOK1,236.46,99.1,HIGH
IFITM5,235.35,99.1,HIGH
DNAJC3,235.01,99.1,HIGH
STK17B,232.47,99.1,HIGH
JAG1,232.07,99.1,HIGH
ATP6V0E1,231.03,99.1,HIGH
ZBED3,230.95,99.1,HIGH
CYBB,230.87,99.1,HIGH
SPRED1,230.07,99.1,HIGH
TNFRSF21,229.52,99.1,HIGH
HIPK1,228.29,99.0,HIGH
RPN1,225.9,99.0,HIGH
PKD2,225.83,99.0,HIGH
CAVIN1,225.71,99.0,HIGH
CREB3L2,225.69,99.0,HIGH
DDX6,225.33,99.0,HIGH
GABARAPL1,225.08,99.0,HIGH
HIPK2,224.03,99.0,HIGH
SEPTIN2,223.73,99.0,HIGH
UBXN4,223.47,99.0,HIGH
CCDC47,223.21,99.0,HIGH
MYO1E,223.17,99.0,HIGH
WAC,223.08,99.0,HIGH
GPBP1,223.01,99.0,HIGH
CYBRD1,222.45,99.0,HIGH
CLTA,221.39,99.0,HIGH
LGALS3,221.16,99.0,HIGH
DAD1,220.36,99.0,HIGH
ABI1,219.8,99.0,HIGH
VSIG4,218.57,99.0,HIGH
APMAP,218.16,99.0,HIGH
MPEG1,218.02,99.0,HIGH
LIPA,217.25,99.0,HIGH
GNAS,216.58,99.0,HIGH
KIRREL1,216.33,99.0,HIGH
SDC3,216.2,99.0,HIGH
ARHGAP18,214.94,99.0,HIGH
PAPOLA,214.43,98.9,HIGH
DNAJB9,213.8,98.9,HIGH
ANTXR1,213.57,98.9,HIGH
CCT3,213.44,98.9,HIGH
RABGAP1,213.4,98.9,HIGH
ARF1,213.2,98.9,HIGH
TMEM50A,212.05,98.9,HIGH
SEC11A,211.95,98.9,HIGH
SLC35F5,211.72,98.9,HIGH
MCFD2,211.57,98.9,HIGH
CERS6,211.35,98.9,HIGH
TMEM167A,211.09,98.9,HIGH
MAOB,210.84,98.9,HIGH
TXN,210.35,98.9,HIGH
RASSF3,210.13,98.9,HIGH
GINM1,210.13,98.9,HIGH
GUSB,210.02,98.9,HIGH
NEXN,209.63,98.9,HIGH
FRS2,209.45,98.9,HIGH
CLMP,209.33,98.9,HIGH
C1orf43,209.17,98.9,HIGH
GOLGA5,208.29,98.9,HIGH
PTPN13,207.1,98.9,HIGH
KTN1,206.73,98.9,HIGH
CD9,206.26,98.9,HIGH
RNF139,205.8,98.9,HIGH
ZNF330,205.31,98.9,HIGH
BST2,204.73,98.9,HIGH
ADD3,204.57,98.9,HIGH
FAT4,204.45,98.8,HIGH
CD109,204.44,98.8,HIGH
AFDN,203.75,98.8,HIGH
SLC30A9,202.89,98.8,HIGH
SCD5,202.78,98.8,HIGH
RDX,202.01,98.8,HIGH
CD93,201.52,98.8,HIGH
PTAR1,201.17,98.8,HIGH
FCHSD2,200.39,98.8,HIGH
PPP6R3,199.8,98.8,HIGH
DNAJC1,199.67,98.8,HIGH
RNF145,199.29,98.8,HIGH
PDCD6IP,198.22,98.8,HIGH
STK17A,198.01,98.8,HIGH
PRKD3,197.81,98.8,HIGH
ASPH,196.94,98.8,HIGH
CADM1,196.91,98.8,HIGH
LGMN,196.83,98.8,HIGH
DPYSL2,196.26,98.8,HIGH
CLSTN1,195.89,98.8,HIGH
ENPEP,195.5,98.8,HIGH
EIF5B,195.25,98.8,HIGH
CD276,194.84,98.8,HIGH
HERPUD1,194.55,98.8,HIGH
MSRB3,194.51,98.8,HIGH
SLC25A36,194.02,98.8,HIGH
SLC17A5,193.86,98.8,HIGH
FAT3,192.07,98.8,HIGH
TMEM14C,191.52,98.7,HIGH
GANAB,191.42,98.7,HIGH
NFE2L1,191.11,98.7,HIGH
RRM2B,190.55,98.7,HIGH
PDZD8,190.09,98.7,HIGH
C1QB,189.85,98.7,HIGH
MS4A7,189.42,98.7,HIGH
RAPGEF2,188.6,98.7,HIGH
RNF149,188.49,98.7,HIGH
ARHGEF12,188.37,98.7,HIGH
SERPINH1,188.11,98.7,HIGH
UBR2,187.97,98.7,HIGH
AKAP11,187.96,98.7,HIGH
CSF1R,187.95,98.7,HIGH
CD47,186.49,98.7,HIGH
SLC20A1,186.43,98.7,HIGH
ATG14,186.3,98.7,HIGH
XPC,186.05,98.7,HIGH
SLC39A9,185.84,98.7,HIGH
CTSK,185.59,98.7,HIGH
KCNJ2,185.52,98.7,HIGH
TMEM38B,185.39,98.7,HIGH
CD164,185.31,98.7,HIGH
TMEM245,185.23,98.7,HIGH
SELENOF,185.12,98.7,HIGH
TSPAN3,184.88,98.7,HIGH
COL6A2,184.8,98.6,HIGH
RC3H1,184.74,98.6,HIGH
RASAL2,184.47,98.6,HIGH
PAK1,184.11,98.6,HIGH
MARCHF7,184.02,98.6,HIGH
APOD,183.84,98.6,HIGH
GASK1B,183.7,98.6,HIGH
GTF3C1,183.68,98.6,HIGH
DEGS1,183.65,98.6,HIGH
RHOA,183.46,98.6,HIGH
YME1L1,183.1,98.6,HIGH
SLC44A2,182.82,98.6,HIGH
APPL1,182.66,98.6,HIGH
IGF2R,182.5,98.6,HIGH
KCNK2,182.49,98.6,HIGH
TP53I11,181.94,98.6,HIGH
MXRA8,181.74,98.6,HIGH
UBE2K,181.71,98.6,HIGH
ADAM17,181.7,98.6,HIGH
ATRN,181.56,98.6,HIGH
CSPG4,181.33,98.6,HIGH
TMEM59,181.18,98.6,HIGH
OSTC,180.59,98.6,HIGH
ERGIC2,180.35,98.6,HIGH
TENM3,180.26,98.6,HIGH
MAN1A2,179.55,98.6,HIGH
SEC63,178.91,98.6,HIGH
NSUN2,178.73,98.6,HIGH
TMCO1,178.16,98.6,HIGH
TTC3,178.07,98.6,HIGH
EMP1,176.55,98.5,HIGH
TYW1,176.38,98.5,HIGH
CMTM6,175.68,98.5,HIGH
RYK,175.62,98.5,HIGH
LPP,175.61,98.5,HIGH
INSIG2,175.3,98.5,HIGH
UNC50,173.8,98.5,HIGH
PTPRS,172.87,98.5,HIGH
LYSMD3,171.86,98.5,HIGH
SEC62,171.84,98.5,HIGH
EPS8,171.79,98.5,HIGH
FAM8A1,170.92,98.5,HIGH
TOMM70,170.91,98.5,HIGH
XBP1,170.49,98.5,HIGH
IGF1R,170.02,98.5,HIGH
CPD,170.01,98.5,HIGH
SNRK,169.88,98.5,HIGH
LEMD3,169.86,98.5,HIGH
ODR4,169.4,98.5,HIGH
HEG1,169.34,98.5,HIGH
PDGFRB,168.24,98.4,HIGH
BMPR2,168.16,98.4,HIGH
SDCBP,167.04,98.4,HIGH
MUC15,166.92,98.4,HIGH
CTNNA1,166.52,98.4,HIGH
PIP4K2A,166.46,98.4,HIGH
FAM241A,166.4,98.4,HIGH
MSR1,166.13,98.4,HIGH
CDC42BPA,165.59,98.4,HIGH
METAP2,165.3,98.4,HIGH
EIF3E,165.06,98.4,HIGH
PPTC7,164.77,98.4,HIGH
PCDHGC3,164.51,98.4,HIGH
DOCK1,163.65,98.4,HIGH
PECAM1,163.31,98.4,HIGH
C3orf38,163.27,98.4,HIGH
ITGA6,161.91,98.4,HIGH
SGPP1,161.07,98.3,HIGH
SLC4A7,161.03,98.3,HIGH
RALA,160.95,98.3,HIGH
CNOT1,160.57,98.3,HIGH
IGHG1,160.46,98.3,HIGH
MSN,160.28,98.3,HIGH
APOLD1,159.81,98.3,HIGH
PTPRM,158.91,98.3,HIGH
PXK,158.89,98.3,HIGH
NCOA1,158.8,98.3,HIGH
S100A6,158.75,98.3,HIGH
ZNF655,158.74,98.3,HIGH
ATXN10,158.73,98.3,HIGH
STAB1,158.54,98.3,HIGH
SNX25,158.35,98.3,HIGH
TRIM4,158.32,98.3,HIGH
ENTPD4,158.02,98.3,HIGH
MLLT10,157.57,98.3,HIGH
ATP11B,157.23,98.3,HIGH
XRN1,157.18,98.3,HIGH
SLC30A1,156.56,98.3,HIGH
PALM2AKAP2,156.1,98.3,EXPRESSED
PDCD7,155.92,98.3,EXPRESSED
DNAJB4,155.47,98.3,EXPRESSED
ZDHHC2,154.98,98.3,EXPRESSED
LRRFIP2,154.65,98.2,EXPRESSED
N4BP2,154.38,98.2,EXPRESSED
PLAA,154.21,98.2,EXPRESSED
DDAH1,153.96,98.2,EXPRESSED
APOL1,153.41,98.2,EXPRESSED
CNPY3,153.38,98.2,EXPRESSED
TMEM43,153.36,98.2,EXPRESSED
ANKIB1,153.08,98.2,EXPRESSED
PPIC,152.75,98.2,EXPRESSED
PFN2,152.71,98.2,EXPRESSED
DDOST,152.18,98.2,EXPRESSED
INPP4A,151.96,98.2,EXPRESSED
ATF6B,151.91,98.2,EXPRESSED
NEMP1,151.8,98.2,EXPRESSED
REEP5,151.52,98.2,EXPRESSED
LGR4,151.44,98.2,EXPRESSED
OSMR,151.43,98.2,EXPRESSED
RHBDL2,151.18,98.2,EXPRESSED
PARD3,151.04,98.2,EXPRESSED
MARCKS,150.96,98.2,EXPRESSED
SLC7A2,150.44,98.2,EXPRESSED
SEMA7A,150.32,98.2,EXPRESSED
PRKCSH,150.26,98.2,EXPRESSED
CA12,150.03,98.2,EXPRESSED
WDFY3,149.83,98.2,EXPRESSED
TMTC3,149.67,98.2,EXPRESSED
ATP2B4,149.36,98.2,EXPRESSED
PDE3A,149.35,98.2,EXPRESSED
NPTN,149.32,98.2,EXPRESSED
HYAL4,149.24,98.2,EXPRESSED
MARCHF6,149.17,98.2,EXPRESSED
SERP1,148.87,98.2,EXPRESSED
ATP9A,148.48,98.1,EXPRESSED
OCIAD1,148.34,98.1,EXPRESSED
POGLUT3,148.21,98.1,EXPRESSED
SDC4,148.21,98.1,EXPRESSED
CTSL,147.31,98.1,EXPRESSED
CD2AP,147.11,98.1,EXPRESSED
TRIB1,147.02,98.1,EXPRESSED
ETS2,146.88,98.1,EXPRESSED
UGGT1,146.64,98.1,EXPRESSED
CD14,146.48,98.1,EXPRESSED
LRCH2,146.35,98.1,EXPRESSED
MAN1A1,146.1,98.1,EXPRESSED
IL13RA1,145.59,98.1,EXPRESSED
FIS1,145.58,98.1,EXPRESSED
RABGAP1L,144.93,98.1,EXPRESSED
CDH2,144.88,98.1,EXPRESSED
DPY19L2,144.43,98.1,EXPRESSED
SLC25A5,144.37,98.1,EXPRESSED
S100A13,144.24,98.1,EXPRESSED
M6PR,144.2,98.1,EXPRESSED
KMT5B,143.97,98.1,EXPRESSED
GALNT1,143.96,98.1,EXPRESSED
ATP1B3,143.92,98.1,EXPRESSED
MTCH2,143.87,98.1,EXPRESSED
MPZL1,143.79,98.1,EXPRESSED
SEC61G,143.73,98.1,EXPRESSED
MAPKAPK2,143.35,98.0,EXPRESSED
PLOD1,143.24,98.0,EXPRESSED
LAPTM5,143.2,98.0,EXPRESSED
TNFRSF10B,143.1,98.0,EXPRESSED
MPHOSPH10,142.63,98.0,EXPRESSED
PLXND1,142.37,98.0,EXPRESSED
BMP2,142.37,98.0,EXPRESSED
GOLGB1,142.29,98.0,EXPRESSED
ANXA2,142.09,98.0,EXPRESSED
LRP6,141.95,98.0,EXPRESSED
MYOF,141.94,98.0,EXPRESSED
EXOC1,141.59,98.0,EXPRESSED
ATF6,141.49,98.0,EXPRESSED
PTPRG,141.47,98.0,EXPRESSED
TOR1AIP1,141.45,98.0,EXPRESSED
TMEM33,141.19,98.0,EXPRESSED
FMNL3,140.99,98.0,EXPRESSED
MS4A6A,140.94,98.0,EXPRESSED
ASPM,140.17,98.0,EXPRESSED
DVL3,140.07,98.0,EXPRESSED
UBA2,139.63,98.0,EXPRESSED
GLIPR1,139.39,98.0,EXPRESSED
NUP205,139.07,98.0,EXPRESSED
SLC12A2,138.61,98.0,EXPRESSED
CNIH1,138.43,98.0,EXPRESSED
TRIO,138.4,98.0,EXPRESSED
CARMIL1,137.99,98.0,EXPRESSED
CS,137.95,98.0,EXPRESSED
GHR,137.84,97.9,EXPRESSED
TMED9,137.67,97.9,EXPRESSED
GPC4,137.53,97.9,EXPRESSED
MAP4K5,137.18,97.9,EXPRESSED
EPHA2,136.64,97.9,EXPRESSED
SLC30A6,136.38,97.9,EXPRESSED
FAM98B,135.79,97.9,EXPRESSED
SLC30A7,135.67,97.9,EXPRESSED
SYTL2,135.22,97.9,EXPRESSED
UBR3,135.18,97.9,EXPRESSED
G3BP1,134.96,97.9,EXPRESSED
FLOT1,134.55,97.9,EXPRESSED
TRIB2,134.53,97.9,EXPRESSED
HLA-DRB1,134.5,97.9,EXPRESSED
ACSL1,133.8,97.9,EXPRESSED
PPM1A,133.77,97.9,EXPRESSED
STX16,133.72,97.9,EXPRESSED
PRSS48,133.14,97.9,EXPRESSED
KMT2D,133.06,97.9,EXPRESSED
TRPC6,132.85,97.9,EXPRESSED
ITGAV,132.73,97.9,EXPRESSED
ITGA11,132.34,97.8,EXPRESSED
LAMP2,132.28,97.8,EXPRESSED
KDELR3,132.15,97.8,EXPRESSED
LIMA1,131.78,97.8,EXPRESSED
INPP4B,131.61,97.8,EXPRESSED
THBS1,131.35,97.8,EXPRESSED
NT5E,131.24,97.8,EXPRESSED
FKBP9,130.86,97.8,EXPRESSED
ATP2C1,130.62,97.8,EXPRESSED
TMEM131,130.47,97.8,EXPRESSED
CPM,130.39,97.8,EXPRESSED
FIBIN,129.59,97.8,EXPRESSED
LMO7,129.57,97.8,EXPRESSED
GAB1,129.45,97.8,EXPRESSED
LPGAT1,129.44,97.8,EXPRESSED
ERO1A,128.14,97.8,EXPRESSED
GPR137B,127.98,97.8,EXPRESSED
TBC1D23,127.89,97.8,EXPRESSED
PTGES,127.64,97.7,EXPRESSED
NOMO1,127.58,97.7,EXPRESSED
ARPC5,127.46,97.7,EXPRESSED
MAGT1,127.39,97.7,EXPRESSED
PXDC1,127.25,97.7,EXPRESSED
VPS36,127.14,97.7,EXPRESSED
DENND4C,127.08,97.7,EXPRESSED
POGZ,127.07,97.7,EXPRESSED
STAT2,126.97,97.7,EXPRESSED
DCAF16,126.76,97.7,EXPRESSED
SLC49A4,126.37,97.7,EXPRESSED
LITAF,126.22,97.7,EXPRESSED
GOLT1B,125.84,97.7,EXPRESSED
ATP5PB,125.49,97.7,EXPRESSED
RPE,125.25,97.7,EXPRESSED
RNF146,125.0,97.7,EXPRESSED
SORT1,124.72,97.7,EXPRESSED
VCPIP1,124.57,97.7,EXPRESSED
MBTPS1,124.56,97.7,EXPRESSED
BSG,124.44,97.7,EXPRESSED
MDFIC,124.32,97.7,EXPRESSED
HERPUD2,124.23,97.7,EXPRESSED
FCER1G,124.09,97.7,EXPRESSED
WASF2,124.01,97.7,EXPRESSED
TMEM168,123.84,97.7,EXPRESSED
ATRAID,123.78,97.7,EXPRESSED
PKN2,123.76,97.7,EXPRESSED
SLC40A1,123.75,97.7,EXPRESSED
TASP1,123.53,97.7,EXPRESSED
MYO9A,123.32,97.6,EXPRESSED
RPSA,123.21,97.6,EXPRESSED
PGRMC2,123.05,97.6,EXPRESSED
SUCO,122.49,97.6,EXPRESSED
ATP6AP2,122.26,97.6,EXPRESSED
WWP1,121.55,97.6,EXPRESSED
UBA1,121.51,97.6,EXPRESSED
IGHG2,121.18,97.6,EXPRESSED
DNAJC13,120.72,97.6,EXPRESSED
LENG8,120.62,97.6,EXPRESSED
YIPF5,120.3,97.6,EXPRESSED
GFPT1,120.09,97.6,EXPRESSED
COX4I1,119.9,97.6,EXPRESSED
SHTN1,119.61,97.6,EXPRESSED
ATP5MJ,119.55,97.6,EXPRESSED
WLS,119.47,97.6,EXPRESSED
TDP2,119.44,97.6,EXPRESSED
CD55,119.03,97.6,EXPRESSED
USP14,119.03,97.6,EXPRESSED
SELENOP,119.0,97.6,EXPRESSED
LRIG3,118.93,97.6,EXPRESSED
GPR89A,118.75,97.5,EXPRESSED
SLC8A3,118.44,97.5,EXPRESSED
TAF1D,118.09,97.5,EXPRESSED
ADPRM,118.06,97.5,EXPRESSED
ARL4C,118.04,97.5,EXPRESSED
EXT1,117.86,97.5,EXPRESSED
ITM2C,117.74,97.5,EXPRESSED
PRRC1,117.11,97.5,EXPRESSED
IGHM,116.77,97.5,EXPRESSED
FLNB,116.37,97.5,EXPRESSED
ATL2,116.35,97.5,EXPRESSED
PRRC2A,116.17,97.5,EXPRESSED
PTX3,116.07,97.5,EXPRESSED
FUCA1,115.88,97.5,EXPRESSED
FAR1,115.64,97.5,EXPRESSED
BRWD1,115.37,97.5,EXPRESSED
SDK2,115.36,97.5,EXPRESSED
TTC17,115.02,97.5,EXPRESSED
TOMM7,114.73,97.5,EXPRESSED
ATP5MC2,114.7,97.5,EXPRESSED
DMXL2,114.68,97.4,EXPRESSED
PPFIBP1,114.45,97.4,EXPRESSED
RDH11,114.32,97.4,EXPRESSED
SLC23A2,114.31,97.4,EXPRESSED
HCLS1,114.19,97.4,EXPRESSED
VAMP3,114.09,97.4,EXPRESSED
VEGFA,113.91,97.4,EXPRESSED
TRIM13,113.78,97.4,EXPRESSED
ANKH,113.68,97.4,EXPRESSED
CDKAL1,113.62,97.4,EXPRESSED
PLSCR1,113.56,97.4,EXPRESSED
TMPO,113.54,97.4,EXPRESSED
SLC39A10,113.37,97.4,EXPRESSED
PCDHB11,113.33,97.4,EXPRESSED
METAP1,113.29,97.4,EXPRESSED
SYNE2,113.2,97.4,EXPRESSED
RIOK3,113.19,97.4,EXPRESSED
ITGA5,113.09,97.4,EXPRESSED
ARID4A,113.02,97.4,EXPRESSED
LAPTM4B,112.85,97.4,EXPRESSED
CSF1,112.56,97.4,EXPRESSED
ERAP1,112.45,97.4,EXPRESSED
NSD1,112.22,97.4,EXPRESSED
BAG6,111.99,97.4,EXPRESSED
SRPK1,111.93,97.4,EXPRESSED
HLA-DPA1,111.93,97.4,EXPRESSED
RNF13,111.73,97.4,EXPRESSED
N4BP2L2,111.68,97.4,EXPRESSED
TMEM184C,111.65,97.4,EXPRESSED
MTUS1,111.33,97.4,EXPRESSED
FBXW11,111.28,97.4,EXPRESSED
TMX4,111.27,97.4,EXPRESSED
SMARCA2,111.26,97.4,EXPRESSED
GAPVD1,111.19,97.4,EXPRESSED
GNPTAB,111.05,97.4,EXPRESSED
LMBR1,110.81,97.3,EXPRESSED
UBQLN2,110.39,97.3,EXPRESSED
TMEM150C,110.29,97.3,EXPRESSED
CREB3L1,110.26,97.3,EXPRESSED
MFAP3,110.22,97.3,EXPRESSED
ATAD1,109.95,97.3,EXPRESSED
IKZF5,109.93,97.3,EXPRESSED
SUPT6H,109.87,97.3,EXPRESSED
UBR1,109.75,97.3,EXPRESSED
GNB2,109.53,97.3,EXPRESSED
FILIP1L,109.49,97.3,EXPRESSED
GIMAP4,109.25,97.3,EXPRESSED
TMEM41B,109.22,97.3,EXPRESSED
GHITM,109.04,97.3,EXPRESSED
GPR107,108.97,97.3,EXPRESSED
TNFRSF1A,108.95,97.3,EXPRESSED
HSPA13,108.65,97.3,EXPRESSED
ADAM9,108.51,97.3,EXPRESSED
GNB1,108.27,97.3,EXPRESSED
ATP11C,108.25,97.3,EXPRESSED
MIA3,108.23,97.3,EXPRESSED
CCNT2,108.15,97.3,EXPRESSED
GRINA,107.74,97.2,EXPRESSED
BICD2,107.64,97.2,EXPRESSED
TMX3,107.2,97.2,EXPRESSED
NAA35,107.08,97.2,EXPRESSED
EMD,107.05,97.2,EXPRESSED
FAM193A,106.9,97.2,EXPRESSED
APC,106.87,97.2,EXPRESSED
CTSO,106.82,97.2,EXPRESSED
LTBR,106.77,97.2,EXPRESSED
PTEN,106.61,97.2,EXPRESSED
STX12,106.51,97.2,EXPRESSED
ADIPOR1,106.45,97.2,EXPRESSED
PIP5K1A,106.43,97.2,EXPRESSED
PCYOX1,106.4,97.2,EXPRESSED
YIPF6,106.3,97.2,EXPRESSED
CLEC7A,106.2,97.2,EXPRESSED
EOGT,105.71,97.2,EXPRESSED
KCNJ8,104.99,97.1,EXPRESSED
ADGRA3,104.96,97.1,EXPRESSED
TMEM47,104.48,97.1,EXPRESSED
ADGRF5,104.48,97.1,EXPRESSED
TEX10,104.45,97.1,EXPRESSED
PAIP1,104.26,97.1,EXPRESSED
DIP2C,104.11,97.1,EXPRESSED
CFL2,103.87,97.1,EXPRESSED
CLEC14A,103.62,97.1,EXPRESSED
MMP16,103.55,97.1,EXPRESSED
SCARB2,103.42,97.1,EXPRESSED
HYOU1,103.37,97.1,EXPRESSED
TIMMDC1,103.35,97.1,EXPRESSED
LPAR6,103.29,97.1,EXPRESSED
PGRMC1,102.71,97.1,EXPRESSED
CRK,102.18,97.1,EXPRESSED
PEBP1,102.15,97.1,EXPRESSED
LCP1,102.06,97.1,EXPRESSED
BLTP1,102.04,97.1,EXPRESSED
TMX1,101.99,97.1,EXPRESSED
SPCS1,101.98,97.1,EXPRESSED
PCDHB13,101.9,97.0,EXPRESSED
UBA3,101.61,97.0,EXPRESSED
LRCH1,101.22,97.0,EXPRESSED
SLC25A27,101.06,97.0,EXPRESSED
ITGA4,100.86,97.0,EXPRESSED
TXNDC15,100.78,97.0,EXPRESSED
PIP4K2C,100.72,97.0,EXPRESSED
VAPA,100.72,97.0,EXPRESSED
CD36,100.53,97.0,EXPRESSED
MTHFD1L,100.52,97.0,EXPRESSED
ORMDL3,100.52,97.0,EXPRESSED
MAGEH1,100.5,97.0,EXPRESSED
PDHX,100.38,97.0,EXPRESSED
RPS6KA3,100.36,97.0,EXPRESSED
KARS1,100.33,97.0,EXPRESSED
B4GALT1,100.32,97.0,EXPRESSED
COX7A2,100.04,97.0,EXPRESSED
OXA1L,100.0,97.0,EXPRESSED
RNFT1,99.86,97.0,EXPRESSED
UBR4,99.83,97.0,EXPRESSED
CTTN,99.74,97.0,EXPRESSED
CFAP126,99.71,97.0,EXPRESSED
DDR2,99.7,97.0,EXPRESSED
MARS1,99.66,97.0,EXPRESSED
HACD3,99.41,97.0,EXPRESSED
RIF1,99.35,97.0,EXPRESSED
RCN2,99.29,96.9,EXPRESSED
ATP2A2,99.17,96.9,EXPRESSED
PCMTD1,99.17,96.9,EXPRESSED
ERC1,99.04,96.9,EXPRESSED
OSBPL5,99.03,96.9,EXPRESSED
TSPAN12,99.02,96.9,EXPRESSED
RRM1,98.96,96.9,EXPRESSED
XPO7,98.89,96.9,EXPRESSED
ABCB7,98.88,96.9,EXPRESSED
GPR183,98.87,96.9,EXPRESSED
PTDSS1,98.85,96.9,EXPRESSED
RNF213,98.74,96.9,EXPRESSED
OSBPL10,98.73,96.9,EXPRESSED
MIER1,98.71,96.9,EXPRESSED
JAK2,98.62,96.9,EXPRESSED
NOTCH3,98.58,96.9,EXPRESSED
WDR1,98.5,96.9,EXPRESSED
MACO1,98.14,96.9,EXPRESSED
HLA-C,98.08,96.9,EXPRESSED
PTPRK,97.99,96.9,EXPRESSED
TAX1BP1,97.97,96.9,EXPRESSED
COX7A2L,97.89,96.9,EXPRESSED
RPIA,97.87,96.9,EXPRESSED
CDK7,97.7,96.9,EXPRESSED
NDST1,97.69,96.9,EXPRESSED
CXCR4,97.56,96.9,EXPRESSED
CHD8,97.5,96.9,EXPRESSED
FYN,97.47,96.9,EXPRESSED
LHFPL2,97.45,96.9,EXPRESSED
CASD1,97.3,96.9,EXPRESSED
MARCKSL1,97.24,96.9,EXPRESSED
RNF144B,97.17,96.9,EXPRESSED
ANO5,97.01,96.8,EXPRESSED
CLDND1,96.91,96.8,EXPRESSED
DHX36,96.88,96.8,EXPRESSED
PCDHGA4,96.78,96.8,EXPRESSED
VAMP7,96.56,96.8,EXPRESSED
BTNL9,96.51,96.8,EXPRESSED
UBA52,96.47,96.8,EXPRESSED
RNF152,96.41,96.8,EXPRESSED
SMG1,96.31,96.8,EXPRESSED
POLR1E,96.18,96.8,EXPRESSED
EHBP1,96.12,96.8,EXPRESSED
TMEM117,95.95,96.8,EXPRESSED
PCDHB10,95.91,96.8,EXPRESSED
TMEM106B,95.9,96.8,EXPRESSED
SNRPF,95.83,96.8,EXPRESSED
MACF1,95.83,96.8,EXPRESSED
ENG,95.75,96.8,EXPRESSED
RNF26,95.67,96.8,EXPRESSED
MED23,95.59,96.8,EXPRESSED
TTC14,95.56,96.8,EXPRESSED
DTNA,95.36,96.8,EXPRESSED
SETD5,95.34,96.8,EXPRESSED
ZNF706,95.32,96.8,EXPRESSED
SOAT1,95.29,96.8,EXPRESSED
UBE2B,95.25,96.8,EXPRESSED
CPLANE1,95.17,96.7,EXPRESSED
TRRAP,95.09,96.7,EXPRESSED
SAMD8,94.97,96.7,EXPRESSED
FKBP8,94.88,96.7,EXPRESSED
PDZD2,94.75,96.7,EXPRESSED
FAF2,94.72,96.7,EXPRESSED
PPP3R1,94.36,96.7,EXPRESSED
TOMM22,94.33,96.7,EXPRESSED
KANSL1L,94.24,96.7,EXPRESSED
MET,94.23,96.7,EXPRESSED
MAP3K1,94.19,96.7,EXPRESSED
COX6C,94.1,96.7,EXPRESSED
TSG101,93.95,96.7,EXPRESSED
EHD3,93.91,96.7,EXPRESSED
SLC39A14,93.88,96.7,EXPRESSED
HBS1L,93.81,96.7,EXPRESSED
TMEM39A,93.72,96.7,EXPRESSED
ERP44,93.63,96.7,EXPRESSED
TMEM165,93.51,96.7,EXPRESSED
CHMP2A,93.11,96.7,EXPRESSED
ATP8B2,93.05,96.7,EXPRESSED
LEPROT,92.98,96.7,EXPRESSED
VKORC1L1,92.85,96.7,EXPRESSED
CLCN3,92.81,96.7,EXPRESSED
TUSC3,92.78,96.7,EXPRESSED
TSN,92.71,96.7,EXPRESSED
ARMCX3,92.64,96.7,EXPRESSED
UBAP1,92.28,96.6,EXPRESSED
PPM1L,92.05,96.6,EXPRESSED
MPHOSPH8,91.57,96.6,EXPRESSED
ARRDC4,91.54,96.6,EXPRESSED
PNPLA8,91.53,96.6,EXPRESSED
QARS1,91.5,96.6,EXPRESSED
ZNF407,91.44,96.6,EXPRESSED
SWAP70,91.34,96.6,EXPRESSED
VAMP4,91.32,96.6,EXPRESSED
SDHC,91.19,96.6,EXPRESSED
TPRG1L,91.12,96.6,EXPRESSED
ACTN1,90.93,96.6,EXPRESSED
EVI5,90.85,96.6,EXPRESSED
CCDC93,90.8,96.6,EXPRESSED
ZMPSTE24,90.73,96.6,EXPRESSED
SCARA3,90.52,96.6,EXPRESSED
SYNE1,90.43,96.6,EXPRESSED
CD53,90.26,96.6,EXPRESSED
CUX1,90.25,96.6,EXPRESSED
CEBPZOS,90.17,96.6,EXPRESSED
ATIC,89.79,96.5,EXPRESSED
IFIT5,89.61,96.5,EXPRESSED
ATP5MK,89.6,96.5,EXPRESSED
FPR3,89.56,96.5,EXPRESSED
HLA-A,89.49,96.5,EXPRESSED
MCAM,89.47,96.5,EXPRESSED
BTN2A1,89.41,96.5,EXPRESSED
CCDC124,89.36,96.5,EXPRESSED
ATG3,89.34,96.5,EXPRESSED
NCSTN,89.19,96.5,EXPRESSED
WIPF1,89.08,96.5,EXPRESSED
SDE2,89.06,96.5,EXPRESSED
AKAP10,88.93,96.5,EXPRESSED
SUN1,88.92,96.5,EXPRESSED
NDRG1,88.84,96.5,EXPRESSED
SUCLG1,88.83,96.5,EXPRESSED
VTI1B,88.82,96.5,EXPRESSED
MCU,88.64,96.5,EXPRESSED
FZD5,88.58,96.5,EXPRESSED
TENT4A,88.55,96.5,EXPRESSED
SLIT2,88.41,96.5,EXPRESSED
ESYT1,88.39,96.5,EXPRESSED
CASP4,88.22,96.5,EXPRESSED
LYVE1,88.19,96.5,EXPRESSED
SPTLC1,88.18,96.5,EXPRESSED
IL13RA2,88.08,96.5,EXPRESSED
FHL1,88.01,96.5,EXPRESSED
STX6,87.95,96.4,EXPRESSED
ACTR10,87.93,96.4,EXPRESSED
DENND5B,87.88,96.4,EXPRESSED
UGGT2,87.74,96.4,EXPRESSED
UAP1,87.52,96.4,EXPRESSED
CTSS,87.45,96.4,EXPRESSED
MLEC,87.42,96.4,EXPRESSED
TOR1A,87.38,96.4,EXPRESSED
UBE2D2,87.16,96.4,EXPRESSED
TMEM109,87.08,96.4,EXPRESSED
NF1,87.08,96.4,EXPRESSED
CD163L1,86.89,96.4,EXPRESSED
ADIPOR2,86.86,96.4,EXPRESSED
AP2M1,86.79,96.4,EXPRESSED
PCNX1,86.52,96.4,EXPRESSED
JKAMP,86.47,96.4,EXPRESSED
YIPF3,86.28,96.4,EXPRESSED
GNAQ,86.19,96.4,EXPRESSED
EMC3,86.04,96.3,EXPRESSED
AUP1,86.01,96.3,EXPRESSED
VASN,86.0,96.3,EXPRESSED
FZD1,85.96,96.3,EXPRESSED
PSMD2,85.89,96.3,EXPRESSED
TMTC1,85.75,96.3,EXPRESSED
SNX13,85.74,96.3,EXPRESSED
DOCK4,85.73,96.3,EXPRESSED
GDE1,85.7,96.3,EXPRESSED
IFNGR2,85.57,96.3,EXPRESSED
SHLD2,85.28,96.3,EXPRESSED
USP3,85.2,96.3,EXPRESSED
TULP3,85.08,96.3,EXPRESSED
DRAM2,84.95,96.3,EXPRESSED
ZSCAN29,84.94,96.3,EXPRESSED
TMEM259,84.92,96.3,EXPRESSED
NNT,84.83,96.3,EXPRESSED
RP2,84.52,96.3,EXPRESSED
ECE1,84.47,96.3,EXPRESSED
AGPAT5,84.46,96.3,EXPRESSED
PYGL,84.37,96.3,EXPRESSED
MRPL32,84.34,96.3,EXPRESSED
NAPG,84.2,96.3,EXPRESSED
CD59,84.19,96.3,EXPRESSED
ACP5,84.14,96.3,EXPRESSED
EDEM3,84.12,96.3,EXPRESSED
LEPROTL1,84.07,96.2,EXPRESSED
NEDD4,83.94,96.2,EXPRESSED
PPP1R12B,83.85,96.2,EXPRESSED
TMEM126A,83.82,96.2,EXPRESSED
STX18,83.79,96.2,EXPRESSED
GALNT11,83.65,96.2,EXPRESSED
ALDH9A1,83.64,96.2,EXPRESSED
GPX8,83.64,96.2,EXPRESSED
SPCS2,83.51,96.2,EXPRESSED
TMED8,83.48,96.2,EXPRESSED
CD84,83.46,96.2,EXPRESSED
PIGK,83.41,96.2,EXPRESSED
DIAPH1,83.38,96.2,EXPRESSED
TMEM87B,83.33,96.2,EXPRESSED
IFI27L2,83.26,96.2,EXPRESSED
NUDT9,83.17,96.2,EXPRESSED
NEPRO,82.9,96.2,EXPRESSED
MPC2,82.74,96.2,EXPRESSED
ATF7,82.74,96.2,EXPRESSED
CCDC59,82.67,96.2,EXPRESSED
AKAP12,82.42,96.2,EXPRESSED
PAFAH1B2,82.29,96.2,EXPRESSED
RALGAPA1,82.23,96.2,EXPRESSED
ANKRA2,82.2,96.2,EXPRESSED
AXL,82.12,96.1,EXPRESSED
VEZT,82.04,96.1,EXPRESSED
NIBAN2,82.03,96.1,EXPRESSED
SUCLG2,82.0,96.1,EXPRESSED
SLC35A5,81.98,96.1,EXPRESSED
TLR4,81.95,96.1,EXPRESSED
FAM171B,81.67,96.1,EXPRESSED
ZNF510,81.6,96.1,EXPRESSED
TMEM183A,81.47,96.1,EXPRESSED
TMEM167B,81.27,96.1,EXPRESSED
ITSN2,81.27,96.1,EXPRESSED
FOLR2,81.21,96.1,EXPRESSED
MAP3K7,81.17,96.1,EXPRESSED
SFSWAP,81.08,96.1,EXPRESSED
SPG11,81.08,96.1,EXPRESSED
IRS1,81.04,96.1,EXPRESSED
SNTB2,81.03,96.1,EXPRESSED
TBC1D5,80.82,96.1,EXPRESSED
SLC26A2,80.79,96.1,EXPRESSED
ZBTB33,80.79,96.1,EXPRESSED
GNAI2,80.77,96.1,EXPRESSED
GLB1,80.77,96.1,EXPRESSED
SELENOI,80.74,96.1,EXPRESSED
CCPG1,80.72,96.1,EXPRESSED
BCL2L2,80.68,96.1,EXPRESSED
BTBD10,80.56,96.1,EXPRESSED
KCNAB1,80.44,96.1,EXPRESSED
GTF3C3,80.44,96.1,EXPRESSED
SDF4,80.16,96.0,EXPRESSED
SCCPDH,80.11,96.0,EXPRESSED
CDC42EP1,80.05,96.0,EXPRESSED
CEP95,80.02,96.0,EXPRESSED
GBA1,79.89,96.0,EXPRESSED
SEC22C,79.82,96.0,EXPRESSED
BLVRB,79.7,96.0,EXPRESSED
METTL9,79.68,96.0,EXPRESSED
COG3,79.52,96.0,EXPRESSED
FGFR1,79.44,96.0,EXPRESSED
TRPA1,79.4,96.0,EXPRESSED
ORMDL1,79.35,96.0,EXPRESSED
ZEB2,79.32,96.0,EXPRESSED
RSBN1L,79.32,96.0,EXPRESSED
CYP2U1,79.29,96.0,EXPRESSED
CD302,79.19,96.0,EXPRESSED
GDI1,79.11,96.0,EXPRESSED
TYW1B,79.07,96.0,EXPRESSED
ATP13A3,78.95,96.0,EXPRESSED
CASP7,78.8,96.0,EXPRESSED
SLMAP,78.77,96.0,EXPRESSED
MELK,78.74,96.0,EXPRESSED
SLC15A4,78.59,96.0,EXPRESSED
APCDD1,78.52,96.0,EXPRESSED
ABHD2,78.2,96.0,EXPRESSED
OTULIN,78.14,96.0,EXPRESSED
MBOAT2,78.09,95.9,EXPRESSED
ERP29,77.98,95.9,EXPRESSED
LHFPL6,77.97,95.9,EXPRESSED
INSIG1,77.95,95.9,EXPRESSED
MAP7D3,77.94,95.9,EXPRESSED
MEGF10,77.86,95.9,EXPRESSED
XIAP,77.81,95.9,EXPRESSED
LASP1,77.8,95.9,EXPRESSED
SLC9A9,77.73,95.9,EXPRESSED
UBE3A,77.72,95.9,EXPRESSED
SLC66A3,77.69,95.9,EXPRESSED
KDELR1,77.68,95.9,EXPRESSED
SLCO2B1,77.63,95.9,EXPRESSED
GNE,77.53,95.9,EXPRESSED
PTPN1,77.48,95.9,EXPRESSED
OR52B6,77.46,95.9,EXPRESSED
GPBP1L1,77.28,95.9,EXPRESSED
ERGIC3,77.14,95.9,EXPRESSED
F2R,77.04,95.9,EXPRESSED
TTC13,76.91,95.9,EXPRESSED
NRAS,76.9,95.9,EXPRESSED
MGAT5,76.83,95.9,EXPRESSED
ARHGEF11,76.7,95.9,EXPRESSED
WDR6,76.67,95.9,EXPRESSED
RIC1,76.59,95.9,EXPRESSED
ABHD13,76.5,95.8,EXPRESSED
PEX2,76.48,95.8,EXPRESSED
ADD1,76.46,95.8,EXPRESSED
FSCN1,76.46,95.8,EXPRESSED
HGSNAT,76.26,95.8,EXPRESSED
PLBD1,76.23,95.8,EXPRESSED
SEC61A1,76.17,95.8,EXPRESSED
CDS2,75.94,95.8,EXPRESSED
TOPBP1,75.82,95.8,EXPRESSED
SLC25A46,75.8,95.8,EXPRESSED
ENO2,75.72,95.8,EXPRESSED
NF2,75.69,95.8,EXPRESSED
ZYX,75.69,95.8,EXPRESSED
THBS2,75.56,95.8,EXPRESSED
EI24,75.4,95.8,EXPRESSED
GLUL,75.39,95.8,EXPRESSED
ITGB2,75.34,95.8,EXPRESSED
CTSA,75.27,95.8,EXPRESSED
CCDC88A,75.24,95.8,EXPRESSED
PAPOLG,74.92,95.8,EXPRESSED
DIPK1A,74.9,95.8,EXPRESSED
NUP98,74.88,95.8,EXPRESSED
LUZP1,74.73,95.8,EXPRESSED
PDE4D,74.67,95.7,EXPRESSED
CFL1,74.59,95.7,EXPRESSED
HERC2,74.55,95.7,EXPRESSED
ALG2,74.54,95.7,EXPRESSED
NPIPB5,74.45,95.7,EXPRESSED
ACSL3,74.43,95.7,EXPRESSED
CEP170,74.4,95.7,EXPRESSED
RETREG3,74.38,95.7,EXPRESSED
PBXIP1,74.27,95.7,EXPRESSED
SLC16A1,74.16,95.7,EXPRESSED
EVA1A,74.11,95.7,EXPRESSED
PIGM,74.01,95.7,EXPRESSED
CDH5,74.0,95.7,EXPRESSED
FUT8,73.89,95.7,EXPRESSED
HLA-B,73.87,95.7,EXPRESSED
FOLH1,73.87,95.7,EXPRESSED
RELL1,73.85,95.7,EXPRESSED
FURIN,73.81,95.7,EXPRESSED
S1PR3,73.73,95.7,EXPRESSED
RPGR,73.73,95.7,EXPRESSED
NID2,73.63,95.7,EXPRESSED
CIAO2A,73.58,95.7,EXPRESSED
TM9SF4,73.55,95.7,EXPRESSED
ARHGEF17,73.48,95.7,EXPRESSED
GXYLT1,73.46,95.7,EXPRESSED
PHTF2,73.38,95.7,EXPRESSED
NAA25,73.36,95.7,EXPRESSED
C1QBP,73.24,95.7,EXPRESSED
PPP1R18,73.23,95.7,EXPRESSED
EDNRB,73.07,95.6,EXPRESSED
LTN1,73.05,95.6,EXPRESSED
INTS14,73.04,95.6,EXPRESSED
RGP1,73.04,95.6,EXPRESSED
MARCHF1,73.01,95.6,EXPRESSED
ITFG1,72.9,95.6,EXPRESSED
NUMB,72.88,95.6,EXPRESSED
PCDHGB2,72.88,95.6,EXPRESSED
PLCG1,72.67,95.6,EXPRESSED
EFCAB14,72.66,95.6,EXPRESSED
PRTG,72.62,95.6,EXPRESSED
YIPF4,72.58,95.6,EXPRESSED
MYLK,72.57,95.6,EXPRESSED
TMEM9B,72.54,95.6,EXPRESSED
MEGF9,72.46,95.6,EXPRESSED
NBAS,72.43,95.6,EXPRESSED
FGFR2,72.35,95.6,EXPRESSED
VAPB,72.24,95.6,EXPRESSED
SLC35B2,72.15,95.6,EXPRESSED
KDR,72.12,95.6,EXPRESSED
ATG13,72.12,95.6,EXPRESSED
MPC1,72.07,95.6,EXPRESSED
SEC61B,72.05,95.6,EXPRESSED
DPY19L4,71.99,95.6,EXPRESSED
HTR1F,71.93,95.6,EXPRESSED
MFN1,71.81,95.6,EXPRESSED
CLMN,71.78,95.6,EXPRESSED
C6orf89,71.77,95.6,EXPRESSED
GULP1,71.75,95.6,EXPRESSED
SMG5,71.73,95.6,EXPRESSED
UBE2D3,71.68,95.5,EXPRESSED
TMEM97,71.61,95.5,EXPRESSED
SUSD6,71.53,95.5,EXPRESSED
CNTN1,71.52,95.5,EXPRESSED
DNAJB14,71.43,95.5,EXPRESSED
GM2A,71.4,95.5,EXPRESSED
ZNF433,71.35,95.5,EXPRESSED
PCDHB12,71.33,95.5,EXPRESSED
NTM,71.21,95.5,EXPRESSED
HACD2,71.17,95.5,EXPRESSED
TSC1,71.16,95.5,EXPRESSED
DCP1B,71.12,95.5,EXPRESSED
TRMT10B,70.98,95.5,EXPRESSED
IFITM2,70.93,95.5,EXPRESSED
KLHL5,70.89,95.5,EXPRESSED
TMEM106C,70.87,95.5,EXPRESSED
PLXNB1,70.8,95.5,EXPRESSED
TFRC,70.73,95.5,EXPRESSED
TAOK2,70.7,95.5,EXPRESSED
NINJ1,70.64,95.5,EXPRESSED
SLF2,70.55,95.5,EXPRESSED
DNAJC25,70.49,95.5,EXPRESSED
ATP10D,70.34,95.5,EXPRESSED
DDX60L,70.31,95.5,EXPRESSED
ABCD3,70.2,95.5,EXPRESSED
SLC2A3,70.2,95.5,EXPRESSED
NFX1,70.02,95.5,EXPRESSED
SPRED2,69.99,95.5,EXPRESSED
AGL,69.98,95.5,EXPRESSED
SPTSSA,69.82,95.4,EXPRESSED
FZD6,69.79,95.4,EXPRESSED
NRXN1,69.75,95.4,EXPRESSED
RGS3,69.48,95.4,EXPRESSED
PLPP5,69.43,95.4,EXPRESSED
MID1,69.37,95.4,EXPRESSED
STX2,69.34,95.4,EXPRESSED
ABCC4,69.32,95.4,EXPRESSED
AGA,69.31,95.4,EXPRESSED
RIOK2,69.28,95.4,EXPRESSED
COLGALT2,69.23,95.4,EXPRESSED
TIMM17A,69.2,95.4,EXPRESSED
STX10,69.18,95.4,EXPRESSED
CAV1,69.14,95.4,EXPRESSED
PARVA,69.05,95.4,EXPRESSED
ARHGAP42,68.96,95.4,EXPRESSED
TRIM44,68.93,95.4,EXPRESSED
NRN1,68.84,95.4,EXPRESSED
TMEM126B,68.83,95.4,EXPRESSED
TMED5,68.76,95.4,EXPRESSED
ATP1A1,68.72,95.4,EXPRESSED
SAMHD1,68.53,95.4,EXPRESSED
PCMT1,68.45,95.4,EXPRESSED
CUEDC2,68.41,95.4,EXPRESSED
LRP10,68.34,95.4,EXPRESSED
CD4,68.25,95.4,EXPRESSED
SLC11A2,68.22,95.4,EXPRESSED
HSPB1,68.21,95.4,EXPRESSED
ADSS2,68.16,95.3,EXPRESSED
B3GNT2,68.13,95.3,EXPRESSED
CRYBG3,68.1,95.3,EXPRESSED
CCBE1,67.94,95.3,EXPRESSED
DLG1,67.88,95.3,EXPRESSED
PLPPR4,67.88,95.3,EXPRESSED
ENC1,67.87,95.3,EXPRESSED
IGHA2,67.65,95.3,EXPRESSED
ITPRIPL2,67.61,95.3,EXPRESSED
EHBP1L1,67.49,95.3,EXPRESSED
FAIM,67.46,95.3,EXPRESSED
TMEM209,67.45,95.3,EXPRESSED
PI4KA,67.26,95.3,EXPRESSED
ST7,67.23,95.3,EXPRESSED
TMEM214,67.16,95.3,EXPRESSED
TM4SF1,67.08,95.3,EXPRESSED
SPIRE1,67.06,95.3,EXPRESSED
PCNX4,67.06,95.3,EXPRESSED
DAG1,66.91,95.3,EXPRESSED
SLC30A5,66.89,95.3,EXPRESSED
TMED4,66.77,95.3,EXPRESSED
PTRH2,66.76,95.3,EXPRESSED
METTL25,66.7,95.3,EXPRESSED
ALOX5AP,66.67,95.2,EXPRESSED
RETREG2,66.4,95.2,EXPRESSED
ATP6AP1,66.35,95.2,EXPRESSED
LMTK2,66.32,95.2,EXPRESSED
NPIPB12,66.29,95.2,EXPRESSED
LPCAT1,66.28,95.2,EXPRESSED
PODXL,66.26,95.2,EXPRESSED
KIF14,66.15,95.2,EXPRESSED
SLC2A10,66.11,95.2,EXPRESSED
FBXO38,65.82,95.2,EXPRESSED
TMEM127,65.71,95.2,EXPRESSED
PGD,65.58,95.2,EXPRESSED
PPP4R1,65.56,95.2,EXPRESSED
ACVR1,65.54,95.2,EXPRESSED
SLC25A3,65.52,95.2,EXPRESSED
TMEM64,65.51,95.2,EXPRESSED
KANSL2,65.5,95.2,EXPRESSED
MFF,65.46,95.2,EXPRESSED
CDC42EP4,65.42,95.2,EXPRESSED
SSR2,65.41,95.2,EXPRESSED
SLC19A2,65.4,95.2,EXPRESSED
LRRFIP1,65.38,95.2,EXPRESSED
FLT1,65.27,95.2,EXPRESSED
GLCCI1,65.25,95.2,EXPRESSED
ADAM12,65.14,95.2,EXPRESSED
RFLNB,65.13,95.2,EXPRESSED
PACSIN2,65.08,95.2,EXPRESSED
P4HA2,65.07,95.2,EXPRESSED
MMGT1,65.04,95.2,EXPRESSED
TRAM2,64.97,95.2,EXPRESSED
TMEM192,64.9,95.2,EXPRESSED
FKBP14,64.88,95.2,EXPRESSED
XPO6,64.87,95.1,EXPRESSED
IGKV3-20,64.73,95.1,EXPRESSED
PLCB4,64.73,95.1,EXPRESSED
TOR1B,64.7,95.1,EXPRESSED
CPVL,64.44,95.1,EXPRESSED
RHOT1,64.36,95.1,EXPRESSED
ITPRID2,64.36,95.1,EXPRESSED
PLXNA2,64.33,95.1,EXPRESSED
SUMF2,64.29,95.1,EXPRESSED
MIGA1,64.27,95.1,EXPRESSED
RNF114,64.21,95.1,EXPRESSED
CMTM3,64.21,95.1,EXPRESSED
TAS2R30,64.01,95.1,EXPRESSED
ACSL4,64.0,95.1,EXPRESSED
ACVR1B,63.96,95.1,EXPRESSED
BAX,63.93,95.1,EXPRESSED
MS4A4E,63.86,95.1,EXPRESSED
TMEM69,63.71,95.1,EXPRESSED
COLGALT1,63.59,95.1,EXPRESSED
ETNK1,63.51,95.1,EXPRESSED
SLC25A24,63.46,95.1,EXPRESSED
GALC,63.32,95.1,EXPRESSED
AGTPBP1,63.29,95.1,EXPRESSED
SELENOT,63.15,95.0,EXPRESSED
TOMM20,63.14,95.0,EXPRESSED
RNF217,63.06,95.0,EXPRESSED
GAPDH,62.79,95.0,EXPRESSED
AQR,62.78,95.0,EXPRESSED
SHOC1,62.76,95.0,EXPRESSED
TTLL5,62.73,95.0,EXPRESSED
TAS2R19,62.5,95.0,EXPRESSED
LETMD1,62.46,95.0,EXPRESSED
PLSCR4,62.38,95.0,EXPRESSED
VAMP5,62.37,95.0,EXPRESSED
C2orf69,62.3,95.0,EXPRESSED
ADAM22,61.91,95.0,EXPRESSED
SIRPA,61.85,95.0,EXPRESSED
RFTN2,61.8,95.0,EXPRESSED
MESD,61.79,95.0,EXPRESSED
GOSR1,61.77,95.0,EXPRESSED
PTPRB,61.68,95.0,EXPRESSED
VRK2,61.68,95.0,EXPRESSED
ADGRD1,61.62,95.0,EXPRESSED
EVC2,61.59,95.0,EXPRESSED
ATP8B1,61.59,95.0,EXPRESSED
PIGC,61.54,94.9,EXPRESSED
ABCA2,61.51,94.9,EXPRESSED
THOC1,61.34,94.9,EXPRESSED
ZNF10,61.33,94.9,EXPRESSED
WBP4,61.32,94.9,EXPRESSED
FAM76B,61.3,94.9,EXPRESSED
GRK3,61.3,94.9,EXPRESSED
TSPAN31,61.27,94.9,EXPRESSED
SLC2A13,61.21,94.9,EXPRESSED
MDM1,61.2,94.9,EXPRESSED
MS4A4A,61.18,94.9,EXPRESSED
HYCC1,61.12,94.9,EXPRESSED
PHF20L1,61.07,94.9,EXPRESSED
MARCHF5,61.02,94.9,EXPRESSED
AADAT,60.99,94.9,EXPRESSED
ANKLE2,60.98,94.9,EXPRESSED
APOL4,60.94,94.9,EXPRESSED
LMAN2,60.94,94.9,EXPRESSED
FAM210A,60.78,94.9,EXPRESSED
STX5,60.68,94.9,EXPRESSED
PEX11B,60.64,94.9,EXPRESSED
RAB23,60.61,94.9,EXPRESSED
TMEM50B,60.58,94.9,EXPRESSED
STIM2,60.53,94.9,EXPRESSED
RSPH3,60.47,94.9,EXPRESSED
SRPRB,60.41,94.9,EXPRESSED
MAT2B,60.35,94.9,EXPRESSED
HECTD4,60.21,94.9,EXPRESSED
C11orf24,60.1,94.9,EXPRESSED
GPR18,60.06,94.9,EXPRESSED
RAPGEF4,60.02,94.8,EXPRESSED
COX7B,59.88,94.8,EXPRESSED
EPHA3,59.8,94.8,EXPRESSED
GPR21,59.79,94.8,EXPRESSED
MAN2A1,59.69,94.8,EXPRESSED
ZDHHC7,59.69,94.8,EXPRESSED
AASDH,59.6,94.8,EXPRESSED
SDHB,59.54,94.8,EXPRESSED
ROR2,59.38,94.8,EXPRESSED
COQ2,59.37,94.8,EXPRESSED
CLK4,59.36,94.8,EXPRESSED
ATP6V1D,59.36,94.8,EXPRESSED
TYW3,59.33,94.8,EXPRESSED
FXYD5,59.28,94.8,EXPRESSED
UBA5,59.25,94.8,EXPRESSED
B3GLCT,59.17,94.8,EXPRESSED
TRIP6,59.16,94.8,EXPRESSED
ZDHHC5,59.15,94.8,EXPRESSED
TPBG,59.1,94.8,EXPRESSED
TRMT13,59.07,94.8,EXPRESSED
RNF19B,59.03,94.8,EXPRESSED
DNAJB12,58.85,94.8,EXPRESSED
MPV17,58.84,94.8,EXPRESSED
KDSR,58.81,94.8,EXPRESSED
SUMF1,58.72,94.8,EXPRESSED
HTT,58.67,94.7,EXPRESSED
FMNL2,58.67,94.7,EXPRESSED
ARHGAP17,58.67,94.7,EXPRESSED
TRIM38,58.38,94.7,EXPRESSED
BTNL8,58.13,94.7,EXPRESSED
CREB3,58.13,94.7,EXPRESSED
PCDHB14,58.03,94.7,EXPRESSED
RELCH,57.91,94.7,EXPRESSED
ABHD18,57.88,94.7,EXPRESSED
JUP,57.83,94.7,EXPRESSED
PSMC6,57.75,94.7,EXPRESSED
ZZEF1,57.73,94.7,EXPRESSED
CERCAM,57.72,94.7,EXPRESSED
SLC35D1,57.56,94.7,EXPRESSED
NFE2L2,57.45,94.7,EXPRESSED
ALDH6A1,57.39,94.7,EXPRESSED
SCD,57.33,94.7,EXPRESSED
OMG,57.23,94.6,EXPRESSED
SEMA3C,57.19,94.6,EXPRESSED
INTS1,56.81,94.6,EXPRESSED
FOLR1,56.79,94.6,EXPRESSED
TMEM267,56.69,94.6,EXPRESSED
PTPN4,56.61,94.6,EXPRESSED
LRP12,56.57,94.6,EXPRESSED
LCLAT1,56.57,94.6,EXPRESSED
IQGAP2,56.53,94.6,EXPRESSED
MYO1C,56.5,94.6,EXPRESSED
DOP1A,56.46,94.6,EXPRESSED
SPRYD3,56.39,94.6,EXPRESSED
ASH2L,56.38,94.6,EXPRESSED
RALGAPA2,56.33,94.6,EXPRESSED
PLD1,56.3,94.6,EXPRESSED
SLC4A4,56.23,94.6,EXPRESSED
SLC36A1,56.19,94.6,EXPRESSED
FNBP1,56.16,94.6,EXPRESSED
ACOT9,56.09,94.6,EXPRESSED
SVIL,56.0,94.5,EXPRESSED
GAB2,55.99,94.5,EXPRESSED
TLR2,55.97,94.5,EXPRESSED
ZMYM5,55.94,94.5,EXPRESSED
C5AR1,55.9,94.5,EXPRESSED
AKT3,55.9,94.5,EXPRESSED
DIS3L,55.88,94.5,EXPRESSED
STIP1,55.88,94.5,EXPRESSED
BCL2L13,55.78,94.5,EXPRESSED
PAWR,55.78,94.5,EXPRESSED
C3AR1,55.77,94.5,EXPRESSED
NDUFB4,55.77,94.5,EXPRESSED
CAVIN2,55.77,94.5,EXPRESSED
MRS2,55.76,94.5,EXPRESSED
CPE,55.73,94.5,EXPRESSED
HCFC2,55.65,94.5,EXPRESSED
ADAM28,55.65,94.5,EXPRESSED
PXDN,55.6,94.5,EXPRESSED
AGPAT2,55.55,94.5,EXPRESSED
ACSS1,55.54,94.5,EXPRESSED
PLXDC2,55.47,94.5,EXPRESSED
ATXN3,55.41,94.5,EXPRESSED
WDR11,55.32,94.5,EXPRESSED
PCDHB8,55.24,94.5,EXPRESSED
UBAC1,55.18,94.5,EXPRESSED
SETDB1,55.13,94.5,EXPRESSED
MIA2,55.06,94.5,EXPRESSED
ICMT,55.04,94.4,EXPRESSED
STEAP2,55.02,94.4,EXPRESSED
FBXL17,54.99,94.4,EXPRESSED
LRCH3,54.96,94.4,EXPRESSED
MARVELD1,54.96,94.4,EXPRESSED
EDA2R,54.92,94.4,EXPRESSED
B3GALT2,54.87,94.4,EXPRESSED
REPS1,54.87,94.4,EXPRESSED
CAV2,54.86,94.4,EXPRESSED
BMT2,54.85,94.4,EXPRESSED
ADGRA2,54.83,94.4,EXPRESSED
MLF2,54.78,94.4,EXPRESSED
CDH15,54.75,94.4,EXPRESSED
ARAF,54.64,94.4,EXPRESSED
GPR4,54.62,94.4,EXPRESSED
ARL6IP1,54.62,94.4,EXPRESSED
HYLS1,54.61,94.4,EXPRESSED
ZNF277,54.61,94.4,EXPRESSED
ADPGK,54.61,94.4,EXPRESSED
ATP6V1H,54.6,94.4,EXPRESSED
NDUFB11,54.58,94.4,EXPRESSED
RASGEF1B,54.58,94.4,EXPRESSED
LDLRAD3,54.58,94.4,EXPRESSED
SLC39A11,54.57,94.4,EXPRESSED
CYC1,54.4,94.4,EXPRESSED
LGALS8,54.34,94.4,EXPRESSED
SLC25A40,54.32,94.4,EXPRESSED
PDLIM1,54.3,94.4,EXPRESSED
CD58,54.23,94.4,EXPRESSED
MPHOSPH9,54.17,94.4,EXPRESSED
POFUT1,54.11,94.4,EXPRESSED
TBC1D19,54.03,94.4,EXPRESSED
LPIN1,54.02,94.4,EXPRESSED
CLIP2,53.97,94.3,EXPRESSED
PTCH1,53.96,94.3,EXPRESSED
HMOX1,53.88,94.3,EXPRESSED
CLPTM1,53.85,94.3,EXPRESSED
DNAJC14,53.84,94.3,EXPRESSED
FABP3,53.84,94.3,EXPRESSED
NGLY1,53.82,94.3,EXPRESSED
C1orf54,53.66,94.3,EXPRESSED
IL2RA,53.65,94.3,EXPRESSED
TMEM260,53.64,94.3,EXPRESSED
ITGA1,53.63,94.3,EXPRESSED
PCDHGB1,53.61,94.3,EXPRESSED
DZIP3,53.6,94.3,EXPRESSED
TM7SF3,53.59,94.3,EXPRESSED
SLC39A8,53.54,94.3,EXPRESSED
TMX2,53.48,94.3,EXPRESSED
GGT7,53.47,94.3,EXPRESSED
ADCY6,53.44,94.3,EXPRESSED
COPRS,53.42,94.3,EXPRESSED
SCAMP2,53.37,94.3,EXPRESSED
SSPN,53.35,94.3,EXPRESSED
MADD,53.33,94.3,EXPRESSED
PMEPA1,53.31,94.3,EXPRESSED
GALNT10,53.23,94.3,EXPRESSED
LBR,53.11,94.3,EXPRESSED
ABCC1,53.1,94.3,EXPRESSED
NIPA2,53.01,94.3,EXPRESSED
NFXL1,52.99,94.3,EXPRESSED
DYM,52.98,94.3,EXPRESSED
CDK16,52.95,94.3,EXPRESSED
SLC25A38,52.93,94.3,EXPRESSED
OMA1,52.8,94.3,EXPRESSED
ADAMTS1,52.77,94.2,EXPRESSED
SPRY1,52.72,94.2,EXPRESSED
SLC37A3,52.71,94.2,EXPRESSED
UBE2A,52.66,94.2,EXPRESSED
GNB4,52.61,94.2,EXPRESSED
SYK,52.55,94.2,EXPRESSED
GPR52,52.4,94.2,EXPRESSED
SMAD2,52.39,94.2,EXPRESSED
TEX261,52.36,94.2,EXPRESSED
OCIAD2,52.34,94.2,EXPRESSED
CYB5B,52.33,94.2,EXPRESSED
GPR82,52.33,94.2,EXPRESSED
ZNF717,52.29,94.2,EXPRESSED
SIK3,52.26,94.2,EXPRESSED
DHRS3,52.13,94.2,EXPRESSED
SHISA5,52.1,94.2,EXPRESSED
F3,52.06,94.2,EXPRESSED
TOR1AIP2,52.06,94.2,EXPRESSED
CLEC1A,52.0,94.2,EXPRESSED
MOSPD1,51.97,94.2,EXPRESSED
PTGIS,51.96,94.2,EXPRESSED
UST,51.86,94.2,EXPRESSED
LMBRD2,51.86,94.2,EXPRESSED
TAPBP,51.84,94.2,EXPRESSED
TXNDC11,51.78,94.2,EXPRESSED
WDR33,51.77,94.1,EXPRESSED
PHACTR2,51.75,94.1,EXPRESSED
TENM1,51.69,94.1,EXPRESSED
CRLF3,51.69,94.1,EXPRESSED
SLC35B3,51.69,94.1,EXPRESSED
ROBO2,51.69,94.1,EXPRESSED
EMP3,51.64,94.1,EXPRESSED
TAS2R31,51.6,94.1,EXPRESSED
TAPT1,51.5,94.1,EXPRESSED
PTK7,51.47,94.1,EXPRESSED
STOML2,51.46,94.1,EXPRESSED
DCAF17,51.39,94.1,EXPRESSED
CHIC1,51.37,94.1,EXPRESSED
FASN,51.36,94.1,EXPRESSED
CCDC15,51.29,94.1,EXPRESSED
CDK2,51.22,94.1,EXPRESSED
BZW2,51.19,94.1,EXPRESSED
GNG2,51.05,94.1,EXPRESSED
STIM1,51.04,94.1,EXPRESSED
CCDC28A,50.78,94.1,EXPRESSED
STX8,50.72,94.1,EXPRESSED
PKN1,50.71,94.1,EXPRESSED
P3H1,50.67,94.1,EXPRESSED
SMG6,50.63,94.1,EXPRESSED
TMEM60,50.46,94.1,EXPRESSED
HLA-DPB1,50.44,94.1,EXPRESSED
FMO3,50.43,94.1,EXPRESSED
ERMARD,50.4,94.0,EXPRESSED
GARS1,50.39,94.0,EXPRESSED
NDC1,50.39,94.0,EXPRESSED
ARMCX5,50.37,94.0,EXPRESSED
INPP5A,50.3,94.0,EXPRESSED
DOLK,50.28,94.0,EXPRESSED
ANO10,50.26,94.0,EXPRESSED
RASSF2,50.21,94.0,EXPRESSED
GPC1,50.21,94.0,EXPRESSED
SLC12A7,50.18,94.0,EXPRESSED
GPC6,50.03,94.0,EXPRESSED
VAMP8,50.01,94.0,EXPRESSED
SPI1,49.9,94.0,EXPRESSED
TFG,49.9,94.0,EXPRESSED
IKBIP,49.81,94.0,EXPRESSED
CEP55,49.8,94.0,EXPRESSED
NCKAP1,49.74,94.0,EXPRESSED
MANBAL,49.73,94.0,EXPRESSED
LNPK,49.7,94.0,EXPRESSED
LAMTOR1,49.69,94.0,EXPRESSED
IDH3G,49.64,94.0,EXPRESSED
MRPL44,49.61,94.0,EXPRESSED
ARMC10,49.58,94.0,EXPRESSED
ACP2,49.57,94.0,EXPRESSED
CLPTM1L,49.54,94.0,EXPRESSED
ZFP90,49.51,94.0,EXPRESSED
SLF1,49.5,94.0,EXPRESSED
TMCO3,49.49,94.0,EXPRESSED
SPRY2,49.48,94.0,EXPRESSED
LRRC59,49.45,94.0,EXPRESSED
HTATIP2,49.25,93.9,EXPRESSED
SIGMAR1,49.2,93.9,EXPRESSED
RNF180,49.17,93.9,EXPRESSED
DCBLD2,49.16,93.9,EXPRESSED
LPIN2,49.12,93.9,EXPRESSED
PCDHGB5,49.1,93.9,EXPRESSED
ABCA5,49.1,93.9,EXPRESSED
NCK1,49.09,93.9,EXPRESSED
NAB1,48.94,93.9,EXPRESSED
EPB41L3,48.93,93.9,EXPRESSED
PCDHB16,48.92,93.9,EXPRESSED
CXCL16,48.9,93.9,EXPRESSED
UBAC2,48.88,93.9,EXPRESSED
SLC16A7,48.8,93.9,EXPRESSED
HIGD2A,48.8,93.9,EXPRESSED
SGCD,48.76,93.9,EXPRESSED
SEC11C,48.54,93.9,EXPRESSED
ZNF503,48.53,93.9,EXPRESSED
CTSZ,48.52,93.9,EXPRESSED
FOCAD,48.37,93.9,EXPRESSED
BTN3A3,48.35,93.8,EXPRESSED
PRPS1,48.34,93.8,EXPRESSED
JAM2,48.33,93.8,EXPRESSED
SOCS5,48.3,93.8,EXPRESSED
SIL1,48.3,93.8,EXPRESSED
SELENON,48.28,93.8,EXPRESSED
ANKRD13A,48.27,93.8,EXPRESSED
FADS1,48.25,93.8,EXPRESSED
CANT1,48.23,93.8,EXPRESSED
RBL1,48.21,93.8,EXPRESSED
MBTPS2,48.19,93.8,EXPRESSED
DBN1,48.09,93.8,EXPRESSED
SLC35B4,48.05,93.8,EXPRESSED
PTPN2,48.04,93.8,EXPRESSED
IGDCC4,47.97,93.8,EXPRESSED
ORC3,47.92,93.8,EXPRESSED
ADGRL4,47.77,93.8,EXPRESSED
STX17,47.76,93.8,EXPRESSED
CERS5,47.72,93.8,EXPRESSED
CHST15,47.69,93.8,EXPRESSED
PHACTR4,47.65,93.8,EXPRESSED
NDUFB3,47.63,93.8,EXPRESSED
NRCAM,47.62,93.8,EXPRESSED
HERC4,47.61,93.8,EXPRESSED
MARK3,47.56,93.8,EXPRESSED
ERMN,47.55,93.8,EXPRESSED
ULK4,47.5,93.8,EXPRESSED
CLCN5,47.49,93.8,EXPRESSED
FCGRT,47.45,93.8,EXPRESSED
DYNC1LI1,47.43,93.8,EXPRESSED
EMB,47.38,93.7,EXPRESSED
GABBR1,47.35,93.7,EXPRESSED
DPM3,47.27,93.7,EXPRESSED
WBP1L,47.16,93.7,EXPRESSED
THY1,47.1,93.7,EXPRESSED
RALBP1,47.05,93.7,EXPRESSED
MOSMO,46.98,93.7,EXPRESSED
PPIL3,46.92,93.7,EXPRESSED
HMGCS1,46.9,93.7,EXPRESSED
PTPRJ,46.9,93.7,EXPRESSED
ASAH1,46.86,93.7,EXPRESSED
SLC41A1,46.81,93.7,EXPRESSED
PRRG1,46.78,93.7,EXPRESSED
ARL14EP,46.76,93.7,EXPRESSED
RAPH1,46.73,93.7,EXPRESSED
LMF2,46.72,93.7,EXPRESSED
RETSAT,46.67,93.7,EXPRESSED
GUK1,46.66,93.7,EXPRESSED
OR13H1,46.66,93.7,EXPRESSED
JAKMIP2,46.65,93.7,EXPRESSED
INTS2,46.63,93.7,EXPRESSED
TTYH3,46.63,93.7,EXPRESSED
SIAE,46.61,93.7,EXPRESSED
C18orf21,46.58,93.7,EXPRESSED
SCARF2,46.47,93.6,EXPRESSED
PCDHGA5,46.45,93.6,EXPRESSED
EMP2,46.43,93.6,EXPRESSED
PCDHB3,46.42,93.6,EXPRESSED
SLC1A3,46.37,93.6,EXPRESSED
ST3GAL1,46.34,93.6,EXPRESSED
NAGA,46.33,93.6,EXPRESSED
NSFL1C,46.27,93.6,EXPRESSED
TGFA,46.25,93.6,EXPRESSED
STX7,46.24,93.6,EXPRESSED
MOSPD2,46.22,93.6,EXPRESSED
SPTLC2,46.16,93.6,EXPRESSED
PCDHGB3,45.99,93.6,EXPRESSED
RYR2,45.8,93.6,EXPRESSED
SEC61A2,45.8,93.6,EXPRESSED
TMUB1,45.76,93.6,EXPRESSED
NIPAL2,45.7,93.6,EXPRESSED
APH1A,45.66,93.6,EXPRESSED
PEX13,45.64,93.6,EXPRESSED
SLC12A6,45.64,93.6,EXPRESSED
DNASE2,45.6,93.6,EXPRESSED
CASK,45.58,93.6,EXPRESSED
PKP4,45.57,93.6,EXPRESSED
IFI6,45.57,93.6,EXPRESSED
TRPC1,45.46,93.5,EXPRESSED
UXS1,45.35,93.5,EXPRESSED
TMEM203,45.22,93.5,EXPRESSED
HPS3,45.19,93.5,EXPRESSED
GPAT4,45.17,93.5,EXPRESSED
NIPA1,45.16,93.5,EXPRESSED
IL4R,45.1,93.5,EXPRESSED
LRRN3,45.04,93.5,EXPRESSED
LRRC4,45.02,93.5,EXPRESSED
ABHD12,45.01,93.5,EXPRESSED
HEPH,44.96,93.5,EXPRESSED
STARD4,44.92,93.5,EXPRESSED
SLC44A5,44.82,93.5,EXPRESSED
NDUFS2,44.81,93.5,EXPRESSED
CD81,44.69,93.5,EXPRESSED
CERS2,44.63,93.5,EXPRESSED
FBH1,44.51,93.5,EXPRESSED
SNX9,44.42,93.5,EXPRESSED
CORO2B,44.41,93.5,EXPRESSED
ETAA1,44.4,93.5,EXPRESSED
COX14,44.38,93.5,EXPRESSED
LRRC8A,44.29,93.5,EXPRESSED
DBNL,44.25,93.5,EXPRESSED
TMCC1,44.23,93.4,EXPRESSED
SIPA1L1,44.2,93.4,EXPRESSED
ADAM19,44.17,93.4,EXPRESSED
C8orf33,44.17,93.4,EXPRESSED
SPPL3,44.17,93.4,EXPRESSED
MICA,44.17,93.4,EXPRESSED
DNAJC5,44.08,93.4,EXPRESSED
SDF2L1,44.07,93.4,EXPRESSED
UTP20,44.05,93.4,EXPRESSED
IGKV3-11,44.03,93.4,EXPRESSED
DERL1,44.0,93.4,EXPRESSED
PEX3,43.94,93.4,EXPRESSED
RECK,43.92,93.4,EXPRESSED
SSR4,43.91,93.4,EXPRESSED
NUDC,43.91,93.4,EXPRESSED
SMIM20,43.9,93.4,EXPRESSED
COA3,43.86,93.4,EXPRESSED
PDIA5,43.82,93.4,EXPRESSED
FKBP7,43.75,93.4,EXPRESSED
CHPF2,43.68,93.4,EXPRESSED
PCDHB6,43.67,93.4,EXPRESSED
RHBDD2,43.67,93.4,EXPRESSED
HLA-DMA,43.65,93.4,EXPRESSED
PLPP1,43.62,93.4,EXPRESSED
EHD4,43.59,93.4,EXPRESSED
PLEKHH2,43.59,93.4,EXPRESSED
CNST,43.52,93.4,EXPRESSED
LNX2,43.5,93.4,EXPRESSED
DONSON,43.48,93.4,EXPRESSED
PCDHB7,43.34,93.3,EXPRESSED
THAP4,43.29,93.3,EXPRESSED
SMCO4,43.19,93.3,EXPRESSED
SMAP1,43.19,93.3,EXPRESSED
ZDHHC16,43.16,93.3,EXPRESSED
CNTN4,43.1,93.3,EXPRESSED
TBC1D9B,43.09,93.3,EXPRESSED
CHST3,43.07,93.3,EXPRESSED
EFNA5,43.05,93.3,EXPRESSED
EIF2AK3,43.03,93.3,EXPRESSED
HINT1,43.03,93.3,EXPRESSED
AREL1,43.01,93.3,EXPRESSED
SLC9B2,42.96,93.3,EXPRESSED
SLC12A4,42.93,93.3,EXPRESSED
MYD88,42.9,93.3,EXPRESSED
MGST3,42.81,93.3,EXPRESSED
ZBTB11,42.76,93.3,EXPRESSED
HMGCR,42.74,93.3,EXPRESSED
TM2D1,42.72,93.3,EXPRESSED
VMA21,42.68,93.3,EXPRESSED
ACKR3,42.66,93.3,EXPRESSED
GSK3B,42.63,93.3,EXPRESSED
UQCRQ,42.58,93.3,EXPRESSED
C1orf162,42.56,93.3,EXPRESSED
TMEM204,42.42,93.3,EXPRESSED
FAP,42.37,93.3,EXPRESSED
PPFIA1,42.35,93.3,EXPRESSED
ARHGAP15,42.32,93.2,EXPRESSED
FMO4,42.32,93.2,EXPRESSED
SMIM19,42.3,93.2,EXPRESSED
NEK3,42.29,93.2,EXPRESSED
PCDHGB7,42.25,93.2,EXPRESSED
FUT11,42.24,93.2,EXPRESSED
CPPED1,42.23,93.2,EXPRESSED
SEPSECS,42.21,93.2,EXPRESSED
JAGN1,42.2,93.2,EXPRESSED
NEMP2,42.11,93.2,EXPRESSED
SGPL1,42.09,93.2,EXPRESSED
NPFFR2,42.09,93.2,EXPRESSED
TMEM220,42.08,93.2,EXPRESSED
PKIG,42.0,93.2,EXPRESSED
VPS50,41.98,93.2,EXPRESSED
TAS2R46,41.98,93.2,EXPRESSED
LARP4B,41.88,93.2,EXPRESSED
PARP6,41.87,93.2,EXPRESSED
CCDC66,41.87,93.2,EXPRESSED
BRAF,41.86,93.2,EXPRESSED
GPR135,41.79,93.2,EXPRESSED
TMEM181,41.74,93.2,EXPRESSED
ATP1B1,41.74,93.2,EXPRESSED
RNF121,41.72,93.2,EXPRESSED
CD44,41.71,93.2,EXPRESSED
TMEM45A,41.7,93.2,EXPRESSED
GAA,41.68,93.2,EXPRESSED
C14orf132,41.66,93.2,EXPRESSED
SLC29A1,41.66,93.2,EXPRESSED
NIBAN1,41.56,93.1,EXPRESSED
TATDN1,41.5,93.1,EXPRESSED
PMP22,41.48,93.1,EXPRESSED
EXOC3,41.43,93.1,EXPRESSED
SFXN1,41.41,93.1,EXPRESSED
LYN,41.34,93.1,EXPRESSED
SLC31A1,41.29,93.1,EXPRESSED
PALS1,41.25,93.1,EXPRESSED
SLC3A2,41.2,93.1,EXPRESSED
SIK2,41.14,93.1,EXPRESSED
TMEM14A,41.14,93.1,EXPRESSED
SLC36A4,41.07,93.1,EXPRESSED
BTRC,41.07,93.1,EXPRESSED
DGCR2,40.98,93.1,EXPRESSED
TMEM98,40.96,93.1,EXPRESSED
PSEN1,40.9,93.1,EXPRESSED
FZD7,40.87,93.1,EXPRESSED
NUP35,40.87,93.1,EXPRESSED
ERLEC1,40.81,93.0,EXPRESSED
TMEM19,40.8,93.0,EXPRESSED
SEMA4C,40.68,93.0,EXPRESSED
YIPF1,40.67,93.0,EXPRESSED
QSOX2,40.65,93.0,EXPRESSED
CLTB,40.64,93.0,EXPRESSED
LIPI,40.63,93.0,EXPRESSED
PTPN22,40.62,93.0,EXPRESSED
TAS2R13,40.58,93.0,EXPRESSED
SLC41A2,40.5,93.0,EXPRESSED
ADORA3,40.5,93.0,EXPRESSED
NPIPA5,40.45,93.0,EXPRESSED
ARMCX1,40.38,93.0,EXPRESSED
SCAMP1,40.38,93.0,EXPRESSED
TRABD,40.33,93.0,EXPRESSED
DCUN1D2,40.3,93.0,EXPRESSED
PCDHGA7,40.22,93.0,EXPRESSED
TBC1D2B,40.21,93.0,EXPRESSED
STMP1,40.21,93.0,EXPRESSED
GRAMD1B,40.14,93.0,EXPRESSED
ADCY9,40.13,93.0,EXPRESSED
UBE2C,40.11,93.0,EXPRESSED
ADGRE5,40.11,93.0,EXPRESSED
ZNF79,40.11,93.0,EXPRESSED
TMEM9,40.1,93.0,EXPRESSED
DENND5A,40.02,92.9,EXPRESSED
LRP5,40.02,92.9,EXPRESSED
SLC7A1,40.0,92.9,EXPRESSED
PIGW,39.97,92.9,EXPRESSED
CCR1,39.86,92.9,EXPRESSED
BFAR,39.86,92.9,EXPRESSED
TMEM63B,39.83,92.9,EXPRESSED
MAMDC2,39.79,92.9,EXPRESSED
PCDHB5,39.79,92.9,EXPRESSED
AMFR,39.76,92.9,EXPRESSED
CCNYL1,39.74,92.9,EXPRESSED
SORBS3,39.66,92.9,EXPRESSED
GPR176,39.64,92.9,EXPRESSED
NMT1,39.63,92.9,EXPRESSED
CMTR2,39.63,92.9,EXPRESSED
TOR3A,39.63,92.9,EXPRESSED
FGFRL1,39.57,92.9,EXPRESSED
PIP4P2,39.54,92.9,EXPRESSED
TPCN1,39.5,92.9,EXPRESSED
PPP1R3A,39.47,92.9,EXPRESSED
S1PR1,39.43,92.9,EXPRESSED
MTSS1,39.42,92.9,EXPRESSED
PTGFRN,39.41,92.9,EXPRESSED
ATP13A1,39.4,92.9,EXPRESSED
BET1L,39.37,92.9,EXPRESSED
TMEM184B,39.34,92.9,EXPRESSED
ATPSCKMT,39.29,92.9,EXPRESSED
PPP1CA,39.23,92.9,EXPRESSED
RER1,39.18,92.8,EXPRESSED
COX18,39.13,92.8,EXPRESSED
ARMCX2,39.12,92.8,EXPRESSED
FAM174A,39.11,92.8,EXPRESSED
PERP,38.99,92.8,EXPRESSED
NLGN4Y,38.98,92.8,EXPRESSED
SLC4A1AP,38.95,92.8,EXPRESSED
FLOT2,38.93,92.8,EXPRESSED
WDR86,38.91,92.8,EXPRESSED
SLC35A1,38.9,92.8,EXPRESSED
GPR180,38.86,92.8,EXPRESSED
ZSWIM1,38.85,92.8,EXPRESSED
SYNJ2BP,38.84,92.8,EXPRESSED
STEAP3,38.81,92.8,EXPRESSED
ARHGAP23,38.7,92.8,EXPRESSED
CAMLG,38.7,92.8,EXPRESSED
SAMD5,38.62,92.8,EXPRESSED
RNF103,38.6,92.8,EXPRESSED
TMEM87A,38.59,92.8,EXPRESSED
SIN3B,38.59,92.8,EXPRESSED
DXO,38.59,92.8,EXPRESSED
PLXNC1,38.56,92.8,EXPRESSED
FCGR2A,38.54,92.8,EXPRESSED
DCHS1,38.5,92.8,EXPRESSED
DOLPP1,38.47,92.8,EXPRESSED
SLC38A9,38.46,92.8,EXPRESSED
COX15,38.45,92.8,EXPRESSED
AKAP6,38.42,92.7,EXPRESSED
GPR158,38.41,92.7,EXPRESSED
EXOC7,38.41,92.7,EXPRESSED
EPSTI1,38.4,92.7,EXPRESSED
SLC25A43,38.39,92.7,EXPRESSED
ZSWIM8,38.39,92.7,EXPRESSED
TAS2R3,38.37,92.7,EXPRESSED
CALCRL,38.35,92.7,EXPRESSED
UQCC1,38.34,92.7,EXPRESSED
EDEM2,38.3,92.7,EXPRESSED
SLC7A8,38.29,92.7,EXPRESSED
ZNF227,38.29,92.7,EXPRESSED
IER3IP1,38.27,92.7,EXPRESSED
LENG1,38.22,92.7,EXPRESSED
NIF3L1,38.22,92.7,EXPRESSED
CD99L2,38.13,92.7,EXPRESSED
GPIHBP1,38.11,92.7,EXPRESSED
DIAPH3,38.03,92.7,EXPRESSED
FDFT1,38.03,92.7,EXPRESSED
LONRF1,38.01,92.7,EXPRESSED
ASTN1,38.0,92.7,EXPRESSED
PDIK1L,37.92,92.7,EXPRESSED
CNPY4,37.87,92.7,EXPRESSED
NCS1,37.83,92.7,EXPRESSED
EXTL2,37.79,92.7,EXPRESSED
PREB,37.65,92.7,EXPRESSED
SELENOS,37.65,92.7,EXPRESSED
TMEM242,37.64,92.7,EXPRESSED
SREBF2,37.62,92.7,EXPRESSED
CD320,37.61,92.6,EXPRESSED
ELAPOR2,37.61,92.6,EXPRESSED
ITGB3,37.58,92.6,EXPRESSED
MAPKAPK3,37.55,92.6,EXPRESSED
CD248,37.53,92.6,EXPRESSED
ALPL,37.48,92.6,EXPRESSED
ACBD5,37.42,92.6,EXPRESSED
MRPL58,37.41,92.6,EXPRESSED
HERC6,37.41,92.6,EXPRESSED
SLC22A15,37.39,92.6,EXPRESSED
INPP5F,37.38,92.6,EXPRESSED
SMO,37.38,92.6,EXPRESSED
LETM1,37.36,92.6,EXPRESSED
NOMO2,37.3,92.6,EXPRESSED
TMEM179B,37.3,92.6,EXPRESSED
ST3GAL6,37.3,92.6,EXPRESSED
ENDOD1,37.16,92.6,EXPRESSED
PEX11A,37.16,92.6,EXPRESSED
B3GNT9,37.14,92.6,EXPRESSED
TAS2R14,37.1,92.6,EXPRESSED
SLC25A23,37.05,92.6,EXPRESSED
PANX1,36.98,92.6,EXPRESSED
LEMD2,36.96,92.6,EXPRESSED
FRMD3,36.95,92.6,EXPRESSED
GPR108,36.93,92.6,EXPRESSED
PPP2R1B,36.92,92.6,EXPRESSED
POLE,36.92,92.6,EXPRESSED
PIGX,36.88,92.6,EXPRESSED
PRKCA,36.87,92.6,EXPRESSED
EVC,36.85,92.6,EXPRESSED
AGPAT1,36.84,92.6,EXPRESSED
AKAP1,36.84,92.6,EXPRESSED
EXD2,36.83,92.6,EXPRESSED
MYO5A,36.82,92.5,EXPRESSED
ARHGEF18,36.81,92.5,EXPRESSED
ATP5MC3,36.75,92.5,EXPRESSED
MOGS,36.74,92.5,EXPRESSED
DYSF,36.73,92.5,EXPRESSED
RHOJ,36.71,92.5,EXPRESSED
RAB8A,36.7,92.5,EXPRESSED
ZNF474,36.64,92.5,EXPRESSED
CSNK1D,36.64,92.5,EXPRESSED
NAGLU,36.62,92.5,EXPRESSED
ATR,36.61,92.5,EXPRESSED
VSIR,36.59,92.5,EXPRESSED
DAAM1,36.59,92.5,EXPRESSED
SC5D,36.57,92.5,EXPRESSED
NRM,36.55,92.5,EXPRESSED
TBC1D32,36.55,92.5,EXPRESSED
CLEC2D,36.52,92.5,EXPRESSED
TCIRG1,36.52,92.5,EXPRESSED
THAP12,36.51,92.5,EXPRESSED
ERGIC1,36.5,92.5,EXPRESSED
SERINC5,36.5,92.5,EXPRESSED
DNAJC15,36.48,92.5,EXPRESSED
ACKR4,36.47,92.5,EXPRESSED
CREB5,36.47,92.5,EXPRESSED
ERLIN2,36.46,92.5,EXPRESSED
SPAST,36.46,92.5,EXPRESSED
SELL,36.45,92.5,EXPRESSED
ARHGAP29,36.42,92.5,EXPRESSED
CYYR1,36.39,92.5,EXPRESSED
RMDN2,36.34,92.5,EXPRESSED
PIK3AP1,36.33,92.5,EXPRESSED
MGAT1,36.32,92.5,EXPRESSED
SLC5A12,36.32,92.5,EXPRESSED
SLC35F6,36.32,92.5,EXPRESSED
TSPAN7,36.28,92.4,EXPRESSED
FYB1,36.26,92.4,EXPRESSED
ABCC9,36.07,92.4,EXPRESSED
DENND1A,36.04,92.4,EXPRESSED
CNP,36.0,92.4,EXPRESSED
EIF2B2,35.96,92.4,EXPRESSED
KCNK1,35.94,92.4,EXPRESSED
ERCC6L2,35.93,92.4,EXPRESSED
TLCD5,35.9,92.4,EXPRESSED
ATP6V0B,35.88,92.4,EXPRESSED
BTN3A2,35.87,92.4,EXPRESSED
TBC1D20,35.85,92.4,EXPRESSED
TNKS1BP1,35.84,92.4,EXPRESSED
TMEM268,35.71,92.4,EXPRESSED
SNX19,35.71,92.4,EXPRESSED
CRCP,35.66,92.4,EXPRESSED
DFFA,35.63,92.4,EXPRESSED
IFNAR1,35.62,92.4,EXPRESSED
ATP5MGL,35.55,92.4,EXPRESSED
MR1,35.53,92.4,EXPRESSED
SNN,35.48,92.3,EXPRESSED
SAMSN1,35.48,92.3,EXPRESSED
PTPRC,35.46,92.3,EXPRESSED
GSTCD,35.46,92.3,EXPRESSED
ABCC5,35.41,92.3,EXPRESSED
NCLN,35.41,92.3,EXPRESSED
CISD1,35.4,92.3,EXPRESSED
TRMT1,35.38,92.3,EXPRESSED
PGS1,35.38,92.3,EXPRESSED
ARAP1,35.34,92.3,EXPRESSED
SFXN3,35.31,92.3,EXPRESSED
CCDC112,35.28,92.3,EXPRESSED
ELOVL4,35.27,92.3,EXPRESSED
IL3RA,35.27,92.3,EXPRESSED
NDUFC1,35.26,92.3,EXPRESSED
VAMP2,35.25,92.3,EXPRESSED
MAN2B1,35.23,92.3,EXPRESSED
CTSF,35.22,92.3,EXPRESSED
NCKAP1L,35.19,92.3,EXPRESSED
TM2D2,35.14,92.3,EXPRESSED
MTCH1,35.13,92.3,EXPRESSED
TLCD3A,35.1,92.3,EXPRESSED
DPY19L3,35.08,92.3,EXPRESSED
PIAS2,35.08,92.3,EXPRESSED
USP30,35.03,92.3,EXPRESSED
MED24,35.03,92.3,EXPRESSED
FAXDC2,35.03,92.3,EXPRESSED
CHST14,34.98,92.2,EXPRESSED
PSMD1,34.96,92.2,EXPRESSED
SNX16,34.96,92.2,EXPRESSED
SV2A,34.91,92.2,EXPRESSED
SNAP23,34.9,92.2,EXPRESSED
PGAP1,34.89,92.2,EXPRESSED
BMPR1A,34.89,92.2,EXPRESSED
SLC35E1,34.88,92.2,EXPRESSED
GLMP,34.87,92.2,EXPRESSED
COL5A3,34.84,92.2,EXPRESSED
RIPK1,34.8,92.2,EXPRESSED
NPC1,34.75,92.2,EXPRESSED
SUSD1,34.71,92.2,EXPRESSED
KIAA1958,34.68,92.2,EXPRESSED
WDHD1,34.67,92.2,EXPRESSED
MAP2,34.66,92.2,EXPRESSED
MAN1B1,34.66,92.2,EXPRESSED
BFSP1,34.65,92.2,EXPRESSED
TRPC4,34.64,92.2,EXPRESSED
ADAM20,34.61,92.2,EXPRESSED
RNF167,34.6,92.2,EXPRESSED
FAM234A,34.58,92.2,EXPRESSED
SPPL2A,34.58,92.2,EXPRESSED
CD160,34.42,92.2,EXPRESSED
RAD52,34.41,92.2,EXPRESSED
ZNF783,34.41,92.2,EXPRESSED
KNSTRN,34.38,92.2,EXPRESSED
BTN3A1,34.37,92.2,EXPRESSED
CMKLR1,34.27,92.1,EXPRESSED
NAALAD2,34.26,92.1,EXPRESSED
FGD1,34.25,92.1,EXPRESSED
CPEB3,34.24,92.1,EXPRESSED
SPATA6,34.22,92.1,EXPRESSED
PIK3IP1,34.22,92.1,EXPRESSED
NOTCH1,34.22,92.1,EXPRESSED
TNFRSF10D,34.21,92.1,EXPRESSED
ITSN1,34.2,92.1,EXPRESSED
TNFSF10,34.15,92.1,EXPRESSED
CUTA,34.13,92.1,EXPRESSED
CCDC97,34.11,92.1,EXPRESSED
AAK1,34.05,92.1,EXPRESSED
STX3,34.03,92.1,EXPRESSED
GALNT18,34.02,92.1,EXPRESSED
PSMC5,34.01,92.1,EXPRESSED
SLC25A28,33.99,92.1,EXPRESSED
MPP1,33.94,92.1,EXPRESSED
BEND6,33.93,92.1,EXPRESSED
CAMKK2,33.93,92.1,EXPRESSED
SIGLEC1,33.93,92.1,EXPRESSED
CHID1,33.91,92.1,EXPRESSED
NPL,33.91,92.1,EXPRESSED
IER3,33.9,92.1,EXPRESSED
LAYN,33.87,92.1,EXPRESSED
HSDL1,33.79,92.1,EXPRESSED
TEX2,33.77,92.1,EXPRESSED
AAMP,33.67,92.1,EXPRESSED
NPR2,33.66,92.1,EXPRESSED
ITGAM,33.65,92.0,EXPRESSED
TTN,33.63,92.0,EXPRESSED
C9orf72,33.62,92.0,EXPRESSED
SHARPIN,33.61,92.0,EXPRESSED
MAPK9,33.6,92.0,EXPRESSED
PAG1,33.59,92.0,EXPRESSED
PACC1,33.58,92.0,EXPRESSED
MMD,33.57,92.0,EXPRESSED
LYST,33.49,92.0,EXPRESSED
FAM234B,33.49,92.0,EXPRESSED
CD1D,33.48,92.0,EXPRESSED
FLVCR1,33.44,92.0,EXPRESSED
GRK4,33.42,92.0,EXPRESSED
TNFRSF1B,33.42,92.0,EXPRESSED
VANGL2,33.41,92.0,EXPRESSED
VPS35L,33.39,92.0,EXPRESSED
CLCN6,33.39,92.0,EXPRESSED
DAPK1,33.38,92.0,EXPRESSED
RAB3GAP2,33.33,92.0,EXPRESSED
MARCHF8,33.3,92.0,EXPRESSED
RNF148,33.19,92.0,EXPRESSED
FCGR3A,33.17,92.0,EXPRESSED
PIGT,33.15,92.0,EXPRESSED
PCDH12,33.14,92.0,EXPRESSED
ATP5MG,33.13,92.0,EXPRESSED
PIK3CG,33.09,92.0,EXPRESSED
GCC1,33.08,92.0,EXPRESSED
CALN1,33.08,92.0,EXPRESSED
ADK,33.07,91.9,EXPRESSED
SLC25A16,33.06,91.9,EXPRESSED
FLVCR2,33.05,91.9,EXPRESSED
STARD3NL,33.05,91.9,EXPRESSED
PCDHGA3,33.02,91.9,EXPRESSED
TAF1B,33.0,91.9,EXPRESSED
TANGO6,32.98,91.9,EXPRESSED
LMCD1,32.94,91.9,EXPRESSED
PLBD2,32.93,91.9,EXPRESSED
AFG3L2,32.91,91.9,EXPRESSED
H6PD,32.87,91.9,EXPRESSED
KCNJ3,32.85,91.9,EXPRESSED
PLA2R1,32.81,91.9,EXPRESSED
TBXA2R,32.73,91.9,EXPRESSED
UPF3A,32.71,91.9,EXPRESSED
SQLE,32.66,91.9,EXPRESSED
TMEM175,32.66,91.9,EXPRESSED
SMIM18,32.66,91.9,EXPRESSED
SMIM13,32.53,91.9,EXPRESSED
TMBIM1,32.47,91.9,EXPRESSED
CNIH4,32.39,91.8,EXPRESSED
MYO10,32.37,91.8,EXPRESSED
BCL2L1,32.35,91.8,EXPRESSED
SLC18B1,32.32,91.8,EXPRESSED
WDR13,32.31,91.8,EXPRESSED
RPGRIP1L,32.3,91.8,EXPRESSED
EDRF1,32.28,91.8,EXPRESSED
PIGG,32.27,91.8,EXPRESSED
LDB2,32.23,91.8,EXPRESSED
LDAH,32.19,91.8,EXPRESSED
MIEF1,32.13,91.8,EXPRESSED
MSMO1,32.13,91.8,EXPRESSED
FAM210B,32.09,91.8,EXPRESSED
ESAM,32.03,91.8,EXPRESSED
ACVR2A,32.02,91.8,EXPRESSED
IMMP2L,31.98,91.8,EXPRESSED
CD46,31.97,91.8,EXPRESSED
CPT1A,31.97,91.8,EXPRESSED
RHBDD1,31.96,91.8,EXPRESSED
SCAP,31.94,91.8,EXPRESSED
GALNT2,31.91,91.8,EXPRESSED
MAST2,31.82,91.8,EXPRESSED
FZD3,31.72,91.8,EXPRESSED
DENND4B,31.69,91.8,EXPRESSED
LMAN2L,31.67,91.8,EXPRESSED
TMEM170B,31.66,91.8,EXPRESSED
AMER1,31.65,91.8,EXPRESSED
ZNG1B,31.64,91.8,EXPRESSED
TMEM11,31.62,91.8,EXPRESSED
STRN4,31.55,91.8,EXPRESSED
MCTP1,31.54,91.8,EXPRESSED
MPG,31.44,91.7,EXPRESSED
SGMS1,31.44,91.7,EXPRESSED
ZNF397,31.4,91.7,EXPRESSED
SLC9A8,31.34,91.7,EXPRESSED
MICAL3,31.29,91.7,EXPRESSED
AUTS2,31.22,91.7,EXPRESSED
SSH1,31.22,91.7,EXPRESSED
IGSF21,31.17,91.7,EXPRESSED
TMEM70,31.16,91.7,EXPRESSED
WDR53,31.11,91.7,EXPRESSED
ACSS2,31.04,91.7,EXPRESSED
CD34,31.04,91.7,EXPRESSED
AXIN2,31.03,91.7,EXPRESSED
MKNK1,31.01,91.7,EXPRESSED
JPT2,31.0,91.7,EXPRESSED
GPR89B,30.95,91.7,EXPRESSED
MAK,30.95,91.7,EXPRESSED
SPATA31C2,30.92,91.7,EXPRESSED
LAIR1,30.89,91.7,EXPRESSED
NDUFB1,30.87,91.7,EXPRESSED
DPM2,30.83,91.6,EXPRESSED
GBP1,30.82,91.6,EXPRESSED
CSNK1E,30.81,91.6,EXPRESSED
SDF2,30.8,91.6,EXPRESSED
RAF1,30.77,91.6,EXPRESSED
ANKRD46,30.75,91.6,EXPRESSED
RASD1,30.72,91.6,EXPRESSED
IL1R2,30.71,91.6,EXPRESSED
STIL,30.71,91.6,EXPRESSED
MFSD8,30.67,91.6,EXPRESSED
USP19,30.66,91.6,EXPRESSED
SMIM3,30.63,91.6,EXPRESSED
STK10,30.63,91.6,EXPRESSED
PCDHGA6,30.58,91.6,EXPRESSED
ALG10,30.57,91.6,EXPRESSED
DPY19L1,30.57,91.6,EXPRESSED
RPL9,30.57,91.6,EXPRESSED
REEP4,30.56,91.6,EXPRESSED
DENND1B,30.53,91.6,EXPRESSED
SACM1L,30.52,91.6,EXPRESSED
DAPK3,30.51,91.6,EXPRESSED
TSSK4,30.5,91.6,EXPRESSED
SNRNP40,30.44,91.6,EXPRESSED
SFXN4,30.34,91.6,EXPRESSED
F2RL2,30.33,91.6,EXPRESSED
TGM2,30.33,91.6,EXPRESSED
TMEM140,30.33,91.6,EXPRESSED
GLRB,30.31,91.6,EXPRESSED
ADGRL1,30.27,91.5,EXPRESSED
PLEKHO2,30.26,91.5,EXPRESSED
NCAM2,30.26,91.5,EXPRESSED
BACE1,30.24,91.5,EXPRESSED
SHROOM2,30.24,91.5,EXPRESSED
TSPAN15,30.21,91.5,EXPRESSED
PHLDB1,30.19,91.5,EXPRESSED
ADGRL2,30.17,91.5,EXPRESSED
PLPPR1,30.1,91.5,EXPRESSED
RNF130,30.08,91.5,EXPRESSED
RNF133,30.04,91.5,EXPRESSED
PCDHGA9,30.01,91.5,EXPRESSED
HBEGF,29.97,91.5,EXPRESSED
UBE2D1,29.93,91.5,EXPRESSED
PHTF1,29.91,91.5,EXPRESSED
EMC1,29.89,91.5,EXPRESSED
ARHGAP24,29.88,91.5,EXPRESSED
EXT2,29.86,91.5,EXPRESSED
SURF1,29.86,91.5,EXPRESSED
IFITM1,29.82,91.5,EXPRESSED
CD86,29.78,91.5,EXPRESSED
TMEM219,29.77,91.5,EXPRESSED
PAQR3,29.74,91.5,EXPRESSED
SEL1L3,29.73,91.5,EXPRESSED
IRAK4,29.72,91.5,EXPRESSED
SPRY4,29.72,91.5,EXPRESSED
ANAPC1,29.65,91.5,EXPRESSED
KCNH8,29.62,91.5,EXPRESSED
RIC8A,29.61,91.4,EXPRESSED
UBA7,29.56,91.4,EXPRESSED
EFNB1,29.53,91.4,EXPRESSED
EPHB4,29.51,91.4,EXPRESSED
EIF5A,29.49,91.4,EXPRESSED
SLC38A10,29.47,91.4,EXPRESSED
CACHD1,29.47,91.4,EXPRESSED
TRAM1L1,29.47,91.4,EXPRESSED
TBXAS1,29.46,91.4,EXPRESSED
SEC22B,29.44,91.4,EXPRESSED
S100A9,29.42,91.4,EXPRESSED
DRAM1,29.42,91.4,EXPRESSED
MFSD11,29.38,91.4,EXPRESSED
TRIQK,29.37,91.4,EXPRESSED
DERL2,29.35,91.4,EXPRESSED
CUEDC1,29.35,91.4,EXPRESSED
PRAF2,29.35,91.4,EXPRESSED
ZDHHC9,29.34,91.4,EXPRESSED
LMBRD1,29.33,91.4,EXPRESSED
HAVCR2,29.33,91.4,EXPRESSED
TMEM44,29.31,91.4,EXPRESSED
PIGB,29.28,91.4,EXPRESSED
EGFR,29.26,91.4,EXPRESSED
CYFIP2,29.26,91.4,EXPRESSED
RMDN3,29.26,91.4,EXPRESSED
POR,29.24,91.4,EXPRESSED
MYCT1,29.21,91.4,EXPRESSED
SLC9A1,29.21,91.4,EXPRESSED
MT-ND4,29.2,91.4,EXPRESSED
ADGRG6,29.17,91.4,EXPRESSED
ENTPD7,29.09,91.3,EXPRESSED
IL10RA,29.05,91.3,EXPRESSED
ANKS1A,28.99,91.3,EXPRESSED
TCIM,28.97,91.3,EXPRESSED
THSD7A,28.92,91.3,EXPRESSED
SLC25A44,28.88,91.3,EXPRESSED
ARHGAP26,28.84,91.3,EXPRESSED
SAMD1,28.82,91.3,EXPRESSED
GPR75,28.8,91.3,EXPRESSED
TMEM65,28.78,91.3,EXPRESSED
LRRN1,28.75,91.3,EXPRESSED
KNTC1,28.74,91.3,EXPRESSED
JAM3,28.74,91.3,EXPRESSED
SLC20A2,28.73,91.3,EXPRESSED
FMR1NB,28.72,91.3,EXPRESSED
TMBIM4,28.72,91.3,EXPRESSED
ZDHHC6,28.7,91.3,EXPRESSED
TDG,28.68,91.3,EXPRESSED
RNF150,28.67,91.3,EXPRESSED
ERVFRD-1,28.67,91.3,EXPRESSED
CHL1,28.66,91.3,EXPRESSED
ZFYVE27,28.65,91.3,EXPRESSED
NDUFB2,28.64,91.3,EXPRESSED
NECTIN3,28.64,91.3,EXPRESSED
RPAP2,28.6,91.3,EXPRESSED
ANPEP,28.6,91.3,EXPRESSED
CRELD2,28.58,91.3,EXPRESSED
TRDN,28.57,91.3,EXPRESSED
GPR27,28.53,91.3,EXPRESSED
ATG7,28.52,91.3,EXPRESSED
ENPP4,28.48,91.2,EXPRESSED
SLC25A51,28.48,91.2,EXPRESSED
PCNX2,28.47,91.2,EXPRESSED
TMEM131L,28.44,91.2,EXPRESSED
LILRB4,28.44,91.2,EXPRESSED
ENPP1,28.43,91.2,EXPRESSED
KCNJ13,28.43,91.2,EXPRESSED
TPST2,28.35,91.2,EXPRESSED
IGSF3,28.34,91.2,EXPRESSED
ARHGEF40,28.34,91.2,EXPRESSED
PRKCE,28.28,91.2,EXPRESSED
SELENOK,28.28,91.2,EXPRESSED
TES,28.25,91.2,EXPRESSED
SYVN1,28.24,91.2,EXPRESSED
ASAP2,28.21,91.2,EXPRESSED
PCDHGB4,28.21,91.2,EXPRESSED
TENT4B,28.17,91.2,EXPRESSED
ARHGAP1,28.17,91.2,EXPRESSED
CRYAB,28.15,91.2,EXPRESSED
IGSF8,28.15,91.2,EXPRESSED
PLXNA1,28.11,91.2,EXPRESSED
LRFN5,28.11,91.2,EXPRESSED
CYB5R3,28.03,91.2,EXPRESSED
DVL1,28.02,91.2,EXPRESSED
EHD2,28.01,91.2,EXPRESSED
LRRC37A2,27.98,91.2,EXPRESSED
ATP7A,27.97,91.2,EXPRESSED
MEGF8,27.9,91.2,EXPRESSED
PCDHGA11,27.79,91.1,EXPRESSED
MFN2,27.78,91.1,EXPRESSED
WAS,27.76,91.1,EXPRESSED
PTPRE,27.76,91.1,EXPRESSED
PLCB1,27.72,91.1,EXPRESSED
TMEM14B,27.72,91.1,EXPRESSED
FAN1,27.71,91.1,EXPRESSED
PARM1,27.71,91.1,EXPRESSED
OR52N2,27.71,91.1,EXPRESSED
PHPT1,27.7,91.1,EXPRESSED
ZNF18,27.68,91.1,EXPRESSED
HMMR,27.67,91.1,EXPRESSED
LYPLA1,27.67,91.1,EXPRESSED
MT-ND1,27.61,91.1,EXPRESSED
ATP8B4,27.61,91.1,EXPRESSED
TMEM62,27.57,91.1,EXPRESSED
CNNM3,27.55,91.1,EXPRESSED
SLC38A6,27.54,91.1,EXPRESSED
SLC24A1,27.53,91.1,EXPRESSED
MYH11,27.52,91.1,EXPRESSED
SLC7A6,27.52,91.1,EXPRESSED
ZDHHC4,27.42,91.1,EXPRESSED
DGKH,27.4,91.1,EXPRESSED
ZNRF3,27.38,91.1,EXPRESSED
GRAMD2B,27.38,91.1,EXPRESSED
SLC38A1,27.38,91.1,EXPRESSED
DMAC1,27.37,91.1,EXPRESSED
IPCEF1,27.36,91.1,EXPRESSED
AQP1,27.3,91.0,EXPRESSED
TM6SF1,27.26,91.0,EXPRESSED
EPB41L5,27.23,91.0,EXPRESSED
ITGAX,27.22,91.0,EXPRESSED
SLC16A4,27.21,91.0,EXPRESSED
ZNF333,27.18,91.0,EXPRESSED
ZDHHC21,27.17,91.0,EXPRESSED
SCIN,27.15,91.0,EXPRESSED
ITGA9,27.15,91.0,EXPRESSED
CSNK1G1,27.14,91.0,EXPRESSED
ATRNL1,27.06,91.0,EXPRESSED
PTGDR,27.03,91.0,EXPRESSED
TMEM128,26.98,91.0,EXPRESSED
SDC1,26.97,91.0,EXPRESSED
TEK,26.93,91.0,EXPRESSED
MFSD6,26.91,91.0,EXPRESSED
HLA-DRB5,26.9,91.0,EXPRESSED
OR52N4,26.88,91.0,EXPRESSED
CLCN4,26.86,91.0,EXPRESSED
FAS,26.86,91.0,EXPRESSED
TMEM144,26.83,91.0,EXPRESSED
TMEM158,26.82,91.0,EXPRESSED
TMEM94,26.82,91.0,EXPRESSED
KLHL7,26.82,91.0,EXPRESSED
VCAM1,26.81,91.0,EXPRESSED
DNAJC16,26.8,91.0,EXPRESSED
FBXL2,26.8,90.9,EXPRESSED
PCSK5,26.78,90.9,EXPRESSED
MAP2K1,26.77,90.9,EXPRESSED
KCTD7,26.59,90.9,EXPRESSED
ACTR6,26.56,90.9,EXPRESSED
SEMA4D,26.52,90.9,EXPRESSED
NUDCD3,26.5,90.9,EXPRESSED
TMEM68,26.44,90.9,EXPRESSED
P3H4,26.43,90.9,EXPRESSED
USP21,26.42,90.9,EXPRESSED
NDUFA4,26.42,90.9,EXPRESSED
SCAMP3,26.4,90.9,EXPRESSED
AIG1,26.37,90.9,EXPRESSED
GLDN,26.35,90.9,EXPRESSED
LY6E,26.33,90.9,EXPRESSED
PAQR8,26.32,90.9,EXPRESSED
URGCP,26.31,90.9,EXPRESSED
CTDNEP1,26.31,90.9,EXPRESSED
GPAM,26.29,90.9,EXPRESSED
TAP1,26.29,90.9,EXPRESSED
CNNM4,26.25,90.9,EXPRESSED
DUS1L,26.25,90.8,EXPRESSED
PACS1,26.23,90.8,EXPRESSED
PIGP,26.23,90.8,EXPRESSED
STEAP1,26.19,90.8,EXPRESSED
SLC39A13,26.17,90.8,EXPRESSED
OR52E6,26.16,90.8,EXPRESSED
HMOX2,26.15,90.8,EXPRESSED
MARCHF9,26.14,90.8,EXPRESSED
MKKS,26.13,90.8,EXPRESSED
INTS12,26.13,90.8,EXPRESSED
TRAPPC13,26.1,90.8,EXPRESSED
TMEM161B,26.07,90.8,EXPRESSED
MT-ND6,26.0,90.8,EXPRESSED
NNAT,25.98,90.8,EXPRESSED
VTI1A,25.96,90.8,EXPRESSED
GPRC5B,25.96,90.8,EXPRESSED
AVL9,25.92,90.8,EXPRESSED
TMEM37,25.89,90.8,EXPRESSED
SYBU,25.89,90.8,EXPRESSED
MAP2K7,25.86,90.8,EXPRESSED
APBB1IP,25.82,90.7,EXPRESSED
MS4A14,25.78,90.7,EXPRESSED
APH1B,25.74,90.7,EXPRESSED
SEMA4B,25.74,90.7,EXPRESSED
TMPPE,25.72,90.7,EXPRESSED
TMEM182,25.72,90.7,EXPRESSED
AACS,25.64,90.7,EXPRESSED
TENM2,25.63,90.7,EXPRESSED
PCDHGA12,25.62,90.7,EXPRESSED
FBXO45,25.59,90.7,EXPRESSED
PARD6B,25.57,90.7,EXPRESSED
TMEM106A,25.56,90.7,EXPRESSED
SLC4A2,25.55,90.7,EXPRESSED
ELOVL6,25.5,90.7,EXPRESSED
ST7L,25.44,90.7,EXPRESSED
DMWD,25.35,90.7,EXPRESSED
ENTPD3,25.33,90.7,EXPRESSED
FHIP1B,25.31,90.7,EXPRESSED
RHOT2,25.19,90.6,EXPRESSED
TMEM135,25.16,90.6,EXPRESSED
SLC30A4,25.16,90.6,EXPRESSED
NOTCH4,25.06,90.6,EXPRESSED
EXTL3,25.06,90.6,EXPRESSED
SLC50A1,25.05,90.6,EXPRESSED
TMEM170A,25.04,90.6,EXPRESSED
GRIA4,25.03,90.6,EXPRESSED
ITPRIP,25.02,90.6,EXPRESSED
HFE,25.01,90.6,EXPRESSED
MAVS,25.01,90.6,EXPRESSED
CYTH4,24.99,90.6,EXPRESSED
TAS2R50,24.99,90.6,EXPRESSED
SLC27A3,24.99,90.6,EXPRESSED
QSOX1,24.96,90.6,EXPRESSED
SELENOM,24.94,90.6,EXPRESSED
RNF170,24.91,90.6,EXPRESSED
BTN2A2,24.91,90.6,EXPRESSED
PCDH1,24.8,90.6,EXPRESSED
AGRN,24.77,90.6,EXPRESSED
MFSD9,24.69,90.6,EXPRESSED
TMEM115,24.67,90.5,EXPRESSED
IGF2,24.56,90.5,EXPRESSED
IGSF11,24.54,90.5,EXPRESSED
BCL6B,24.53,90.5,EXPRESSED
PFDN1,24.48,90.5,EXPRESSED
GIPC1,24.48,90.5,EXPRESSED
TUB,24.43,90.5,EXPRESSED
CYP7B1,24.38,90.5,EXPRESSED
TDP1,24.37,90.5,EXPRESSED
MFSD5,24.36,90.5,EXPRESSED
MSRB2,24.34,90.5,EXPRESSED
ATP9B,24.32,90.5,EXPRESSED
PYGO2,24.3,90.5,EXPRESSED
IFRD2,24.29,90.5,EXPRESSED
NCKIPSD,24.28,90.5,EXPRESSED
RIC8B,24.26,90.5,EXPRESSED
ARRB2,24.24,90.5,EXPRESSED
TBC1D8,24.23,90.5,EXPRESSED
HUNK,24.21,90.5,EXPRESSED
RHBDF2,24.2,90.4,EXPRESSED
PLN,24.14,90.4,EXPRESSED
ERG28,24.14,90.4,EXPRESSED
FMO5,24.12,90.4,EXPRESSED
ABCC3,24.04,90.4,EXPRESSED
ATP5MF,24.03,90.4,EXPRESSED
SLC11A1,23.98,90.4,EXPRESSED
PTK2B,23.98,90.4,EXPRESSED
LMBR1L,23.96,90.4,EXPRESSED
SCRIB,23.95,90.4,EXPRESSED
TIMM21,23.89,90.4,EXPRESSED
MPDU1,23.88,90.4,EXPRESSED
SHANK3,23.88,90.4,EXPRESSED
TMEM243,23.88,90.4,EXPRESSED
POGLUT1,23.85,90.4,EXPRESSED
DHDDS,23.83,90.4,EXPRESSED
CLDN20,23.82,90.4,EXPRESSED
P2RY13,23.81,90.4,EXPRESSED
IFRD1,23.8,90.4,EXPRESSED
GJC1,23.8,90.4,EXPRESSED
GABRA3,23.8,90.4,EXPRESSED
LZTS2,23.79,90.4,EXPRESSED
GFOD1,23.79,90.4,EXPRESSED
SYMPK,23.78,90.3,EXPRESSED
SCUBE3,23.74,90.3,EXPRESSED
CCDC90B,23.71,90.3,EXPRESSED
TMEM230,23.71,90.3,EXPRESSED
ZDHHC13,23.71,90.3,EXPRESSED
SLC1A4,23.7,90.3,EXPRESSED
BCL2,23.67,90.3,EXPRESSED
PLD3,23.66,90.3,EXPRESSED
ART3,23.64,90.3,EXPRESSED
SDHD,23.63,90.3,EXPRESSED
IGHG3,23.62,90.3,EXPRESSED
CD72,23.61,90.3,EXPRESSED
APOL3,23.6,90.3,EXPRESSED
RNF166,23.57,90.3,EXPRESSED
SMG8,23.56,90.3,EXPRESSED
MRPL42,23.56,90.3,EXPRESSED
TREM2,23.55,90.3,EXPRESSED
RRM2,23.55,90.3,EXPRESSED
KITLG,23.5,90.3,EXPRESSED
SLC16A3,23.49,90.3,EXPRESSED
FKBP1A,23.49,90.3,EXPRESSED
ZNF571,23.48,90.3,EXPRESSED
CMTM7,23.47,90.3,EXPRESSED
BCAP31,23.47,90.3,EXPRESSED
PPP4C,23.46,90.3,EXPRESSED
PCDHGA2,23.46,90.3,EXPRESSED
PCDHGA10,23.43,90.3,EXPRESSED
GPR155,23.42,90.3,EXPRESSED
ADCK2,23.4,90.3,EXPRESSED
PAAF1,23.39,90.3,EXPRESSED
SLC23A1,23.37,90.3,EXPRESSED
MAN2A2,23.34,90.3,EXPRESSED
MLF1,23.32,90.3,EXPRESSED
SLC25A17,23.32,90.3,EXPRESSED
CLDN11,23.32,90.3,EXPRESSED
FPGS,23.31,90.2,EXPRESSED
MUSK,23.31,90.2,EXPRESSED
RTN3,23.3,90.2,EXPRESSED
PROCR,23.3,90.2,EXPRESSED
PIGU,23.28,90.2,EXPRESSED
USP20,23.27,90.2,EXPRESSED
NMT2,23.27,90.2,EXPRESSED
PGAP6,23.23,90.2,EXPRESSED
RPTOR,23.22,90.2,EXPRESSED
CABLES2,23.21,90.2,EXPRESSED
TNK2,23.21,90.2,EXPRESSED
CIB1,23.21,90.2,EXPRESSED
SREBF1,23.21,90.2,EXPRESSED
KIAA1328,23.18,90.2,EXPRESSED
BBOF1,23.16,90.2,EXPRESSED
EMC4,23.12,90.2,EXPRESSED
TMEM176B,23.12,90.2,EXPRESSED
CACNA2D1,23.11,90.2,EXPRESSED
PSKH1,23.1,90.2,EXPRESSED
SMYD4,23.09,90.2,EXPRESSED
PCDHB15,23.07,90.2,EXPRESSED
KANK1,23.06,90.2,EXPRESSED
FGD5,23.04,90.2,EXPRESSED
TTLL12,22.99,90.2,EXPRESSED
PCDHGB6,22.98,90.2,EXPRESSED
ME1,22.91,90.2,EXPRESSED
MAP3K12,22.89,90.2,EXPRESSED
BSDC1,22.87,90.2,EXPRESSED
SELPLG,22.82,90.2,EXPRESSED
RNF5,22.8,90.1,EXPRESSED
GRAMD4,22.79,90.1,EXPRESSED
CRYL1,22.78,90.1,EXPRESSED
CLSTN3,22.74,90.1,EXPRESSED
DLL4,22.74,90.1,EXPRESSED
PLPPR2,22.72,90.1,EXPRESSED
MFSD4B,22.72,90.1,EXPRESSED
RAD51B,22.71,90.1,EXPRESSED
NDRG2,22.68,90.1,EXPRESSED
SLC6A15,22.65,90.1,EXPRESSED
NSDHL,22.63,90.1,EXPRESSED
TSPAN9,22.61,90.1,EXPRESSED
FCGBP,22.61,90.1,EXPRESSED
ATP11A,22.61,90.1,EXPRESSED
PARD6G,22.58,90.1,EXPRESSED
KIAA2013,22.57,90.1,EXPRESSED
BET1,22.56,90.1,EXPRESSED
NELL2,22.56,90.1,EXPRESSED
CSAD,22.53,90.1,EXPRESSED
TIMM22,22.52,90.1,EXPRESSED
ATAT1,22.51,90.1,EXPRESSED
ARSB,22.5,90.1,EXPRESSED
PALMD,22.5,90.1,EXPRESSED
VANGL1,22.48,90.1,EXPRESSED
NPIPB3,22.46,90.1,EXPRESSED
IL17RA,22.41,90.1,EXPRESSED
THBD,22.38,90.1,EXPRESSED
AFAP1L2,22.37,90.0,EXPRESSED
COX8A,22.35,90.0,EXPRESSED
GLRX,22.35,90.0,EXPRESSED
CSMD3,22.32,90.0,EXPRESSED
ATP6V0A2,22.29,90.0,EXPRESSED
NECTIN2,22.23,90.0,EXPRESSED
AFG1L,22.21,90.0,EXPRESSED
LEPR,22.21,90.0,EXPRESSED
SUN2,22.16,90.0,EXPRESSED
DNAJB11,22.15,90.0,EXPRESSED
GPM6B,22.1,90.0,EXPRESSED
PEX12,22.08,90.0,EXPRESSED
C22orf39,21.99,90.0,EXPRESSED
TTC39C,21.99,90.0,EXPRESSED
PHEX,21.98,90.0,EXPRESSED
MICU3,21.86,90.0,EXPRESSED
POFUT2,21.86,90.0,EXPRESSED
GMIP,21.85,89.9,EXPRESSED
SLC27A4,21.76,89.9,EXPRESSED
TMUB2,21.73,89.9,EXPRESSED
GGH,21.72,89.9,EXPRESSED
ANKRD13B,21.69,89.9,EXPRESSED
LRRC8D,21.68,89.9,EXPRESSED
MT-CO1,21.67,89.9,EXPRESSED
FCGR2C,21.66,89.9,EXPRESSED
STXBP1,21.66,89.9,EXPRESSED
FITM2,21.64,89.9,EXPRESSED
SIPA1L3,21.62,89.9,EXPRESSED
MGST2,21.61,89.9,EXPRESSED
GPR22,21.61,89.9,EXPRESSED
ARMH4,21.58,89.9,EXPRESSED
ITGA7,21.56,89.9,EXPRESSED
EEF1AKMT1,21.54,89.9,EXPRESSED
STK40,21.53,89.9,EXPRESSED
CD300A,21.52,89.9,EXPRESSED
IL7R,21.51,89.9,EXPRESSED
PXYLP1,21.45,89.9,EXPRESSED
SIPA1,21.44,89.9,EXPRESSED
ZBTB8OS,21.43,89.9,EXPRESSED
HCK,21.42,89.9,EXPRESSED
MUL1,21.41,89.9,EXPRESSED
SLC16A9,21.35,89.8,EXPRESSED
TAPBPL,21.34,89.8,EXPRESSED
MCUB,21.34,89.8,EXPRESSED
MARCHF2,21.33,89.8,EXPRESSED
SLC25A14,21.31,89.8,EXPRESSED
DOCK8,21.3,89.8,EXPRESSED
CHST10,21.26,89.8,EXPRESSED
ELOVL1,21.22,89.8,EXPRESSED
GTSE1,21.2,89.8,EXPRESSED
TBCD,21.2,89.8,EXPRESSED
NUS1,21.18,89.8,EXPRESSED
DNAJA4,21.16,89.8,EXPRESSED
ERBB2,21.09,89.8,EXPRESSED
FZD4,21.08,89.8,EXPRESSED
MLKL,21.05,89.8,EXPRESSED
BRI3,21.01,89.8,EXPRESSED
CORO1B,21.01,89.8,EXPRESSED
TRPM6,21.0,89.8,EXPRESSED
KLC1,20.98,89.8,EXPRESSED
TCTA,20.97,89.8,EXPRESSED
DPCD,20.95,89.8,EXPRESSED
P3H3,20.94,89.8,EXPRESSED
KCNT2,20.9,89.8,EXPRESSED
CAMK2G,20.83,89.7,EXPRESSED
PTPRU,20.8,89.7,EXPRESSED
IL17RB,20.77,89.7,EXPRESSED
MT-ND5,20.77,89.7,EXPRESSED
SLC9A6,20.76,89.7,EXPRESSED
ENTPD1,20.76,89.7,EXPRESSED
PIEZO1,20.73,89.7,EXPRESSED
EEF1E1,20.72,89.7,EXPRESSED
SMDT1,20.7,89.7,EXPRESSED
CAMK1D,20.7,89.7,EXPRESSED
CLIC2,20.67,89.7,EXPRESSED
HPS4,20.65,89.7,EXPRESSED
B3GALNT2,20.64,89.7,EXPRESSED
KIT,20.63,89.7,EXPRESSED
ZDHHC3,20.62,89.7,EXPRESSED
LETM2,20.62,89.7,EXPRESSED
OGFOD3,20.61,89.7,EXPRESSED
HLA-F,20.61,89.7,EXPRESSED
CDC14B,20.6,89.7,EXPRESSED
STING1,20.58,89.7,EXPRESSED
CEPT1,20.58,89.7,EXPRESSED
KLRB1,20.57,89.7,EXPRESSED
FAM171A1,20.57,89.7,EXPRESSED
IGSF6,20.55,89.7,EXPRESSED
CTNND1,20.55,89.7,EXPRESSED
GGCX,20.54,89.7,EXPRESSED
SLC8B1,20.52,89.7,EXPRESSED
HLA-DOA,20.51,89.7,EXPRESSED
HLA-DQA2,20.51,89.7,EXPRESSED
ABCD4,20.47,89.7,EXPRESSED
VAMP1,20.47,89.7,EXPRESSED
CSF2RA,20.46,89.7,EXPRESSED
FADS3,20.46,89.7,EXPRESSED
ST6GALNAC4,20.43,89.7,EXPRESSED
LILRB5,20.42,89.7,EXPRESSED
SIRPB2,20.42,89.7,EXPRESSED
ALCAM,20.4,89.6,EXPRESSED
SEMA6D,20.38,89.6,EXPRESSED
MCOLN3,20.38,89.6,EXPRESSED
SLC10A3,20.37,89.6,EXPRESSED
SLC22A23,20.34,89.6,EXPRESSED
CDAN1,20.34,89.6,EXPRESSED
DCBLD1,20.3,89.6,EXPRESSED
BCS1L,20.29,89.6,EXPRESSED
FOXRED2,20.28,89.6,EXPRESSED
ALPK1,20.25,89.6,EXPRESSED
ERMP1,20.24,89.6,EXPRESSED
C6orf136,20.23,89.6,EXPRESSED
SMIM7,20.19,89.6,EXPRESSED
PRKCH,20.16,89.6,EXPRESSED
CNTRL,20.15,89.6,EXPRESSED
ALG10B,20.12,89.6,EXPRESSED
RUSF1,20.11,89.6,EXPRESSED
ARHGAP45,20.08,89.6,EXPRESSED
TSC2,20.06,89.6,EXPRESSED
BCAR1,20.06,89.6,EXPRESSED
ZDHHC14,20.03,89.6,EXPRESSED
GBGT1,20.02,89.6,EXPRESSED
FMO2,20.0,89.6,EXPRESSED
OR10A5,19.99,89.6,EXPRESSED
ABCB4,19.99,89.6,EXPRESSED
METTL21A,19.96,89.5,EXPRESSED
CSMD1,19.93,89.5,EXPRESSED
OR52E8,19.92,89.5,EXPRESSED
UQCR11,19.91,89.5,EXPRESSED
MICAL1,19.86,89.5,EXPRESSED
ACSM4,19.82,89.5,EXPRESSED
SGSH,19.77,89.5,EXPRESSED
CMTM4,19.76,89.5,EXPRESSED
TSPAN14,19.73,89.5,EXPRESSED
ORMDL2,19.71,89.5,EXPRESSED
B4GALT4,19.7,89.5,EXPRESSED
OR52E4,19.68,89.5,EXPRESSED
PGAM5,19.66,89.5,EXPRESSED
TMEM63A,19.65,89.5,EXPRESSED
SFT2D2,19.65,89.5,EXPRESSED
CLCN7,19.64,89.4,EXPRESSED
TICAM1,19.63,89.4,EXPRESSED
LZTS1,19.63,89.4,EXPRESSED
SEC22A,19.63,89.4,EXPRESSED
FRMD8,19.58,89.4,EXPRESSED
ADH1C,19.57,89.4,EXPRESSED
SMIM14,19.57,89.4,EXPRESSED
GPR153,19.56,89.4,EXPRESSED
SLC35A3,19.52,89.4,EXPRESSED
TTC33,19.51,89.4,EXPRESSED
SLC25A4,19.49,89.4,EXPRESSED
NPIPB4,19.47,89.4,EXPRESSED
CLCC1,19.45,89.4,EXPRESSED
OTULINL,19.44,89.4,EXPRESSED
UBE2QL1,19.44,89.4,EXPRESSED
ATG9A,19.44,89.4,EXPRESSED
SLC35C2,19.4,89.4,EXPRESSED
ADCK5,19.36,89.4,EXPRESSED
PIGA,19.36,89.4,EXPRESSED
FLT4,19.35,89.4,EXPRESSED
PIGS,19.34,89.4,EXPRESSED
CHST1,19.31,89.4,EXPRESSED
SYS1,19.29,89.4,EXPRESSED
PALD1,19.28,89.4,EXPRESSED
YOD1,19.28,89.4,EXPRESSED
DGAT1,19.24,89.4,EXPRESSED
GIMAP2,19.24,89.4,EXPRESSED
PIP4P1,19.23,89.4,EXPRESSED
TMCC3,19.22,89.4,EXPRESSED
CES2,19.18,89.3,EXPRESSED
WDR12,19.18,89.3,EXPRESSED
ADAMTS2,19.18,89.3,EXPRESSED
SLN,19.16,89.3,EXPRESSED
LPCAT2,19.16,89.3,EXPRESSED
ELP6,19.16,89.3,EXPRESSED
LRIG2,19.14,89.3,EXPRESSED
BNIP1,19.13,89.3,EXPRESSED
EFNB2,19.11,89.3,EXPRESSED
SOCS3,19.09,89.3,EXPRESSED
SLC25A30,19.07,89.3,EXPRESSED
COQ7,19.07,89.3,EXPRESSED
CYB5A,19.01,89.3,EXPRESSED
NOL6,19.0,89.3,EXPRESSED
COL4A5,18.99,89.3,EXPRESSED
TSPAN13,18.98,89.3,EXPRESSED
RHBDF1,18.97,89.3,EXPRESSED
WHRN,18.97,89.3,EXPRESSED
BNIP3,18.96,89.3,EXPRESSED
TMEM67,18.95,89.3,EXPRESSED
IL20RB,18.94,89.3,EXPRESSED
FAM174C,18.91,89.3,EXPRESSED
ICAM1,18.86,89.3,EXPRESSED
MYO3A,18.83,89.3,EXPRESSED
TMCO4,18.82,89.3,EXPRESSED
FICD,18.8,89.3,EXPRESSED
CDK5,18.79,89.3,EXPRESSED
PDZD11,18.79,89.2,EXPRESSED
ADRM1,18.79,89.2,EXPRESSED
SLC6A6,18.79,89.2,EXPRESSED
STAMBP,18.78,89.2,EXPRESSED
MUC19,18.76,89.2,EXPRESSED
ZDHHC8,18.75,89.2,EXPRESSED
GPI,18.75,89.2,EXPRESSED
KIAA0319L,18.73,89.2,EXPRESSED
AGER,18.72,89.2,EXPRESSED
UBXN8,18.71,89.2,EXPRESSED
NRP2,18.65,89.2,EXPRESSED
EMCN,18.65,89.2,EXPRESSED
TSHZ3,18.64,89.2,EXPRESSED
SNUPN,18.61,89.2,EXPRESSED
SLC2A12,18.59,89.2,EXPRESSED
TLR3,18.58,89.2,EXPRESSED
TMEM138,18.57,89.2,EXPRESSED
APOOL,18.55,89.2,EXPRESSED
CALHM2,18.53,89.2,EXPRESSED
ATP23,18.52,89.2,EXPRESSED
ERO1B,18.5,89.2,EXPRESSED
ACSS3,18.5,89.2,EXPRESSED
ACER3,18.48,89.2,EXPRESSED
GPR173,18.46,89.2,EXPRESSED
ACSL5,18.44,89.2,EXPRESSED
PRND,18.43,89.2,EXPRESSED
MIEN1,18.43,89.2,EXPRESSED
BCAR3,18.32,89.1,EXPRESSED
CYP2D6,18.32,89.1,EXPRESSED
SVEP1,18.31,89.1,EXPRESSED
LAT2,18.31,89.1,EXPRESSED
PPM1F,18.3,89.1,EXPRESSED
SLC38A7,18.3,89.1,EXPRESSED
PLCB2,18.29,89.1,EXPRESSED
ZNF816,18.28,89.1,EXPRESSED
FRRS1,18.25,89.1,EXPRESSED
DSC2,18.23,89.1,EXPRESSED
LRRC19,18.18,89.1,EXPRESSED
LRRC8C,18.17,89.1,EXPRESSED
GRID2,18.14,89.1,EXPRESSED
CCDC167,18.07,89.1,EXPRESSED
CIP2A,18.06,89.1,EXPRESSED
ENPP6,18.05,89.1,EXPRESSED
IL6R,18.04,89.1,EXPRESSED
NLGN2,18.01,89.1,EXPRESSED
EHD1,17.98,89.0,EXPRESSED
SIDT2,17.97,89.0,EXPRESSED
TAS2R5,17.96,89.0,EXPRESSED
CPOX,17.96,89.0,EXPRESSED
GSDMD,17.96,89.0,EXPRESSED
KCND2,17.95,89.0,EXPRESSED
OSTM1,17.87,89.0,EXPRESSED
CYB5D2,17.85,89.0,EXPRESSED
MOSPD3,17.81,89.0,EXPRESSED
KIAA1549,17.81,89.0,EXPRESSED
POMGNT1,17.8,89.0,EXPRESSED
SLC35A2,17.79,89.0,EXPRESSED
GNPTG,17.76,89.0,EXPRESSED
GPR160,17.73,89.0,EXPRESSED
DIP2A,17.69,89.0,EXPRESSED
ZNF229,17.68,89.0,EXPRESSED
GAL3ST4,17.68,89.0,EXPRESSED
IFI27,17.68,89.0,EXPRESSED
ZDHHC23,17.68,89.0,EXPRESSED
PCDHB9,17.66,89.0,EXPRESSED
C19orf18,17.66,89.0,EXPRESSED
RTP4,17.65,89.0,EXPRESSED
CLDN34,17.65,89.0,EXPRESSED
PCDH9,17.65,89.0,EXPRESSED
MAPKAPK5,17.62,88.9,EXPRESSED
ULBP2,17.59,88.9,EXPRESSED
NPR1,17.57,88.9,EXPRESSED
NPIPA1,17.56,88.9,EXPRESSED
ENTPD6,17.55,88.9,EXPRESSED
UBE2S,17.53,88.9,EXPRESSED
C6orf47,17.52,88.9,EXPRESSED
NPIPB11,17.5,88.9,EXPRESSED
TSPAN4,17.45,88.9,EXPRESSED
CFLAR,17.41,88.9,EXPRESSED
PISD,17.41,88.9,EXPRESSED
PLAUR,17.41,88.9,EXPRESSED
CDH6,17.41,88.9,EXPRESSED
UNC93B1,17.4,88.9,EXPRESSED
ABCD2,17.39,88.9,EXPRESSED
RMND1,17.38,88.9,EXPRESSED
OR52E5,17.35,88.9,EXPRESSED
ARHGEF26,17.32,88.9,EXPRESSED
SYNPO,17.31,88.9,EXPRESSED
PCNX3,17.28,88.8,EXPRESSED
ZNF598,17.28,88.8,EXPRESSED
ACACB,17.26,88.8,EXPRESSED
GRIK2,17.26,88.8,EXPRESSED
MCOLN1,17.24,88.8,EXPRESSED
NCEH1,17.24,88.8,EXPRESSED
SEMA6A,17.24,88.8,EXPRESSED
MATCAP2,17.23,88.8,EXPRESSED
STX4,17.23,88.8,EXPRESSED
RPAP1,17.19,88.8,EXPRESSED
ICA1,17.18,88.8,EXPRESSED
LDLR,17.17,88.8,EXPRESSED
WFS1,17.16,88.8,EXPRESSED
FKBP11,17.15,88.8,EXPRESSED
ALG6,17.14,88.8,EXPRESSED
UNG,17.1,88.8,EXPRESSED
MARK2,17.09,88.8,EXPRESSED
FABP5,17.08,88.8,EXPRESSED
SSBP2,17.07,88.8,EXPRESSED
SPTLC3,17.03,88.8,EXPRESSED
ABHD6,17.01,88.8,EXPRESSED
CCL5,17.0,88.8,EXPRESSED
CCDC141,16.99,88.8,EXPRESSED
SHISA4,16.96,88.8,EXPRESSED
TMEM208,16.96,88.7,EXPRESSED
ABCG2,16.95,88.7,EXPRESSED
TMEM223,16.93,88.7,EXPRESSED
SLC37A2,16.89,88.7,EXPRESSED
MFAP3L,16.89,88.7,EXPRESSED
MUC1,16.89,88.7,EXPRESSED
ZDHHC20,16.84,88.7,EXPRESSED
SLC25A39,16.82,88.7,EXPRESSED
MYADM,16.81,88.7,EXPRESSED
ZNF66,16.78,88.7,EXPRESSED
OR51Q1,16.76,88.7,EXPRESSED
PLXDC1,16.75,88.7,EXPRESSED
CD151,16.75,88.7,EXPRESSED
GCLM,16.74,88.7,EXPRESSED
CFAP418,16.74,88.7,EXPRESSED
KRBOX5,16.73,88.7,EXPRESSED
FSD1L,16.72,88.7,EXPRESSED
TNFRSF11A,16.72,88.7,EXPRESSED
GBP4,16.72,88.7,EXPRESSED
APOL6,16.71,88.7,EXPRESSED
ARID1B,16.71,88.7,EXPRESSED
RFT1,16.71,88.7,EXPRESSED
NUP88,16.69,88.7,EXPRESSED
SLCO6A1,16.68,88.7,EXPRESSED
C14orf93,16.67,88.7,EXPRESSED
TMEM104,16.66,88.6,EXPRESSED
CNPPD1,16.65,88.6,EXPRESSED
DEAF1,16.63,88.6,EXPRESSED
VASP,16.62,88.6,EXPRESSED
UNC5C,16.59,88.6,EXPRESSED
YIPF2,16.58,88.6,EXPRESSED
HEATR5A,16.54,88.6,EXPRESSED
SLC46A3,16.53,88.6,EXPRESSED
PDLIM4,16.51,88.6,EXPRESSED
SMAGP,16.5,88.6,EXPRESSED
FLAD1,16.48,88.6,EXPRESSED
ATXN7L3,16.47,88.6,EXPRESSED
PPT2,16.46,88.6,EXPRESSED
APBB1,16.45,88.6,EXPRESSED
EPHA5,16.44,88.6,EXPRESSED
CD83,16.44,88.6,EXPRESSED
TEX50,16.44,88.6,EXPRESSED
TM4SF18,16.42,88.6,EXPRESSED
OR1L4,16.4,88.6,EXPRESSED
TTC12,16.39,88.6,EXPRESSED
COASY,16.38,88.6,EXPRESSED
METTL25B,16.37,88.6,EXPRESSED
SLC25A11,16.37,88.6,EXPRESSED
SAYSD1,16.37,88.6,EXPRESSED
TMEM196,16.34,88.6,EXPRESSED
PKD1,16.33,88.6,EXPRESSED
RARRES1,16.32,88.6,EXPRESSED
SLC35G1,16.31,88.6,EXPRESSED
IFFO2,16.31,88.6,EXPRESSED
PGAP2,16.3,88.6,EXPRESSED
TSPAN5,16.29,88.5,EXPRESSED
ARSD,16.28,88.5,EXPRESSED
SLC43A1,16.28,88.5,EXPRESSED
CLN8,16.23,88.5,EXPRESSED
TMEM250,16.23,88.5,EXPRESSED
PI4K2A,16.19,88.5,EXPRESSED
UNC45A,16.18,88.5,EXPRESSED
CGRRF1,16.16,88.5,EXPRESSED
GALNT12,16.13,88.5,EXPRESSED
COA1,16.11,88.5,EXPRESSED
PLPP3,16.1,88.5,EXPRESSED
MTARC2,16.08,88.5,EXPRESSED
SMPD4,16.04,88.5,EXPRESSED
PCDHB4,16.03,88.5,EXPRESSED
ADCY3,16.03,88.5,EXPRESSED
MFSD12,16.01,88.5,EXPRESSED
CNTNAP1,16.01,88.5,EXPRESSED
PIGN,16.0,88.5,EXPRESSED
PNPLA6,15.99,88.5,EXPRESSED
SOX11,15.95,88.5,EXPRESSED
ANGEL1,15.95,88.5,EXPRESSED
P2RY12,15.93,88.5,EXPRESSED
ITGA8,15.92,88.5,EXPRESSED
SLC2A1,15.89,88.5,EXPRESSED
DEUP1,15.88,88.4,EXPRESSED
STK36,15.88,88.4,EXPRESSED
TRPV4,15.87,88.4,EXPRESSED
UBTD1,15.84,88.4,EXPRESSED
MT-CYB,15.83,88.4,EXPRESSED
HTRA2,15.8,88.4,EXPRESSED
LNX1,15.77,88.4,EXPRESSED
PTCHD4,15.74,88.4,EXPRESSED
TAP2,15.73,88.4,EXPRESSED
DAGLB,15.72,88.4,EXPRESSED
ZNF2,15.7,88.4,EXPRESSED
SCO1,15.69,88.4,EXPRESSED
ERF,15.69,88.4,EXPRESSED
ARHGEF1,15.69,88.4,EXPRESSED
LDLRAD4,15.69,88.4,EXPRESSED
CTNS,15.68,88.4,EXPRESSED
ZNF646,15.67,88.4,EXPRESSED
DNAJC30,15.63,88.4,EXPRESSED
ABHD3,15.62,88.4,EXPRESSED
TYRP1,15.61,88.4,EXPRESSED
SLC35E3,15.56,88.4,EXPRESSED
TNFRSF12A,15.55,88.4,EXPRESSED
POGLUT2,15.54,88.4,EXPRESSED
ARV1,15.54,88.3,EXPRESSED
TEC,15.51,88.3,EXPRESSED
LRRC8B,15.5,88.3,EXPRESSED
CLEC4E,15.5,88.3,EXPRESSED
ITPR1,15.48,88.3,EXPRESSED
AQP11,15.44,88.3,EXPRESSED
ANO8,15.44,88.3,EXPRESSED
SLC48A1,15.43,88.3,EXPRESSED
PSTPIP2,15.39,88.3,EXPRESSED
OR51B6,15.39,88.3,EXPRESSED
PLET1,15.37,88.3,EXPRESSED
TMEM129,15.37,88.3,EXPRESSED
TMEM237,15.36,88.3,EXPRESSED
LRRC37B,15.34,88.3,EXPRESSED
CACNA1E,15.34,88.3,EXPRESSED
SFT2D1,15.33,88.3,EXPRESSED
TLCD4,15.33,88.3,EXPRESSED
PCDH17,15.3,88.3,EXPRESSED
DENND3,15.29,88.3,EXPRESSED
SIGLEC10,15.27,88.3,EXPRESSED
ZNF839,15.26,88.3,EXPRESSED
IL1RAP,15.23,88.3,EXPRESSED
TCTN3,15.23,88.3,EXPRESSED
PLXNA3,15.22,88.3,EXPRESSED
FAM78A,15.2,88.3,EXPRESSED
GPR137C,15.2,88.3,EXPRESSED
SLC10A7,15.16,88.3,EXPRESSED
OR2D3,15.16,88.2,EXPRESSED
UBIAD1,15.14,88.2,EXPRESSED
SCAMP4,15.13,88.2,EXPRESSED
TMEM80,15.13,88.2,EXPRESSED
GRAMD1A,15.12,88.2,EXPRESSED
MLANA,15.11,88.2,EXPRESSED
NDFIP2,15.1,88.2,EXPRESSED
FUT4,15.1,88.2,EXPRESSED
B3GAT3,15.09,88.2,EXPRESSED
ADGRL3,15.08,88.2,EXPRESSED
DLG4,15.06,88.2,EXPRESSED
MAOA,15.05,88.2,EXPRESSED
GLIPR1L2,15.04,88.2,EXPRESSED
MT-ATP6,15.03,88.2,EXPRESSED
MT-ND2,15.02,88.2,EXPRESSED
SCNN1A,15.0,88.2,EXPRESSED
PLPP6,14.99,88.2,EXPRESSED
ADORA2B,14.98,88.2,EXPRESSED
TIE1,14.97,88.2,EXPRESSED
RDH10,14.97,88.2,EXPRESSED
PIGH,14.95,88.2,EXPRESSED
ST6GALNAC3,14.91,88.2,EXPRESSED
EFCAB2,14.91,88.2,EXPRESSED
SLC1A5,14.91,88.2,EXPRESSED
ZMYM6,14.89,88.2,EXPRESSED
ATP5MC1,14.89,88.2,EXPRESSED
PCDHGC4,14.88,88.2,EXPRESSED
CNPY2,14.86,88.1,EXPRESSED
GYPC,14.85,88.1,EXPRESSED
IKZF1,14.84,88.1,EXPRESSED
NRG4,14.83,88.1,EXPRESSED
JTB,14.83,88.1,EXPRESSED
SORL1,14.8,88.1,EXPRESSED
TMEM132A,14.79,88.1,EXPRESSED
TMEM101,14.78,88.1,EXPRESSED
IGKV3-15,14.76,88.1,EXPRESSED
BACE2,14.7,88.1,EXPRESSED
DISP1,14.7,88.1,EXPRESSED
CHPT1,14.69,88.1,EXPRESSED
CD209,14.69,88.1,EXPRESSED
SASH3,14.68,88.1,EXPRESSED
PGAP3,14.67,88.1,EXPRESSED
MTNR1B,14.67,88.1,EXPRESSED
SERAC1,14.66,88.1,EXPRESSED
FANCI,14.64,88.1,EXPRESSED
CGREF1,14.64,88.1,EXPRESSED
MPI,14.63,88.1,EXPRESSED
PPP1R16B,14.63,88.1,EXPRESSED
NDUFB6,14.63,88.1,EXPRESSED
LILRB2,14.61,88.1,EXPRESSED
KALRN,14.6,88.1,EXPRESSED
AVPI1,14.6,88.1,EXPRESSED
MTTP,14.59,88.1,EXPRESSED
FAM24B,14.58,88.1,EXPRESSED
HLA-DQA1,14.52,88.0,EXPRESSED
MILR1,14.52,88.0,EXPRESSED
PRCP,14.52,88.0,EXPRESSED
SEMA6B,14.52,88.0,EXPRESSED
ATP8A1,14.5,88.0,EXPRESSED
SLC10A1,14.49,88.0,EXPRESSED
S100A16,14.45,88.0,EXPRESSED
TMEM256,14.44,88.0,EXPRESSED
ADAMTSL2,14.44,88.0,EXPRESSED
CASKIN2,14.44,88.0,EXPRESSED
DSE,14.39,88.0,EXPRESSED
PCDHGA1,14.36,88.0,EXPRESSED
PLAAT3,14.36,88.0,EXPRESSED
COBL,14.31,88.0,EXPRESSED
ARHGAP19,14.29,88.0,EXPRESSED
DAPK2,14.25,88.0,EXPRESSED
CYTH2,14.23,88.0,EXPRESSED
GRAMD1C,14.21,88.0,EXPRESSED
CDH24,14.19,88.0,EXPRESSED
SLC25A2,14.18,88.0,EXPRESSED
COX6A1,14.17,87.9,EXPRESSED
GALNT14,14.16,87.9,EXPRESSED
PEDS1,14.16,87.9,EXPRESSED
TTYH2,14.15,87.9,EXPRESSED
MT-CO2,14.09,87.9,EXPRESSED
ETFDH,14.06,87.9,EXPRESSED
PEMT,14.06,87.9,EXPRESSED
GAS7,14.06,87.9,EXPRESSED
TRPM2,14.04,87.9,EXPRESSED
PTDSS2,14.03,87.9,EXPRESSED
TMEM218,14.03,87.9,EXPRESSED
NAAA,14.03,87.9,EXPRESSED
OR52H1,13.96,87.9,EXPRESSED
ADPRHL1,13.95,87.9,EXPRESSED
CYP20A1,13.95,87.9,EXPRESSED
BIN2,13.95,87.9,EXPRESSED
PCDHGA8,13.95,87.9,EXPRESSED
ATOX1,13.93,87.9,EXPRESSED
AMIGO2,13.92,87.9,EXPRESSED
TSPAN18,13.92,87.9,EXPRESSED
NME3,13.9,87.9,EXPRESSED
ROR1,13.89,87.9,EXPRESSED
TMEM51,13.86,87.8,EXPRESSED
CYP3A5,13.85,87.8,EXPRESSED
CDH19,13.85,87.8,EXPRESSED
TTC7B,13.84,87.8,EXPRESSED
FAM174B,13.83,87.8,EXPRESSED
HCAR1,13.83,87.8,EXPRESSED
MMP10,13.81,87.8,EXPRESSED
ELP5,13.77,87.8,EXPRESSED
FAM162A,13.77,87.8,EXPRESSED
KCNH5,13.77,87.8,EXPRESSED
CX3CL1,13.74,87.8,EXPRESSED
KREMEN1,13.74,87.8,EXPRESSED
CMTM8,13.72,87.8,EXPRESSED
USE1,13.71,87.8,EXPRESSED
CRTC1,13.7,87.8,EXPRESSED
DNAJC11,13.7,87.8,EXPRESSED
MICAL2,13.69,87.8,EXPRESSED
PCBD2,13.68,87.8,EXPRESSED
BTBD18,13.67,87.8,EXPRESSED
NSG1,13.67,87.8,EXPRESSED
PDE4A,13.65,87.8,EXPRESSED
MANEA,13.64,87.8,EXPRESSED
SLC16A10,13.64,87.8,EXPRESSED
CLEC5A,13.64,87.8,EXPRESSED
ANO1,13.63,87.8,EXPRESSED
KCNE4,13.6,87.8,EXPRESSED
EPB41L4B,13.58,87.8,EXPRESSED
TMEM81,13.56,87.8,EXPRESSED
AKTIP,13.56,87.8,EXPRESSED
ADRB2,13.56,87.8,EXPRESSED
MBOAT1,13.55,87.7,EXPRESSED
KLHL6,13.55,87.7,EXPRESSED
SLC35B1,13.51,87.7,EXPRESSED
MCUR1,13.49,87.7,EXPRESSED
ABCB1,13.47,87.7,EXPRESSED
XKR9,13.45,87.7,EXPRESSED
ARL13A,13.45,87.7,EXPRESSED
NCKAP5,13.45,87.7,EXPRESSED
TLR1,13.44,87.7,EXPRESSED
CSF2RB,13.43,87.7,EXPRESSED
C17orf58,13.43,87.7,EXPRESSED
LRRC15,13.4,87.7,EXPRESSED
ATP13A2,13.39,87.7,EXPRESSED
ABCB10,13.38,87.7,EXPRESSED
TNFRSF17,13.35,87.7,EXPRESSED
ANK3,13.34,87.7,EXPRESSED
PLGRKT,13.34,87.7,EXPRESSED
SLC17A9,13.32,87.7,EXPRESSED
MPIG6B,13.29,87.7,EXPRESSED
NRSN2,13.29,87.7,EXPRESSED
LRRC45,13.29,87.7,EXPRESSED
HOMER3,13.29,87.7,EXPRESSED
FBLN7,13.28,87.7,EXPRESSED
ANKRD42,13.27,87.6,EXPRESSED
MAST3,13.26,87.6,EXPRESSED
MAP3K6,13.25,87.6,EXPRESSED
HSBP1,13.19,87.6,EXPRESSED
CARD19,13.19,87.6,EXPRESSED
ZFYVE28,13.18,87.6,EXPRESSED
SH3TC1,13.17,87.6,EXPRESSED
PARP16,13.12,87.6,EXPRESSED
STAMBPL1,13.11,87.6,EXPRESSED
TNFSF4,13.11,87.6,EXPRESSED
ST3GAL4,13.08,87.6,EXPRESSED
HTR2C,13.06,87.6,EXPRESSED
KCNQ3,13.05,87.6,EXPRESSED
GPSM2,13.05,87.6,EXPRESSED
SLC25A33,13.03,87.6,EXPRESSED
STXBP4,13.03,87.6,EXPRESSED
SLC35C1,13.03,87.6,EXPRESSED
CACNA1D,13.02,87.6,EXPRESSED
SMIM29,13.02,87.6,EXPRESSED
CTSC,13.0,87.6,EXPRESSED
ARHGEF28,12.98,87.6,EXPRESSED
UCP2,12.98,87.6,EXPRESSED
FPR1,12.98,87.6,EXPRESSED
LILRB3,12.97,87.6,EXPRESSED
PTAFR,12.97,87.6,EXPRESSED
LDAF1,12.95,87.5,EXPRESSED
MT-CO3,12.93,87.5,EXPRESSED
TBC1D7,12.93,87.5,EXPRESSED
CYP1B1,12.91,87.5,EXPRESSED
RAI2,12.9,87.5,EXPRESSED
NUP93,12.89,87.5,EXPRESSED
KCNA4,12.89,87.5,EXPRESSED
CTSH,12.88,87.5,EXPRESSED
MPZL2,12.83,87.5,EXPRESSED
RHBDD3,12.83,87.5,EXPRESSED
SPAG16,12.81,87.5,EXPRESSED
CREB3L4,12.8,87.5,EXPRESSED
ENOX2,12.78,87.5,EXPRESSED
SPAG4,12.78,87.5,EXPRESSED
PIGF,12.74,87.5,EXPRESSED
ADCY7,12.74,87.5,EXPRESSED
SLC22A17,12.74,87.5,EXPRESSED
HYAL2,12.73,87.5,EXPRESSED
GP1BA,12.73,87.5,EXPRESSED
CDH18,12.72,87.5,EXPRESSED
SYT1,12.71,87.5,EXPRESSED
TCTN2,12.68,87.5,EXPRESSED
SPIN3,12.68,87.5,EXPRESSED
SLC7A7,12.68,87.5,EXPRESSED
PLA2G6,12.67,87.5,EXPRESSED
COX7B2,12.65,87.5,EXPRESSED
CYBC1,12.64,87.5,EXPRESSED
TSPAN17,12.62,87.4,EXPRESSED
SMIM8,12.59,87.4,EXPRESSED
ALG5,12.57,87.4,EXPRESSED
FZD8,12.56,87.4,EXPRESSED
C2CD2L,12.56,87.4,EXPRESSED
ADGRE2,12.55,87.4,EXPRESSED
SLC43A3,12.53,87.4,EXPRESSED
RNF122,12.44,87.4,EXPRESSED
PRUNE2,12.43,87.4,EXPRESSED
SLC25A25,12.43,87.4,EXPRESSED
AVEN,12.43,87.4,EXPRESSED
OR52D1,12.34,87.4,EXPRESSED
STARD3,12.33,87.4,EXPRESSED
SLC25A20,12.32,87.4,EXPRESSED
CLDN15,12.31,87.4,EXPRESSED
DNPEP,12.25,87.3,EXPRESSED
ALDH3A2,12.24,87.3,EXPRESSED
BRS3,12.23,87.3,EXPRESSED
BTK,12.22,87.3,EXPRESSED
UBE2J2,12.22,87.3,EXPRESSED
SLC5A6,12.18,87.3,EXPRESSED
COX10,12.17,87.3,EXPRESSED
RASGRP1,12.16,87.3,EXPRESSED
GAS2L1,12.16,87.3,EXPRESSED
CNNM2,12.16,87.3,EXPRESSED
SLCO1B1,12.14,87.3,EXPRESSED
RPS10,12.12,87.3,EXPRESSED
SSH3,12.12,87.3,EXPRESSED
CNEP1R1,12.11,87.3,EXPRESSED
TMEM178A,12.1,87.3,EXPRESSED
ACSF3,12.06,87.3,EXPRESSED
HSD17B12,12.06,87.3,EXPRESSED
HRH1,12.03,87.3,EXPRESSED
ZFP41,11.97,87.3,EXPRESSED
SLCO1A2,11.96,87.3,EXPRESSED
ALG3,11.94,87.3,EXPRESSED
SIGLEC9,11.93,87.3,EXPRESSED
RASGRP2,11.93,87.2,EXPRESSED
B4GALT2,11.9,87.2,EXPRESSED
TM2D3,11.9,87.2,EXPRESSED
LY6H,11.89,87.2,EXPRESSED
LHCGR,11.88,87.2,EXPRESSED
MDGA2,11.88,87.2,EXPRESSED
TMEM205,11.87,87.2,EXPRESSED
NFE2L3,11.87,87.2,EXPRESSED
LRRC37A3,11.87,87.2,EXPRESSED
SRC,11.85,87.2,EXPRESSED
CYBA,11.84,87.2,EXPRESSED
SMCO2,11.84,87.2,EXPRESSED
PHLDB2,11.84,87.2,EXPRESSED
MCOLN2,11.84,87.2,EXPRESSED
CDHR5,11.83,87.2,EXPRESSED
ALG8,11.82,87.2,EXPRESSED
NETO2,11.81,87.2,EXPRESSED
ATP6V0A1,11.79,87.2,EXPRESSED
LMLN,11.79,87.2,EXPRESSED
ABCG1,11.73,87.2,EXPRESSED
TMEM86A,11.73,87.2,EXPRESSED
TCHP,11.73,87.2,EXPRESSED
GHDC,11.72,87.2,EXPRESSED
BRI3BP,11.71,87.2,EXPRESSED
SLC16A6,11.7,87.2,EXPRESSED
TMEM185B,11.69,87.2,EXPRESSED
DNAJC4,11.69,87.2,EXPRESSED
NMB,11.69,87.2,EXPRESSED
OR56B4,11.67,87.2,EXPRESSED
FNDC4,11.66,87.2,EXPRESSED
KCNE3,11.66,87.2,EXPRESSED
FAR2,11.63,87.2,EXPRESSED
BORCS5,11.6,87.1,EXPRESSED
DAPL1,11.59,87.1,EXPRESSED
SMPD2,11.59,87.1,EXPRESSED
DGKE,11.57,87.1,EXPRESSED
EFHC1,11.55,87.1,EXPRESSED
GJA4,11.52,87.1,EXPRESSED
OPHN1,11.51,87.1,EXPRESSED
POMGNT2,11.51,87.1,EXPRESSED
IRAG2,11.49,87.1,EXPRESSED
ADAM15,11.48,87.1,EXPRESSED
CLIP4,11.46,87.1,EXPRESSED
TAS2R39,11.45,87.1,EXPRESSED
MRPL55,11.44,87.1,EXPRESSED
EPB41L1,11.43,87.1,EXPRESSED
NRXN3,11.43,87.1,EXPRESSED
LRRTM2,11.42,87.1,EXPRESSED
STK16,11.4,87.1,EXPRESSED
NDUFB8,11.39,87.1,EXPRESSED
CLEC4A,11.38,87.1,EXPRESSED
LTB4R,11.37,87.1,EXPRESSED
RCCD1,11.36,87.0,EXPRESSED
CHRM2,11.35,87.0,EXPRESSED
NAIF1,11.34,87.0,EXPRESSED
SMIM26,11.33,87.0,EXPRESSED
TMEM216,11.32,87.0,EXPRESSED
TNFSF11,11.32,87.0,EXPRESSED
TMED3,11.32,87.0,EXPRESSED
DNAJC22,11.32,87.0,EXPRESSED
ACVRL1,11.31,87.0,EXPRESSED
TBC1D2,11.3,87.0,EXPRESSED
CROCC,11.3,87.0,EXPRESSED
IFI27L1,11.29,87.0,EXPRESSED
OAS3,11.28,87.0,EXPRESSED
OSBPL7,11.28,87.0,EXPRESSED
METTL2B,11.27,87.0,EXPRESSED
PEX16,11.27,87.0,EXPRESSED
ZSCAN22,11.26,87.0,EXPRESSED
DOK2,11.26,87.0,EXPRESSED
BOC,11.26,87.0,EXPRESSED
CDH8,11.25,87.0,EXPRESSED
PTGER4,11.24,87.0,EXPRESSED
TMEM161A,11.23,87.0,EXPRESSED
PARVB,11.22,87.0,EXPRESSED
TTI2,11.21,87.0,EXPRESSED
TMEM39B,11.2,87.0,EXPRESSED
OR10A4,11.2,87.0,EXPRESSED
TMEM222,11.19,87.0,EXPRESSED
THSD1,11.19,87.0,EXPRESSED
ILDR2,11.18,87.0,EXPRESSED
NCAM1,11.17,87.0,EXPRESSED
POMT2,11.14,87.0,EXPRESSED
JPH1,11.13,87.0,EXPRESSED
ERMAP,11.12,87.0,EXPRESSED
NUP210L,11.12,87.0,EXPRESSED
ADRA1A,11.11,87.0,EXPRESSED
AGMO,11.1,87.0,EXPRESSED
EPN1,11.1,87.0,EXPRESSED
PLEKHG3,11.1,87.0,EXPRESSED
HACD4,11.1,87.0,EXPRESSED
TLR8,11.02,86.9,EXPRESSED
TNFSF8,11.01,86.9,EXPRESSED
FBRSL1,11.0,86.9,EXPRESSED
WDFY4,11.0,86.9,EXPRESSED
TRBC2,10.99,86.9,EXPRESSED
NFAM1,10.97,86.9,EXPRESSED
PLA2G15,10.96,86.9,EXPRESSED
CDCA4,10.95,86.9,EXPRESSED
IFITM10,10.93,86.9,EXPRESSED
BCORL1,10.9,86.9,EXPRESSED
BRSK1,10.89,86.9,EXPRESSED
ZNG1A,10.89,86.9,EXPRESSED
PPIP5K1,10.89,86.9,EXPRESSED
TMEM147,10.88,86.9,EXPRESSED
TIMM17B,10.88,86.9,EXPRESSED
NDUFC2,10.86,86.9,EXPRESSED
TCEANC2,10.84,86.9,EXPRESSED
SLC66A2,10.81,86.9,EXPRESSED
SLC30A8,10.8,86.9,EXPRESSED
HTR2B,10.78,86.9,EXPRESSED
ST3GAL2,10.77,86.9,EXPRESSED
SECTM1,10.76,86.8,EXPRESSED
SLC6A8,10.76,86.8,EXPRESSED
TSPAN33,10.75,86.8,EXPRESSED
GIMAP1,10.73,86.8,EXPRESSED
DUS4L-BCAP29,10.73,86.8,EXPRESSED
CD28,10.71,86.8,EXPRESSED
CMKLR2,10.71,86.8,EXPRESSED
ST14,10.7,86.8,EXPRESSED
ITPRIPL1,10.69,86.8,EXPRESSED
TRIM36,10.68,86.8,EXPRESSED
PACSIN3,10.67,86.8,EXPRESSED
LRRC25,10.67,86.8,EXPRESSED
MAMDC4,10.66,86.8,EXPRESSED
GYPE,10.65,86.8,EXPRESSED
CD69,10.63,86.8,EXPRESSED
SLC35F2,10.6,86.8,EXPRESSED
KLB,10.58,86.8,EXPRESSED
HIP1R,10.57,86.8,EXPRESSED
ADAM21,10.56,86.8,EXPRESSED
SLCO5A1,10.56,86.8,EXPRESSED
SLC35D2,10.54,86.8,EXPRESSED
TMEM120A,10.54,86.8,EXPRESSED
YIF1A,10.53,86.8,EXPRESSED
ESPL1,10.53,86.7,EXPRESSED
BCAM,10.52,86.7,EXPRESSED
SLC66A1,10.5,86.7,EXPRESSED
SLC19A1,10.48,86.7,EXPRESSED
PEX14,10.47,86.7,EXPRESSED
POMT1,10.46,86.7,EXPRESSED
AKAP5,10.43,86.7,EXPRESSED
EPHB2,10.42,86.7,EXPRESSED
AGPAT4,10.42,86.7,EXPRESSED
PROSER2,10.38,86.7,EXPRESSED
TRAC,10.36,86.7,EXPRESSED
IQCE,10.36,86.7,EXPRESSED
CDIPT,10.36,86.7,EXPRESSED
P2RY14,10.35,86.7,EXPRESSED
BDNF,10.35,86.7,EXPRESSED
ENTREP1,10.34,86.7,EXPRESSED
DPP4,10.32,86.7,EXPRESSED
MFSD10,10.31,86.7,EXPRESSED
FAM72A,10.27,86.6,EXPRESSED
TRAF3IP2,10.26,86.6,EXPRESSED
ORAI2,10.26,86.6,EXPRESSED
ANO2,10.25,86.6,EXPRESSED
ARMCX6,10.24,86.6,EXPRESSED
SORBS1,10.22,86.6,EXPRESSED
MTM1,10.22,86.6,EXPRESSED
NDUFB5,10.2,86.6,EXPRESSED
DCLK1,10.17,86.6,EXPRESSED
HOXC11,10.14,86.6,EXPRESSED
ENTREP2,10.12,86.6,EXPRESSED
KLRF1,10.12,86.6,EXPRESSED
ASIC1,10.11,86.6,EXPRESSED
APOBR,10.11,86.6,EXPRESSED
SLC5A4,10.09,86.6,EXPRESSED
SLC27A1,10.09,86.6,EXPRESSED
TSNARE1,10.08,86.6,EXPRESSED
GRIA2,10.07,86.6,EXPRESSED
TSPAN11,10.06,86.6,EXPRESSED
DOK3,10.05,86.6,EXPRESSED
TMEM169,10.04,86.6,EXPRESSED
HEXA,10.04,86.6,EXPRESSED
MLIP,10.02,86.6,EXPRESSED
PRPH2,10.0,86.6,EXPRESSED
TMEM79,10.0,86.6,EXPRESSED
HM13,9.98,86.5,EXPRESSED
MANSC1,9.97,86.5,EXPRESSED
RTN1,9.97,86.5,EXPRESSED
TCAF2,9.96,86.5,EXPRESSED
PAQR6,9.95,86.5,EXPRESSED
NAP1L2,9.95,86.5,EXPRESSED
FAM72D,9.94,86.5,EXPRESSED
ADAMTSL4,9.94,86.5,EXPRESSED
SLC35G2,9.93,86.5,EXPRESSED
HAS3,9.92,86.5,EXPRESSED
VSTM4,9.89,86.5,EXPRESSED
TNFRSF14,9.88,86.5,EXPRESSED
GK,9.88,86.5,EXPRESSED
RGL4,9.85,86.5,EXPRESSED
CC2D1A,9.85,86.5,EXPRESSED
FGFR3,9.85,86.5,EXPRESSED
EVI5L,9.85,86.5,EXPRESSED
RRP12,9.85,86.5,EXPRESSED
RTN4RL1,9.83,86.5,EXPRESSED
PRXL2A,9.82,86.5,EXPRESSED
TVP23B,9.82,86.5,EXPRESSED
RAMP2,9.81,86.5,EXPRESSED
TNFSF13B,9.81,86.5,EXPRESSED
ACBD4,9.81,86.5,EXPRESSED
ALDH16A1,9.8,86.5,EXPRESSED
SLC25A26,9.79,86.5,EXPRESSED
EPOR,9.78,86.5,EXPRESSED
TMEM164,9.78,86.5,EXPRESSED
SMIM12,9.78,86.5,EXPRESSED
KMO,9.77,86.5,EXPRESSED
SCARB1,9.77,86.5,EXPRESSED
SIRT2,9.77,86.5,EXPRESSED
AMIGO1,9.76,86.5,EXPRESSED
SLC12A9,9.75,86.4,EXPRESSED
CD200R1,9.75,86.4,EXPRESSED
SPATA9,9.74,86.4,EXPRESSED
DSEL,9.7,86.4,EXPRESSED
MVD,9.7,86.4,EXPRESSED
RETREG1,9.69,86.4,EXPRESSED
IL18R1,9.68,86.4,EXPRESSED
ARSA,9.68,86.4,EXPRESSED
LINGO1,9.67,86.4,EXPRESSED
LPAR4,9.67,86.4,EXPRESSED
PTGS1,9.65,86.4,EXPRESSED
TLR7,9.63,86.4,EXPRESSED
PEX26,9.63,86.4,EXPRESSED
XYLT1,9.62,86.4,EXPRESSED
CCDC136,9.6,86.4,EXPRESSED
P2RX4,9.59,86.4,EXPRESSED
TMIGD3,9.55,86.4,EXPRESSED
EYS,9.5,86.4,EXPRESSED
OR56A5,9.48,86.3,EXPRESSED
PILRA,9.48,86.3,EXPRESSED
DMPK,9.45,86.3,EXPRESSED
CD2,9.45,86.3,EXPRESSED
DNAJC9,9.45,86.3,EXPRESSED
MYO5B,9.45,86.3,EXPRESSED
VOPP1,9.43,86.3,EXPRESSED
GCA,9.43,86.3,EXPRESSED
TCTN1,9.42,86.3,EXPRESSED
NDUFA3,9.41,86.3,EXPRESSED
SLC22A4,9.41,86.3,EXPRESSED
C3orf18,9.4,86.3,EXPRESSED
ANO4,9.4,86.3,EXPRESSED
GPRC6A,9.39,86.3,EXPRESSED
CLDN24,9.38,86.3,EXPRESSED
GPR171,9.37,86.3,EXPRESSED
FLACC1,9.37,86.3,EXPRESSED
ENTREP3,9.37,86.3,EXPRESSED
LRFN1,9.37,86.3,EXPRESSED
TECR,9.36,86.3,EXPRESSED
PLS1,9.36,86.3,EXPRESSED
PIGO,9.34,86.3,EXPRESSED
DCAKD,9.27,86.2,EXPRESSED
LOXHD1,9.26,86.2,EXPRESSED
GALNS,9.26,86.2,EXPRESSED
CADM4,9.25,86.2,EXPRESSED
ARHGAP9,9.24,86.2,EXPRESSED
OR2D2,9.2,86.2,EXPRESSED
CLDN5,9.19,86.2,EXPRESSED
COX11,9.18,86.2,EXPRESSED
CWC27,9.15,86.2,EXPRESSED
ITGA3,9.15,86.2,EXPRESSED
VLDLR,9.14,86.2,EXPRESSED
SLC15A3,9.14,86.2,EXPRESSED
TGFBR3,9.14,86.2,EXPRESSED
SMG9,9.11,86.2,EXPRESSED
VNN1,9.09,86.2,EXPRESSED
ELMO3,9.08,86.2,EXPRESSED
PRAME,9.07,86.2,EXPRESSED
CAMK4,9.07,86.2,EXPRESSED
PRKD1,9.03,86.1,EXPRESSED
GLA,9.02,86.1,EXPRESSED
STX1A,9.02,86.1,EXPRESSED
SLC25A19,9.02,86.1,EXPRESSED
RPL36A,9.01,86.1,EXPRESSED
PTPMT1,9.01,86.1,EXPRESSED
LILRA6,9.01,86.1,EXPRESSED
CDH10,8.99,86.1,EXPRESSED
LFNG,8.99,86.1,EXPRESSED
GRK5,8.98,86.1,EXPRESSED
CEP76,8.95,86.1,EXPRESSED
TAS2R20,8.95,86.1,EXPRESSED
LPAR5,8.95,86.1,EXPRESSED
OAS1,8.91,86.1,EXPRESSED
MIGA2,8.9,86.1,EXPRESSED
GPC5,8.9,86.1,EXPRESSED
MFSD3,8.9,86.1,EXPRESSED
TMEM229B,8.9,86.1,EXPRESSED
ASB5,8.87,86.1,EXPRESSED
SLC7A11,8.87,86.1,EXPRESSED
PKHD1,8.86,86.1,EXPRESSED
TIGIT,8.85,86.1,EXPRESSED
SLC25A29,8.81,86.0,EXPRESSED
RILPL1,8.81,86.0,EXPRESSED
SLC52A2,8.8,86.0,EXPRESSED
F11R,8.78,86.0,EXPRESSED
ORAI3,8.78,86.0,EXPRESSED
CCDC69,8.77,86.0,EXPRESSED
TMEM258,8.76,86.0,EXPRESSED
GREB1,8.76,86.0,EXPRESSED
TMEM91,8.76,86.0,EXPRESSED
SCN3A,8.76,86.0,EXPRESSED
CUBN,8.72,86.0,EXPRESSED
G6PC3,8.72,86.0,EXPRESSED
SPG7,8.7,86.0,EXPRESSED
HVCN1,8.7,86.0,EXPRESSED
FGR,8.69,86.0,EXPRESSED
SLC45A3,8.69,86.0,EXPRESSED
AGPAT3,8.68,86.0,EXPRESSED
C5AR2,8.65,86.0,EXPRESSED
TMEM241,8.62,86.0,EXPRESSED
COL13A1,8.62,86.0,EXPRESSED
TMEM88,8.61,86.0,EXPRESSED
PCDHGC5,8.61,86.0,EXPRESSED
ASPSCR1,8.59,86.0,EXPRESSED
TMEM154,8.59,86.0,EXPRESSED
TAS2R4,8.58,86.0,EXPRESSED
CDCP1,8.57,86.0,EXPRESSED
OR52B2,8.57,86.0,EXPRESSED
OR1L6,8.55,85.9,EXPRESSED
MYORG,8.53,85.9,EXPRESSED
HENMT1,8.52,85.9,EXPRESSED
JAG2,8.52,85.9,EXPRESSED
ARL10,8.52,85.9,EXPRESSED
APOO,8.52,85.9,EXPRESSED
ZNF511,8.51,85.9,EXPRESSED
TMEM150A,8.5,85.9,EXPRESSED
GPAA1,8.49,85.9,EXPRESSED
ABCB8,8.49,85.9,EXPRESSED
RNF185,8.47,85.9,EXPRESSED
NLRX1,8.47,85.9,EXPRESSED
LRRC66,8.47,85.9,EXPRESSED
SLC10A5,8.43,85.9,EXPRESSED
FCGR1A,8.43,85.9,EXPRESSED
PHKG1,8.42,85.9,EXPRESSED
IL1RL1,8.42,85.9,EXPRESSED
SLC16A2,8.42,85.9,EXPRESSED
SLC4A3,8.41,85.9,EXPRESSED
CDIP1,8.41,85.9,EXPRESSED
LPCAT3,8.4,85.9,EXPRESSED
B4GAT1,8.4,85.9,EXPRESSED
ACSF2,8.4,85.9,EXPRESSED
SLC35E2B,8.38,85.9,EXPRESSED
GABRB2,8.37,85.9,EXPRESSED
ASTN2,8.37,85.9,EXPRESSED
TBC1D10A,8.36,85.9,EXPRESSED
SLC44A3,8.36,85.9,EXPRESSED
SRD5A3,8.35,85.9,EXPRESSED
HRC,8.35,85.9,EXPRESSED
OR51B2,8.34,85.9,EXPRESSED
PORCN,8.33,85.8,EXPRESSED
EVA1C,8.32,85.8,EXPRESSED
PTPRF,8.31,85.8,EXPRESSED
SLC8A1,8.29,85.8,EXPRESSED
BCR,8.29,85.8,EXPRESSED
UBE2D4,8.26,85.8,EXPRESSED
MT-ATP8,8.24,85.8,EXPRESSED
CYP2A7,8.24,85.8,EXPRESSED
SFXN5,8.23,85.8,EXPRESSED
MARCHF3,8.23,85.8,EXPRESSED
SEMA6C,8.2,85.8,EXPRESSED
GOSR2,8.19,85.8,EXPRESSED
KCNMB2,8.19,85.8,EXPRESSED
TMEM200A,8.17,85.8,EXPRESSED
CD40,8.16,85.8,EXPRESSED
SNPH,8.16,85.8,EXPRESSED
HERC5,8.15,85.8,EXPRESSED
FBXO16,8.14,85.8,EXPRESSED
SDSL,8.13,85.8,EXPRESSED
SLITRK1,8.13,85.8,EXPRESSED
SPINK13,8.11,85.8,EXPRESSED
SLC26A6,8.09,85.7,EXPRESSED
NRROS,8.09,85.7,EXPRESSED
CCDC62,8.09,85.7,EXPRESSED
SCARF1,8.08,85.7,EXPRESSED
NOMO3,8.07,85.7,EXPRESSED
AREG,8.07,85.7,EXPRESSED
SMIM24,8.06,85.7,EXPRESSED
DTX2,8.06,85.7,EXPRESSED
ITGB8,8.06,85.7,EXPRESSED
SFXN2,8.04,85.7,EXPRESSED
SLAMF6,8.04,85.7,EXPRESSED
SYNGR2,8.03,85.7,EXPRESSED
TDRKH,8.0,85.7,EXPRESSED
SLC2A8,8.0,85.7,EXPRESSED
DHCR24,7.99,85.7,EXPRESSED
LRRC37A,7.99,85.7,EXPRESSED
HHAT,7.99,85.7,EXPRESSED
CTBS,7.99,85.7,EXPRESSED
VSIG10,7.98,85.7,EXPRESSED
MALRD1,7.98,85.7,EXPRESSED
ITM2A,7.98,85.7,EXPRESSED
TTC39B,7.97,85.7,EXPRESSED
CNTN5,7.96,85.7,EXPRESSED
CHIC2,7.9,85.7,EXPRESSED
TAS2R40,7.89,85.6,EXPRESSED
P2RY1,7.89,85.6,EXPRESSED
ARHGEF15,7.89,85.6,EXPRESSED
C9orf153,7.88,85.6,EXPRESSED
CHST2,7.87,85.6,EXPRESSED
CYP19A1,7.86,85.6,EXPRESSED
STEAP4,7.85,85.6,EXPRESSED
EPCAM,7.85,85.6,EXPRESSED
SLC45A4,7.83,85.6,EXPRESSED
SMPD3,7.83,85.6,EXPRESSED
MT-ND3,7.83,85.6,EXPRESSED
KCNMA1,7.81,85.6,EXPRESSED
PIK3R6,7.77,85.6,EXPRESSED
OR8B4,7.77,85.6,EXPRESSED
FLCN,7.76,85.6,EXPRESSED
TMCC2,7.76,85.6,EXPRESSED
FAM161B,7.73,85.6,EXPRESSED
LRRC69,7.73,85.6,EXPRESSED
TMPRSS9,7.73,85.6,EXPRESSED
RTL3,7.73,85.6,EXPRESSED
P2RX7,7.73,85.6,EXPRESSED
LRRC32,7.72,85.6,EXPRESSED
ZNF185,7.72,85.6,EXPRESSED
IDUA,7.72,85.6,EXPRESSED
TIMM50,7.7,85.6,EXPRESSED
ENOX1,7.68,85.6,EXPRESSED
NIPAL3,7.68,85.6,EXPRESSED
GPR162,7.68,85.6,EXPRESSED
HLA-DQB1,7.67,85.6,EXPRESSED
PNKD,7.64,85.5,EXPRESSED
CALHM5,7.64,85.5,EXPRESSED
VRK1,7.62,85.5,EXPRESSED
SLC25A35,7.62,85.5,EXPRESSED
SLC39A4,7.61,85.5,EXPRESSED
MBOAT7,7.6,85.5,EXPRESSED
ESYT3,7.6,85.5,EXPRESSED
CNTN3,7.6,85.5,EXPRESSED
GABRQ,7.59,85.5,EXPRESSED
C17orf78,7.58,85.5,EXPRESSED
ZDHHC12,7.58,85.5,EXPRESSED
NKAIN2,7.58,85.5,EXPRESSED
CRIP2,7.57,85.5,EXPRESSED
TMEM100,7.56,85.5,EXPRESSED
FMNL1,7.54,85.5,EXPRESSED
TSHR,7.54,85.5,EXPRESSED
POMK,7.54,85.5,EXPRESSED
ST3GAL5,7.51,85.5,EXPRESSED
TMEM120B,7.51,85.5,EXPRESSED
EFNA4,7.5,85.5,EXPRESSED
CACNB4,7.47,85.5,EXPRESSED
KCNJ5,7.47,85.5,EXPRESSED
PEAR1,7.45,85.5,EXPRESSED
TMEM187,7.45,85.5,EXPRESSED
CCDC32,7.44,85.5,EXPRESSED
ZNF599,7.44,85.5,EXPRESSED
RHOBTB2,7.44,85.5,EXPRESSED
TOMM20L,7.42,85.4,EXPRESSED
MTFR2,7.41,85.4,EXPRESSED
DHRS7B,7.41,85.4,EXPRESSED
ADGRB3,7.4,85.4,EXPRESSED
SLC26A11,7.4,85.4,EXPRESSED
TRAPPC14,7.38,85.4,EXPRESSED
NAALADL2,7.36,85.4,EXPRESSED
IL15RA,7.35,85.4,EXPRESSED
CYB561D2,7.35,85.4,EXPRESSED
ILVBL,7.33,85.4,EXPRESSED
SLITRK6,7.32,85.4,EXPRESSED
KLC2,7.31,85.4,EXPRESSED
TVP23C,7.3,85.4,EXPRESSED
CCDC51,7.29,85.4,EXPRESSED
RPS15A,7.26,85.4,EXPRESSED
OR52L1,7.25,85.4,EXPRESSED
GABRB3,7.23,85.4,EXPRESSED
ROBO4,7.22,85.4,EXPRESSED
MRPS22,7.22,85.3,EXPRESSED
EPHB3,7.2,85.3,EXPRESSED
ZNG1E,7.2,85.3,EXPRESSED
KIF26A,7.2,85.3,EXPRESSED
NBEA,7.19,85.3,EXPRESSED
MRNIP,7.18,85.3,EXPRESSED
ACP6,7.18,85.3,EXPRESSED
SLC15A2,7.18,85.3,EXPRESSED
PDE3B,7.16,85.3,EXPRESSED
ABCC10,7.16,85.3,EXPRESSED
CLN6,7.15,85.3,EXPRESSED
TMEM41A,7.14,85.3,EXPRESSED
JAML,7.11,85.3,EXPRESSED
IRAG1,7.1,85.3,EXPRESSED
TMEM18,7.09,85.3,EXPRESSED
CNKSR2,7.08,85.3,EXPRESSED
PLB1,7.08,85.3,EXPRESSED
OR8D2,7.08,85.3,EXPRESSED
NOXRED1,7.07,85.3,EXPRESSED
ZDHHC15,7.06,85.3,EXPRESSED
MPPE1,7.04,85.3,EXPRESSED
TMEM255A,7.02,85.3,EXPRESSED
TSPAN6,7.02,85.3,EXPRESSED
PAQR7,7.02,85.3,EXPRESSED
RYR1,7.02,85.3,EXPRESSED
OR1L3,7.0,85.2,EXPRESSED
COMTD1,7.0,85.2,EXPRESSED
PLPP7,6.99,85.2,EXPRESSED
GAPT,6.99,85.2,EXPRESSED
LPCAT4,6.98,85.2,EXPRESSED
FLNC,6.97,85.2,EXPRESSED
ALOX15B,6.97,85.2,EXPRESSED
GPR85,6.96,85.2,EXPRESSED
RTN4RL2,6.96,85.2,EXPRESSED
MINAR1,6.96,85.2,EXPRESSED
TMED6,6.95,85.2,EXPRESSED
P3H2,6.93,85.2,EXPRESSED
TIGD7,6.93,85.2,EXPRESSED
MFSD4A,6.92,85.2,EXPRESSED
ARVCF,6.91,85.2,EXPRESSED
TNFRSF10A,6.89,85.2,EXPRESSED
ZDHHC18,6.87,85.2,EXPRESSED
TMED1,6.87,85.2,EXPRESSED
CALCR,6.87,85.2,EXPRESSED
TMC4,6.85,85.2,EXPRESSED
INO80C,6.84,85.2,EXPRESSED
EPHA4,6.84,85.2,EXPRESSED
SLC7A5,6.84,85.2,EXPRESSED
SLCO2A1,6.83,85.2,EXPRESSED
TMEM177,6.82,85.2,EXPRESSED
EBPL,6.82,85.2,EXPRESSED
TLR6,6.81,85.2,EXPRESSED
EPB41,6.81,85.2,EXPRESSED
GLRA3,6.78,85.1,EXPRESSED
FHIT,6.78,85.1,EXPRESSED
ABCA7,6.78,85.1,EXPRESSED
FAAH,6.78,85.1,EXPRESSED
TRPV2,6.77,85.1,EXPRESSED
PRRT2,6.76,85.1,EXPRESSED
PAK4,6.76,85.1,EXPRESSED
DLL1,6.75,85.1,EXPRESSED
HLA-DQB2,6.74,85.1,EXPRESSED
NOX4,6.73,85.1,EXPRESSED
CCR5,6.73,85.1,EXPRESSED
TRPM4,6.72,85.1,EXPRESSED
NECAB3,6.7,85.1,EXPRESSED
PAPPA2,6.7,85.1,EXPRESSED
VNN2,6.69,85.1,EXPRESSED
MFNG,6.68,85.1,EXPRESSED
PLAAT4,6.64,85.1,EXPRESSED
ADA,6.63,85.1,EXPRESSED
TMEM199,6.63,85.1,EXPRESSED
GFPT2,6.61,85.1,EXPRESSED
JMJD8,6.61,85.1,EXPRESSED
PHLDB3,6.61,85.1,EXPRESSED
CCDC115,6.6,85.1,EXPRESSED
OLR1,6.6,85.1,EXPRESSED
PVR,6.58,85.0,EXPRESSED
CD82,6.58,85.0,EXPRESSED
RXFP4,6.58,85.0,EXPRESSED
CD3E,6.57,85.0,EXPRESSED
COX20,6.57,85.0,EXPRESSED
ZNF276,6.54,85.0,EXPRESSED
ERCC4,6.54,85.0,EXPRESSED
AIFM1,6.52,85.0,EXPRESSED
FKRP,6.52,85.0,EXPRESSED
TMEM8B,6.51,85.0,EXPRESSED
MCTS1,6.51,85.0,EXPRESSED
SEMA4F,6.5,85.0,EXPRESSED
PKD1L3,6.5,85.0,EXPRESSED
RCE1,6.49,85.0,EXPRESSED
BMPR1B,6.49,85.0,EXPRESSED
ABCA8,6.48,85.0,EXPRESSED
MMP15,6.48,85.0,EXPRESSED
GABRG1,6.47,85.0,EXPRESSED
SKAP1,6.47,85.0,EXPRESSED
CYB561D1,6.47,85.0,EXPRESSED
GPR182,6.47,85.0,EXPRESSED
ADGRG2,6.47,85.0,EXPRESSED
MEMO1,6.46,85.0,EXPRESSED
AGTR2,6.46,85.0,EXPRESSED
PALM,6.46,85.0,EXPRESSED
BAIAP2L1,6.45,85.0,EXPRESSED
CDH11,6.45,85.0,EXPRESSED
ADRA2C,6.45,85.0,EXPRESSED
TACR3,6.44,85.0,EXPRESSED
CSF3R,6.43,85.0,EXPRESSED
ABCA6,6.43,85.0,EXPRESSED
NME5,6.43,85.0,EXPRESSED
ORAI1,6.42,85.0,EXPRESSED
ALG12,6.42,85.0,EXPRESSED
XK,6.42,85.0,EXPRESSED
OR10AD1,6.42,84.9,EXPRESSED
HAPLN3,6.41,84.9,EXPRESSED
UPK1B,6.41,84.9,EXPRESSED
SLC6A16,6.4,84.9,EXPRESSED
VN1R1,6.4,84.9,EXPRESSED
PAQR5,6.4,84.9,EXPRESSED
BVES,6.39,84.9,EXPRESSED
LYSMD4,6.38,84.9,EXPRESSED
TREML1,6.36,84.9,EXPRESSED
OPN3,6.36,84.9,EXPRESSED
C19orf47,6.35,84.9,EXPRESSED
SCN9A,6.33,84.9,EXPRESSED
ENSG00000265118,6.3,84.9,EXPRESSED
FIG4,6.29,84.9,EXPRESSED
ENKD1,6.29,84.9,EXPRESSED
RCN1,6.28,84.9,EXPRESSED
NLRC4,6.28,84.9,EXPRESSED
AIFM2,6.27,84.9,EXPRESSED
KATNB1,6.27,84.9,EXPRESSED
TMEM17,6.25,84.9,EXPRESSED
CD37,6.25,84.9,EXPRESSED
KRTCAP3,6.22,84.8,EXPRESSED
DLG2,6.22,84.8,EXPRESSED
UCN,6.19,84.8,EXPRESSED
SLC29A3,6.18,84.8,EXPRESSED
LPAR2,6.17,84.8,EXPRESSED
DPAGT1,6.17,84.8,EXPRESSED
ADCY4,6.17,84.8,EXPRESSED
NIPAL4,6.17,84.8,EXPRESSED
FANCA,6.15,84.8,EXPRESSED
TMEM273,6.13,84.8,EXPRESSED
GPR137,6.1,84.8,EXPRESSED
SLC36A2,6.09,84.8,EXPRESSED
PSTPIP1,6.09,84.8,EXPRESSED
PPP1R3F,6.07,84.8,EXPRESSED
ARHGAP33,6.07,84.8,EXPRESSED
SLC25A15,6.07,84.8,EXPRESSED
ANO3,6.06,84.8,EXPRESSED
WBP1,6.06,84.8,EXPRESSED
TMEM254,6.06,84.8,EXPRESSED
PCDHA6,6.05,84.8,EXPRESSED
EPB41L4A,6.05,84.8,EXPRESSED
CHEK2,6.03,84.7,EXPRESSED
FLRT2,6.03,84.7,EXPRESSED
ARHGAP22,6.03,84.7,EXPRESSED
IL17RD,6.01,84.7,EXPRESSED
ADCY10,6.01,84.7,EXPRESSED
SCIMP,6.0,84.7,EXPRESSED
GABRG2,5.99,84.7,EXPRESSED
KCNV2,5.99,84.7,EXPRESSED
PHKG2,5.98,84.7,EXPRESSED
TMEM160,5.98,84.7,EXPRESSED
FILIP1,5.97,84.7,EXPRESSED
SLC9A5,5.96,84.7,EXPRESSED
ANK2,5.96,84.7,EXPRESSED
ALG11,5.96,84.7,EXPRESSED
GAS8,5.95,84.7,EXPRESSED
DSG2,5.95,84.7,EXPRESSED
FAM162B,5.93,84.7,EXPRESSED
PKD2L2,5.93,84.7,EXPRESSED
NAGPA,5.93,84.7,EXPRESSED
TBC1D24,5.93,84.7,EXPRESSED
GJB7,5.93,84.7,EXPRESSED
GDPD1,5.92,84.7,EXPRESSED
CD180,5.91,84.7,EXPRESSED
SMPX,5.91,84.7,EXPRESSED
IDS,5.9,84.7,EXPRESSED
PIM2,5.89,84.7,EXPRESSED
RELT,5.89,84.7,EXPRESSED
KIF21B,5.85,84.6,EXPRESSED
LILRB1,5.84,84.6,EXPRESSED
LRFN3,5.83,84.6,EXPRESSED
HHIP,5.83,84.6,EXPRESSED
IL18RAP,5.82,84.6,EXPRESSED
NPIPB15,5.82,84.6,EXPRESSED
TMTC4,5.8,84.6,EXPRESSED
NDUFA11,5.79,84.6,EXPRESSED
OR51I2,5.77,84.6,EXPRESSED
SLC1A1,5.76,84.6,EXPRESSED
SLC41A3,5.76,84.6,EXPRESSED
GPRC5C,5.75,84.6,EXPRESSED
CHST12,5.75,84.6,EXPRESSED
TELO2,5.75,84.6,EXPRESSED
RNF24,5.75,84.6,EXPRESSED
BST1,5.74,84.6,EXPRESSED
SERINC2,5.73,84.6,EXPRESSED
TSPO,5.72,84.6,EXPRESSED
ATP7B,5.7,84.5,EXPRESSED
OR1J1,5.7,84.5,EXPRESSED
SLC26A7,5.69,84.5,EXPRESSED
AGTRAP,5.69,84.5,EXPRESSED
GRIK1,5.67,84.5,EXPRESSED
NGRN,5.67,84.5,EXPRESSED
CAVIN4,5.64,84.5,EXPRESSED
ABCD1,5.64,84.5,EXPRESSED
TMEM71,5.63,84.5,EXPRESSED
SLC43A2,5.62,84.5,EXPRESSED
HARBI1,5.62,84.5,EXPRESSED
KLRG1,5.61,84.5,EXPRESSED
XKR4,5.6,84.5,EXPRESSED
STS,5.6,84.5,EXPRESSED
OR1K1,5.59,84.5,EXPRESSED
GDPD5,5.59,84.5,EXPRESSED
PKDREJ,5.58,84.5,EXPRESSED
CELSR2,5.58,84.5,EXPRESSED
OR2B2,5.55,84.5,EXPRESSED
CYB561,5.53,84.4,EXPRESSED
TAS2R38,5.53,84.4,EXPRESSED
DDIAS,5.53,84.4,EXPRESSED
TMEM201,5.52,84.4,EXPRESSED
ATP8B3,5.51,84.4,EXPRESSED
CACFD1,5.5,84.4,EXPRESSED
TMEM141,5.5,84.4,EXPRESSED
OR51B4,5.49,84.4,EXPRESSED
KCNS2,5.48,84.4,EXPRESSED
GJC3,5.47,84.4,EXPRESSED
CDON,5.47,84.4,EXPRESSED
MYLK4,5.45,84.4,EXPRESSED
CHRM3,5.45,84.4,EXPRESSED
TM7SF2,5.45,84.4,EXPRESSED
NPIPB2,5.44,84.4,EXPRESSED
ANKEF1,5.44,84.4,EXPRESSED
LTB4R2,5.43,84.4,EXPRESSED
NAT14,5.43,84.4,EXPRESSED
CD200,5.42,84.4,EXPRESSED
PDCD1LG2,5.41,84.4,EXPRESSED
HLA-DMB,5.4,84.4,EXPRESSED
TYRO3,5.4,84.4,EXPRESSED
TMEM186,5.39,84.4,EXPRESSED
GRIK3,5.38,84.3,EXPRESSED
CLEC12A,5.36,84.3,EXPRESSED
IL16,5.35,84.3,EXPRESSED
PGAP4,5.34,84.3,EXPRESSED
ZP3,5.33,84.3,EXPRESSED
UGT8,5.33,84.3,EXPRESSED
CD96,5.32,84.3,EXPRESSED
ADGRV1,5.29,84.3,EXPRESSED
TMEM176A,5.28,84.3,EXPRESSED
TRBC1,5.28,84.3,EXPRESSED
GPRC5A,5.28,84.3,EXPRESSED
ABCA3,5.27,84.3,EXPRESSED
ERVW-1,5.27,84.3,EXPRESSED
GPR156,5.26,84.3,EXPRESSED
NAT8L,5.25,84.3,EXPRESSED
TPRN,5.24,84.3,EXPRESSED
TOR2A,5.24,84.3,EXPRESSED
SLC6A1,5.23,84.3,EXPRESSED
SYT2,5.23,84.3,EXPRESSED
SGCG,5.23,84.3,EXPRESSED
PPP1R3C,5.21,84.2,EXPRESSED
SIGLEC15,5.21,84.2,EXPRESSED
TNFRSF4,5.18,84.2,EXPRESSED
CYSLTR1,5.17,84.2,EXPRESSED
ALG14,5.16,84.2,EXPRESSED
OR56A4,5.15,84.2,EXPRESSED
EFNB3,5.15,84.2,EXPRESSED
SLC2A11,5.15,84.2,EXPRESSED
TMEM107,5.14,84.2,EXPRESSED
A4GALT,5.14,84.2,EXPRESSED
TRAIP,5.14,84.2,EXPRESSED
IL27RA,5.14,84.2,EXPRESSED
DDR1,5.13,84.2,EXPRESSED
ENPP5,5.12,84.2,EXPRESSED
ZDHHC1,5.12,84.2,EXPRESSED
KCNC3,5.11,84.2,EXPRESSED
CNR1,5.09,84.2,EXPRESSED
FCMR,5.08,84.2,EXPRESSED
PIGV,5.08,84.1,EXPRESSED
NINJ2,5.08,84.1,EXPRESSED
ZNF584,5.06,84.1,EXPRESSED
ACVR1C,5.05,84.1,EXPRESSED
CATSPERE,5.05,84.1,EXPRESSED
PARL,5.04,84.1,EXPRESSED
ICAM2,5.04,84.1,EXPRESSED
PARVG,5.04,84.1,EXPRESSED
KCNMB4,5.04,84.1,EXPRESSED
TMC8,5.02,84.1,EXPRESSED
SLC13A4,5.02,84.1,EXPRESSED
IMPG1,5.02,84.1,EXPRESSED
OR5C1,5.0,84.1,EXPRESSED
SLC5A9,5.0,84.1,EXPRESSED
EBP,5.0,84.1,EXPRESSED
ACER2,4.99,84.1,EXPRESSED
HSD17B7,4.99,84.1,EXPRESSED
RNF128,4.99,84.1,EXPRESSED
LRCH4,4.96,84.1,EXPRESSED
SMLR1,4.95,84.1,EXPRESSED
TMEM35A,4.95,84.1,EXPRESSED
OR8G2P,4.94,84.1,EXPRESSED
PDPN,4.93,84.0,EXPRESSED
CORIN,4.93,84.0,EXPRESSED
PTGER2,4.92,84.0,EXPRESSED
HAVCR1,4.92,84.0,EXPRESSED
MICB,4.91,84.0,EXPRESSED
FAM186A,4.91,84.0,EXPRESSED
NPTXR,4.91,84.0,EXPRESSED
SLC16A5,4.91,84.0,EXPRESSED
ABHD14A,4.9,84.0,EXPRESSED
TLCD1,4.88,84.0,EXPRESSED
KCNMB3,4.88,84.0,EXPRESSED
FAM72C,4.86,84.0,EXPRESSED
CYB5R2,4.86,84.0,EXPRESSED
VSIG2,4.85,84.0,EXPRESSED
CACNA2D3,4.85,84.0,EXPRESSED
KPTN,4.84,84.0,EXPRESSED
SLC9A7,4.83,84.0,EXPRESSED
TMEM143,4.81,84.0,EXPRESSED
MPZ,4.81,84.0,EXPRESSED
KCNJ1,4.8,84.0,EXPRESSED
DLK2,4.8,84.0,EXPRESSED
PCSK7,4.8,84.0,EXPRESSED
CCR9,4.79,84.0,EXPRESSED
SMIM30,4.79,84.0,EXPRESSED
CACNA1C,4.79,84.0,EXPRESSED
F2RL3,4.79,84.0,EXPRESSED
SLCO3A1,4.78,84.0,EXPRESSED
UCP3,4.78,84.0,EXPRESSED
MBP,4.78,84.0,EXPRESSED
C12orf76,4.76,83.9,EXPRESSED
MCTS2,4.75,83.9,EXPRESSED
PPP1R16A,4.75,83.9,EXPRESSED
SPNS2,4.74,83.9,EXPRESSED
SLC2A5,4.74,83.9,EXPRESSED
MT-ND4L,4.73,83.9,EXPRESSED
PEX10,4.72,83.9,EXPRESSED
TEX14,4.71,83.9,EXPRESSED
CHRNB1,4.7,83.9,EXPRESSED
CLEC4D,4.7,83.9,EXPRESSED
GPR65,4.69,83.9,EXPRESSED
SLC6A14,4.69,83.9,EXPRESSED
ERN1,4.69,83.9,EXPRESSED
IGHG4,4.69,83.9,EXPRESSED
BCL2L12,4.68,83.9,EXPRESSED
CATSPER2,4.67,83.9,EXPRESSED
ASIC3,4.67,83.9,EXPRESSED
SIGLEC7,4.67,83.9,EXPRESSED
GPR157,4.65,83.9,EXPRESSED
MTLN,4.65,83.9,EXPRESSED
BIK,4.64,83.9,EXPRESSED
LRRC70,4.64,83.9,EXPRESSED
POPDC2,4.64,83.9,EXPRESSED
FAM72B,4.63,83.8,EXPRESSED
ZNF337,4.63,83.8,EXPRESSED
SCN2A,4.62,83.8,EXPRESSED
SH3D21,4.61,83.8,EXPRESSED
SLC6A20,4.61,83.8,EXPRESSED
REEP1,4.6,83.8,EXPRESSED
MS4A13,4.6,83.8,EXPRESSED
DPEP2,4.59,83.8,EXPRESSED
KANK3,4.59,83.8,EXPRESSED
SIGLEC12,4.59,83.8,EXPRESSED
ACVR2B,4.58,83.8,EXPRESSED
TMEM234,4.58,83.8,EXPRESSED
SLC17A7,4.57,83.8,EXPRESSED
PLAAT1,4.56,83.8,EXPRESSED
SLC37A1,4.55,83.8,EXPRESSED
TMEM185A,4.55,83.8,EXPRESSED
RASGRP4,4.53,83.8,EXPRESSED
CACNA2D4,4.52,83.8,EXPRESSED
OSCAR,4.51,83.8,EXPRESSED
DUOX1,4.49,83.7,EXPRESSED
KCNQ1,4.49,83.7,EXPRESSED
OPA3,4.49,83.7,EXPRESSED
GPC2,4.47,83.7,EXPRESSED
TEX38,4.46,83.7,EXPRESSED
MKRN3,4.45,83.7,EXPRESSED
ARSG,4.45,83.7,EXPRESSED
OR10A2,4.45,83.7,EXPRESSED
ADAM8,4.45,83.7,EXPRESSED
ENO3,4.44,83.7,EXPRESSED
CDH13,4.44,83.7,EXPRESSED
EFNA3,4.44,83.7,EXPRESSED
CNTNAP2,4.43,83.7,EXPRESSED
SNCA,4.42,83.7,EXPRESSED
GPR161,4.4,83.7,EXPRESSED
LUZP2,4.38,83.7,EXPRESSED
LTC4S,4.38,83.7,EXPRESSED
KCNU1,4.38,83.7,EXPRESSED
SYNE3,4.37,83.7,EXPRESSED
HIGD1B,4.37,83.7,EXPRESSED
AHNAK2,4.37,83.7,EXPRESSED
SIGLEC14,4.36,83.6,EXPRESSED
PRR7,4.35,83.6,EXPRESSED
OR56A1,4.35,83.6,EXPRESSED
COMMD4,4.35,83.6,EXPRESSED
FCGR2B,4.34,83.6,EXPRESSED
AMPH,4.33,83.6,EXPRESSED
CCDC81,4.33,83.6,EXPRESSED
CLDN18,4.32,83.6,EXPRESSED
PHACTR1,4.32,83.6,EXPRESSED
TSPAN8,4.31,83.6,EXPRESSED
OR52N1,4.3,83.6,EXPRESSED
OR11H12,4.3,83.6,EXPRESSED
PHB1,4.29,83.6,EXPRESSED
CD8A,4.29,83.6,EXPRESSED
NPR3,4.28,83.6,EXPRESSED
CLYBL,4.28,83.6,EXPRESSED
HS3ST1,4.28,83.6,EXPRESSED
AGTR1,4.27,83.6,EXPRESSED
KCNH3,4.26,83.6,EXPRESSED
SLC2A6,4.26,83.6,EXPRESSED
MARCO,4.26,83.6,EXPRESSED
ZNF688,4.25,83.6,EXPRESSED
ASZ1,4.25,83.6,EXPRESSED
SNAP47,4.24,83.6,EXPRESSED
BLNK,4.23,83.6,EXPRESSED
PCDHA10,4.22,83.6,EXPRESSED
ITPR3,4.22,83.6,EXPRESSED
CISD2,4.22,83.6,EXPRESSED
CTSW,4.22,83.5,EXPRESSED
KCNK13,4.21,83.5,EXPRESSED
PRX,4.2,83.5,EXPRESSED
SLC49A3,4.18,83.5,EXPRESSED
GPER1,4.18,83.5,EXPRESSED
CLDN14,4.17,83.5,EXPRESSED
RNF39,4.17,83.5,EXPRESSED
P4HTM,4.17,83.5,EXPRESSED
XAGE2,4.16,83.5,EXPRESSED
APLP1,4.16,83.5,EXPRESSED
NPHP4,4.15,83.5,EXPRESSED
LRP1B,4.15,83.5,EXPRESSED
TWF2,4.15,83.5,EXPRESSED
DRD4,4.15,83.5,EXPRESSED
ADGRG1,4.14,83.5,EXPRESSED
SUSD4,4.14,83.5,EXPRESSED
PCDH19,4.12,83.5,EXPRESSED
DNAJC18,4.12,83.5,EXPRESSED
MAP4K1,4.12,83.5,EXPRESSED
PDCD1,4.12,83.5,EXPRESSED
HIF3A,4.12,83.5,EXPRESSED
NECTIN1,4.12,83.5,EXPRESSED
GPM6A,4.12,83.5,EXPRESSED
IL21R,4.12,83.5,EXPRESSED
WDR90,4.12,83.5,EXPRESSED
CA14,4.11,83.5,EXPRESSED
CYP2S1,4.11,83.5,EXPRESSED
SEMA4A,4.11,83.5,EXPRESSED
LCTL,4.1,83.4,EXPRESSED
TNIP3,4.1,83.4,EXPRESSED
CASQ1,4.09,83.4,EXPRESSED
GP6,4.08,83.4,EXPRESSED
SRD5A1,4.08,83.4,EXPRESSED
TENM4,4.08,83.4,EXPRESSED
FRMD5,4.06,83.4,EXPRESSED
BEAN1,4.06,83.4,EXPRESSED
ADAM32,4.05,83.4,EXPRESSED
SLC33A1,4.05,83.4,EXPRESSED
CD5,4.04,83.4,EXPRESSED
DYNAP,4.04,83.4,EXPRESSED
ATP1B2,4.03,83.4,EXPRESSED
TMEM207,4.02,83.4,EXPRESSED
GNRHR,4.01,83.4,EXPRESSED
NDUFA4L2,4.01,83.4,EXPRESSED
TRPC3,4.01,83.4,EXPRESSED
CX3CR1,4.01,83.4,EXPRESSED
CLEC9A,4.0,83.4,EXPRESSED
TAFAZZIN,4.0,83.4,EXPRESSED
NGFR,4.0,83.4,EXPRESSED
PLEKHA4,4.0,83.4,EXPRESSED
LILRA2,4.0,83.4,EXPRESSED
CAMK1,3.99,83.4,EXPRESSED
ECSCR,3.99,83.4,EXPRESSED
DENND6B,3.99,83.3,EXPRESSED
MYO1G,3.97,83.3,EXPRESSED
LRP3,3.96,83.3,EXPRESSED
CCDC188,3.95,83.3,EXPRESSED
PABIR3,3.95,83.3,EXPRESSED
CLDN23,3.95,83.3,EXPRESSED
OR2B6,3.94,83.3,EXPRESSED
AQP9,3.94,83.3,EXPRESSED
SMIM6,3.93,83.3,EXPRESSED
DAGLA,3.93,83.3,EXPRESSED
C1orf35,3.91,83.3,EXPRESSED
TMC6,3.91,83.3,EXPRESSED
CD33,3.9,83.3,EXPRESSED
SLC25A42,3.89,83.3,EXPRESSED
ITGAE,3.89,83.3,EXPRESSED
C1orf159,3.89,83.3,EXPRESSED
MICOS10,3.88,83.3,EXPRESSED
RASAL3,3.88,83.3,EXPRESSED
FAT2,3.88,83.3,EXPRESSED
SLC16A12,3.87,83.3,EXPRESSED
SLC16A14,3.87,83.3,EXPRESSED
DCSTAMP,3.87,83.2,EXPRESSED
CYP4V2,3.86,83.2,EXPRESSED
DNASE1L1,3.86,83.2,EXPRESSED
SERF1B,3.85,83.2,EXPRESSED
CLSTN2,3.85,83.2,EXPRESSED
OR6V1,3.84,83.2,EXPRESSED
CTLA4,3.84,83.2,EXPRESSED
BASP1,3.83,83.2,EXPRESSED
TMEM53,3.83,83.2,EXPRESSED
TSSK1B,3.83,83.2,EXPRESSED
PXMP4,3.83,83.2,EXPRESSED
OR11H7,3.82,83.2,EXPRESSED
TXNDC12,3.82,83.2,EXPRESSED
EMC10,3.81,83.2,EXPRESSED
FUZ,3.81,83.2,EXPRESSED
E2F5,3.78,83.2,EXPRESSED
MIEF2,3.78,83.2,EXPRESSED
MGAM,3.77,83.2,EXPRESSED
FBLN2,3.77,83.2,EXPRESSED
KCNK5,3.77,83.2,EXPRESSED
FCRLB,3.77,83.2,EXPRESSED
MMP24,3.76,83.2,EXPRESSED
RNF175,3.75,83.2,EXPRESSED
NPY1R,3.73,83.1,EXPRESSED
SEMA4G,3.73,83.1,EXPRESSED
CCR4,3.73,83.1,EXPRESSED
UQCC3,3.73,83.1,EXPRESSED
IFNLR1,3.72,83.1,EXPRESSED
FPR2,3.71,83.1,EXPRESSED
COLQ,3.7,83.1,EXPRESSED
SIGLEC8,3.7,83.1,EXPRESSED
FLRT1,3.7,83.1,EXPRESSED
OR56A3,3.7,83.1,EXPRESSED
LST1,3.7,83.1,EXPRESSED
DDX4,3.7,83.1,EXPRESSED
GPAT3,3.68,83.1,EXPRESSED
TMEM54,3.68,83.1,EXPRESSED
SLCO1C1,3.68,83.1,EXPRESSED
SCN4B,3.68,83.1,EXPRESSED
SLC35G6,3.68,83.1,EXPRESSED
BRICD5,3.67,83.1,EXPRESSED
SLC25A45,3.67,83.1,EXPRESSED
PEX11G,3.66,83.1,EXPRESSED
NPDC1,3.65,83.1,EXPRESSED
MAL2,3.65,83.1,EXPRESSED
GPR17,3.64,83.1,EXPRESSED
S100A2,3.64,83.0,EXPRESSED
TMEM25,3.63,83.0,EXPRESSED
A3GALT2,3.63,83.0,EXPRESSED
SLC22A5,3.63,83.0,EXPRESSED
CCRL2,3.62,83.0,EXPRESSED
ASPHD2,3.6,83.0,EXPRESSED
OR52N5,3.6,83.0,EXPRESSED
LRP2,3.59,83.0,EXPRESSED
TLR5,3.59,83.0,EXPRESSED
NLGN1,3.57,83.0,EXPRESSED
MME,3.56,83.0,EXPRESSED
CAP2,3.56,83.0,EXPRESSED
TPRA1,3.55,83.0,EXPRESSED
IGSF1,3.55,83.0,EXPRESSED
PCDHA2,3.55,83.0,EXPRESSED
SLC25A22,3.54,83.0,EXPRESSED
NCR3LG1,3.52,83.0,EXPRESSED
MFSD14A,3.51,83.0,EXPRESSED
TPCN2,3.5,82.9,EXPRESSED
TSBP1,3.5,82.9,EXPRESSED
RGS14,3.49,82.9,EXPRESSED
TRPV1,3.49,82.9,EXPRESSED
PAX6,3.49,82.9,EXPRESSED
S1PR2,3.47,82.9,EXPRESSED
RNF215,3.47,82.9,EXPRESSED
TP53I13,3.47,82.9,EXPRESSED
TRGC2,3.47,82.9,EXPRESSED
PRRT3,3.47,82.9,EXPRESSED
ERVV-1,3.46,82.9,EXPRESSED
CACNG8,3.46,82.9,EXPRESSED
MCTP2,3.46,82.9,EXPRESSED
TMPRSS11D,3.44,82.9,EXPRESSED
PXDNL,3.43,82.9,EXPRESSED
CNTD1,3.42,82.9,EXPRESSED
NDUFA9,3.41,82.9,EXPRESSED
PTPRN2,3.41,82.9,EXPRESSED
GNAL,3.4,82.9,EXPRESSED
AVPR1A,3.4,82.9,EXPRESSED
ABHD1,3.4,82.9,EXPRESSED
TRIM16,3.4,82.9,EXPRESSED
UQCR10,3.4,82.9,EXPRESSED
PCDH15,3.4,82.9,EXPRESSED
PTPRR,3.39,82.9,EXPRESSED
PDE9A,3.38,82.8,EXPRESSED
FXYD6,3.38,82.8,EXPRESSED
TNFRSF10C,3.38,82.8,EXPRESSED
SLC35A4,3.38,82.8,EXPRESSED
DPEP1,3.37,82.8,EXPRESSED
SIDT1,3.36,82.8,EXPRESSED
SLC9C2,3.35,82.8,EXPRESSED
ASAH2,3.35,82.8,EXPRESSED
KL,3.35,82.8,EXPRESSED
PLCD3,3.35,82.8,EXPRESSED
RGS7BP,3.34,82.8,EXPRESSED
CMYA5,3.33,82.8,EXPRESSED
SHANK1,3.33,82.8,EXPRESSED
TMC7,3.33,82.8,EXPRESSED
DCHS2,3.33,82.8,EXPRESSED
TMEFF2,3.32,82.8,EXPRESSED
ERP27,3.31,82.8,EXPRESSED
SCHIP1,3.31,82.8,EXPRESSED
RNASEK,3.31,82.8,EXPRESSED
SCAMP5,3.3,82.8,EXPRESSED
COX4I2,3.3,82.8,EXPRESSED
GRM8,3.29,82.8,EXPRESSED
DHODH,3.29,82.8,EXPRESSED
LAMP3,3.29,82.8,EXPRESSED
SLAMF8,3.28,82.8,EXPRESSED
SLAMF7,3.28,82.8,EXPRESSED
PRRT1,3.27,82.7,EXPRESSED
TNFRSF25,3.27,82.7,EXPRESSED
RYR3,3.27,82.7,EXPRESSED
C9orf57,3.26,82.7,EXPRESSED
GPR132,3.25,82.7,EXPRESSED
SPACA6,3.25,82.7,EXPRESSED
SLAMF1,3.25,82.7,EXPRESSED
KCNS3,3.24,82.7,EXPRESSED
CTAGE6,3.23,82.7,EXPRESSED
LINGO3,3.23,82.7,EXPRESSED
TNNI2,3.23,82.7,EXPRESSED
C14orf180,3.23,82.7,EXPRESSED
HSD3B7,3.22,82.7,EXPRESSED
ANXA3,3.22,82.7,EXPRESSED
ILDR1,3.22,82.7,EXPRESSED
TMEM255B,3.22,82.7,EXPRESSED
ST8SIA1,3.22,82.7,EXPRESSED
MAPK8IP1,3.21,82.7,EXPRESSED
DIO1,3.21,82.7,EXPRESSED
TMEM116,3.21,82.7,EXPRESSED
UNC5A,3.21,82.7,EXPRESSED
SLC12A1,3.21,82.6,EXPRESSED
GPR87,3.2,82.6,EXPRESSED
GDAP1,3.2,82.6,EXPRESSED
MMACHC,3.2,82.6,EXPRESSED
PIGQ,3.19,82.6,EXPRESSED
LMOD2,3.19,82.6,EXPRESSED
PIEZO2,3.19,82.6,EXPRESSED
IL1RL2,3.19,82.6,EXPRESSED
ADRA1B,3.19,82.6,EXPRESSED
TACC2,3.19,82.6,EXPRESSED
GNB3,3.18,82.6,EXPRESSED
SLC2A9,3.18,82.6,EXPRESSED
NPIPB13,3.18,82.6,EXPRESSED
HEPHL1,3.18,82.6,EXPRESSED
NAGS,3.17,82.6,EXPRESSED
PNPLA7,3.17,82.6,EXPRESSED
LONRF3,3.16,82.6,EXPRESSED
RDH16,3.16,82.6,EXPRESSED
CNGB3,3.15,82.6,EXPRESSED
TMEM156,3.13,82.6,EXPRESSED
MEGF11,3.12,82.6,EXPRESSED
ZFPL1,3.12,82.6,EXPRESSED
IL2RG,3.12,82.6,EXPRESSED
PKD1L1,3.11,82.6,EXPRESSED
CD274,3.1,82.6,EXPRESSED
EXOC3L1,3.1,82.6,EXPRESSED
PTPRQ,3.1,82.6,EXPRESSED
CHST13,3.09,82.6,EXPRESSED
OR52I1,3.09,82.6,EXPRESSED
GSDMA,3.09,82.6,EXPRESSED
TEX101,3.08,82.5,EXPRESSED
FLRT3,3.07,82.5,EXPRESSED
ITGAL,3.07,82.5,EXPRESSED
TECTA,3.07,82.5,EXPRESSED
SYNGR1,3.07,82.5,EXPRESSED
SIK1,3.06,82.5,EXPRESSED
HHLA2,3.06,82.5,EXPRESSED
MPV17L2,3.06,82.5,EXPRESSED
VSTM5,3.06,82.5,EXPRESSED
KCNB2,3.05,82.5,EXPRESSED
ASB11,3.05,82.5,EXPRESSED
FRAS1,3.04,82.5,EXPRESSED
COL17A1,3.03,82.5,EXPRESSED
PRLR,3.02,82.5,EXPRESSED
TMPRSS15,3.01,82.5,EXPRESSED
RSKR,3.01,82.5,EXPRESSED
PLD6,3.0,82.5,EXPRESSED
PITPNM3,2.99,82.5,EXPRESSED
CEP43,2.99,82.5,EXPRESSED
ELMOD1,2.98,82.5,EXPRESSED
CHRM4,2.98,82.5,EXPRESSED
SHISAL1,2.97,82.5,EXPRESSED
PXMP2,2.97,82.5,EXPRESSED
CYB561A3,2.96,82.5,EXPRESSED
RANBP17,2.96,82.4,EXPRESSED
SLC2A14,2.95,82.4,EXPRESSED
ACE,2.95,82.4,EXPRESSED
BNIPL,2.95,82.4,EXPRESSED
GIPR,2.95,82.4,EXPRESSED
BEST1,2.95,82.4,EXPRESSED
LSMEM1,2.94,82.4,EXPRESSED
FADS2,2.94,82.4,EXPRESSED
TMPRSS5,2.94,82.4,EXPRESSED
EPHB1,2.94,82.4,EXPRESSED
IL2RB,2.94,82.4,EXPRESSED
CXCR6,2.92,82.4,EXPRESSED
CTXN1,2.92,82.4,EXPRESSED
ANKRD45,2.92,82.4,EXPRESSED
ATP2A1,2.92,82.4,EXPRESSED
PLPP4,2.91,82.4,EXPRESSED
OR13A1,2.91,82.4,EXPRESSED
PODXL2,2.91,82.4,EXPRESSED
OR9A2,2.9,82.4,EXPRESSED
CYP3A4,2.9,82.4,EXPRESSED
GRIA1,2.9,82.4,EXPRESSED
ART4,2.89,82.4,EXPRESSED
ARL6IP6,2.89,82.4,EXPRESSED
KCND1,2.88,82.4,EXPRESSED
SPATA1,2.87,82.4,EXPRESSED
ULBP3,2.87,82.4,EXPRESSED
OR1Q1,2.87,82.4,EXPRESSED
PCDHA3,2.86,82.4,EXPRESSED
NDUFA13,2.85,82.4,EXPRESSED
SLC22A1,2.85,82.3,EXPRESSED
NDRG4,2.85,82.3,EXPRESSED
FUT2,2.85,82.3,EXPRESSED
KCNB1,2.85,82.3,EXPRESSED
ALG9,2.85,82.3,EXPRESSED
SMIM10,2.84,82.3,EXPRESSED
SPPL2B,2.84,82.3,EXPRESSED
OR8K3,2.84,82.3,EXPRESSED
VN1R5,2.83,82.3,EXPRESSED
TAS2R43,2.83,82.3,EXPRESSED
TPTE2,2.83,82.3,EXPRESSED
ATP10A,2.82,82.3,EXPRESSED
OBSCN,2.81,82.3,EXPRESSED
ATP2A3,2.81,82.3,EXPRESSED
CD27,2.81,82.3,EXPRESSED
NUP210,2.79,82.3,EXPRESSED
KCNN3,2.78,82.3,EXPRESSED
FBXO41,2.78,82.3,EXPRESSED
BCDIN3D,2.77,82.3,EXPRESSED
BAIAP2,2.77,82.3,EXPRESSED
BAK1,2.77,82.3,EXPRESSED
OR51M1,2.77,82.2,EXPRESSED
CCKAR,2.76,82.2,EXPRESSED
LHFPL1,2.75,82.2,EXPRESSED
CYP39A1,2.74,82.2,EXPRESSED
TRAT1,2.74,82.2,EXPRESSED
MAN1C1,2.73,82.2,EXPRESSED
PTGS2,2.73,82.2,EXPRESSED
DNAH6,2.73,82.2,EXPRESSED
SCN2B,2.72,82.2,EXPRESSED
ALG1,2.72,82.2,EXPRESSED
KLRC3,2.72,82.2,EXPRESSED
TSPO2,2.71,82.2,EXPRESSED
TXK,2.7,82.2,EXPRESSED
ABCA13,2.69,82.2,EXPRESSED
LRIG1,2.69,82.2,EXPRESSED
CERS4,2.69,82.2,EXPRESSED
SLC35F3,2.68,82.2,EXPRESSED
SLC18A2,2.68,82.2,EXPRESSED
KIF17,2.67,82.2,EXPRESSED
C11orf87,2.67,82.1,EXPRESSED
SLCO4A1,2.67,82.1,EXPRESSED
OR4C5,2.66,82.1,EXPRESSED
CFAP47,2.66,82.1,EXPRESSED
LINGO2,2.66,82.1,EXPRESSED
OR51I1,2.65,82.1,EXPRESSED
TMEM233,2.65,82.1,EXPRESSED
CD38,2.65,82.1,EXPRESSED
TIMD4,2.65,82.1,EXPRESSED
DIABLO,2.64,82.1,EXPRESSED
TAS2R10,2.64,82.1,EXPRESSED
EREG,2.63,82.1,EXPRESSED
KCNV1,2.63,82.1,EXPRESSED
FFAR4,2.62,82.1,EXPRESSED
RND1,2.62,82.1,EXPRESSED
UCP1,2.6,82.1,EXPRESSED
CLGN,2.6,82.1,EXPRESSED
AJM1,2.59,82.1,EXPRESSED
RASD2,2.59,82.1,EXPRESSED
CD3G,2.59,82.1,EXPRESSED
CD300E,2.59,82.1,EXPRESSED
SPTBN2,2.59,82.1,EXPRESSED
SYNPR,2.58,82.0,EXPRESSED
ABCA12,2.58,82.0,EXPRESSED
NHSL2,2.58,82.0,EXPRESSED
SLC51A,2.57,82.0,EXPRESSED
OR8B2,2.57,82.0,EXPRESSED
SLFN12L,2.56,82.0,EXPRESSED
GET1,2.56,82.0,EXPRESSED
CADM2,2.55,82.0,EXPRESSED
CRTAM,2.55,82.0,EXPRESSED
PLPPR3,2.55,82.0,EXPRESSED
CDH12,2.54,82.0,EXPRESSED
LRFN4,2.54,82.0,EXPRESSED
TNFRSF13C,2.53,82.0,EXPRESSED
KLHL41,2.53,82.0,EXPRESSED
SIGIRR,2.53,82.0,EXPRESSED
PJVK,2.53,82.0,EXPRESSED
LRRC46,2.53,82.0,EXPRESSED
C19orf38,2.52,82.0,EXPRESSED
RTN2,2.52,82.0,EXPRESSED
ICOS,2.52,82.0,EXPRESSED
ACKR2,2.52,82.0,EXPRESSED
GAGE2A,2.52,82.0,EXPRESSED
PTGER3,2.52,82.0,EXPRESSED
B3GNT8,2.52,82.0,EXPRESSED
BCAP29,2.52,82.0,EXPRESSED
NUAK2,2.52,82.0,EXPRESSED
C2orf74,2.51,82.0,EXPRESSED
OR56B1,2.51,82.0,EXPRESSED
P2RY4,2.51,82.0,EXPRESSED
PCDHA5,2.51,82.0,EXPRESSED
EDA,2.51,81.9,EXPRESSED
SLC26A1,2.5,81.9,EXPRESSED
AMDHD1,2.5,81.9,EXPRESSED
CH25H,2.5,81.9,EXPRESSED
TAFA2,2.49,81.9,EXPRESSED
ANKFN1,2.49,81.9,EXPRESSED
ABCA9,2.49,81.9,EXPRESSED
PAQR4,2.49,81.9,EXPRESSED
YIF1B,2.49,81.9,EXPRESSED
GDAP1L1,2.48,81.9,EXPRESSED
SEZ6,2.48,81.9,EXPRESSED
MEFV,2.47,81.9,EXPRESSED
RNF182,2.47,81.9,EXPRESSED
KCNJ10,2.47,81.9,EXPRESSED
CEACAM1,2.47,81.9,EXPRESSED
TXNDC5,2.46,81.9,EXPRESSED
GAS2,2.46,81.9,EXPRESSED
FAM209B,2.46,81.9,EXPRESSED
FUT1,2.45,81.9,EXPRESSED
MPZL3,2.44,81.9,EXPRESSED
OR14K1,2.44,81.9,EXPRESSED
MEST,2.44,81.9,EXPRESSED
XKRX,2.44,81.9,EXPRESSED
GRIN3A,2.44,81.9,EXPRESSED
GRAP2,2.43,81.8,EXPRESSED
ELOVL7,2.43,81.8,EXPRESSED
GAP43,2.43,81.8,EXPRESSED
SLC39A3,2.43,81.8,EXPRESSED
FRMD7,2.42,81.8,EXPRESSED
TMEM266,2.42,81.8,EXPRESSED
BDKRB2,2.42,81.8,EXPRESSED
INSRR,2.41,81.8,EXPRESSED
LSR,2.41,81.8,EXPRESSED
SLC47A1,2.4,81.8,EXPRESSED
NFKBID,2.4,81.8,EXPRESSED
COX7A1,2.4,81.8,EXPRESSED
SLC14A2,2.39,81.8,EXPRESSED
ABCB5,2.38,81.8,EXPRESSED
HCAR2,2.38,81.8,EXPRESSED
GFY,2.38,81.8,EXPRESSED
CYP3A43,2.37,81.8,EXPRESSED
OSBPL6,2.36,81.7,EXPRESSED
OR8B3,2.36,81.7,EXPRESSED
WNT2B,2.35,81.7,EXPRESSED
RHCE,2.35,81.7,EXPRESSED
LMF1,2.34,81.7,EXPRESSED
SCN1B,2.34,81.7,EXPRESSED
C3orf33,2.34,81.7,EXPRESSED
ACSBG2,2.33,81.7,EXPRESSED
PCDHB2,2.33,81.7,EXPRESSED
OR8G3P,2.31,81.7,EXPRESSED
LY75,2.31,81.7,EXPRESSED
DIPK1B,2.31,81.7,EXPRESSED
FABP6,2.31,81.7,EXPRESSED
FAM171A2,2.31,81.7,EXPRESSED
PARD6A,2.3,81.7,EXPRESSED
GRAMD2A,2.29,81.7,EXPRESSED
ABCA10,2.29,81.7,EXPRESSED
GSG1,2.28,81.7,EXPRESSED
PGPEP1L,2.28,81.6,EXPRESSED
CD80,2.28,81.6,EXPRESSED
SLC14A1,2.28,81.6,EXPRESSED
AGT,2.28,81.6,EXPRESSED
CIAO3,2.27,81.6,EXPRESSED
CMTM2,2.27,81.6,EXPRESSED
ADH1A,2.25,81.6,EXPRESSED
MFSD13A,2.25,81.6,EXPRESSED
ZNG1F,2.25,81.6,EXPRESSED
TREM1,2.24,81.6,EXPRESSED
SLC9B1,2.24,81.6,EXPRESSED
RABAC1,2.24,81.6,EXPRESSED
GABRE,2.23,81.6,EXPRESSED
TMEM26,2.23,81.6,EXPRESSED
MANSC4,2.23,81.6,EXPRESSED
THPO,2.23,81.6,EXPRESSED
HCN3,2.22,81.6,EXPRESSED
SCNN1D,2.22,81.6,EXPRESSED
TNFRSF9,2.21,81.6,EXPRESSED
SPINT1,2.21,81.5,EXPRESSED
PPEF1,2.2,81.5,EXPRESSED
CDS1,2.19,81.5,EXPRESSED
PMEL,2.19,81.5,EXPRESSED
UGT2B17,2.19,81.5,EXPRESSED
SYNC,2.18,81.5,EXPRESSED
S1PR5,2.18,81.5,EXPRESSED
CD300LF,2.18,81.5,EXPRESSED
AP5S1,2.18,81.5,EXPRESSED
PKP1,2.18,81.5,EXPRESSED
CR1,2.17,81.5,EXPRESSED
FJX1,2.17,81.5,EXPRESSED
BMX,2.16,81.5,EXPRESSED
C1orf185,2.16,81.5,EXPRESSED
CDH20,2.16,81.5,EXPRESSED
NEGR1,2.16,81.5,EXPRESSED
PRF1,2.15,81.5,EXPRESSED
CDH26,2.15,81.5,EXPRESSED
LSAMP,2.14,81.5,EXPRESSED
P4HA3,2.14,81.5,EXPRESSED
OR4F21,2.14,81.5,EXPRESSED
SLC2A4,2.14,81.4,EXPRESSED
RNFT2,2.13,81.4,EXPRESSED
PROKR2,2.13,81.4,EXPRESSED
GABRR1,2.13,81.4,EXPRESSED
SLITRK4,2.13,81.4,EXPRESSED
ROBO3,2.13,81.4,EXPRESSED
PCDHA11,2.12,81.4,EXPRESSED
CRB2,2.12,81.4,EXPRESSED
PTPRO,2.11,81.4,EXPRESSED
RNASEH1,2.11,81.4,EXPRESSED
OR2S2,2.11,81.4,EXPRESSED
SPATA12,2.11,81.4,EXPRESSED
CHRNA5,2.11,81.4,EXPRESSED
ADCY5,2.1,81.4,EXPRESSED
CELSR1,2.1,81.4,EXPRESSED
TBC1D30,2.09,81.4,EXPRESSED
TMEM225B,2.09,81.4,EXPRESSED
TSPAN2,2.09,81.4,EXPRESSED
OPN1SW,2.09,81.4,EXPRESSED
SLC45A1,2.08,81.4,EXPRESSED
PRRG4,2.08,81.4,EXPRESSED
CNIH2,2.08,81.3,EXPRESSED
EPHB6,2.07,81.3,EXPRESSED
NRG3,2.07,81.3,EXPRESSED
KLRC2,2.07,81.3,EXPRESSED
SLC37A4,2.07,81.3,EXPRESSED
SUCNR1,2.06,81.3,EXPRESSED
CMTM1,2.06,81.3,EXPRESSED
ANKLE1,2.05,81.3,EXPRESSED
MUC3A,2.05,81.3,EXPRESSED
CLEC1B,2.05,81.3,EXPRESSED
KCNK6,2.05,81.3,EXPRESSED
PPL,2.05,81.3,EXPRESSED
ZDHHC24,2.04,81.3,EXPRESSED
MTCP1,2.04,81.3,EXPRESSED
MOXD1,2.04,81.3,EXPRESSED
PLIN4,2.04,81.3,EXPRESSED
TMEM139,2.04,81.3,EXPRESSED
HJV,2.03,81.3,EXPRESSED
OR8B12,2.02,81.2,EXPRESSED
PTGFR,2.02,81.2,EXPRESSED
MRGPRX4,2.02,81.2,EXPRESSED
SIRPB1,2.01,81.2,EXPRESSED
GPRC5D,2.01,81.2,EXPRESSED
OR9A4,2.01,81.2,EXPRESSED
PLIN1,2.01,81.2,EXPRESSED
PIGZ,2.01,81.2,EXPRESSED
XKR5,2.0,81.2,EXPRESSED
CYP2F1,2.0,81.2,EXPRESSED
NLGN4X,2.0,81.2,EXPRESSED
RAB27B,1.99,81.2,EXPRESSED
CBARP,1.99,81.2,EXPRESSED
TMPRSS11E,1.98,81.2,EXPRESSED
DIRAS1,1.98,81.2,EXPRESSED
CEACAM4,1.98,81.2,EXPRESSED
PKHD1L1,1.98,81.2,EXPRESSED
P2RY8,1.97,81.2,EXPRESSED
MCF2,1.97,81.2,EXPRESSED
CCDC163,1.97,81.1,EXPRESSED
TMEM30B,1.97,81.1,EXPRESSED
CNMD,1.96,81.1,EXPRESSED
LRRTM3,1.96,81.1,EXPRESSED
OXER1,1.96,81.1,EXPRESSED
IL22RA1,1.96,81.1,EXPRESSED
CHGA,1.96,81.1,EXPRESSED
PCDHA8,1.96,81.1,EXPRESSED
CLCN2,1.95,81.1,EXPRESSED
SPHK1,1.95,81.1,EXPRESSED
CD226,1.95,81.1,EXPRESSED
SLC25A34,1.95,81.1,EXPRESSED
FCGR3B,1.95,81.1,EXPRESSED
ACP3,1.94,81.1,EXPRESSED
DDIT4L,1.94,81.1,EXPRESSED
CD300C,1.94,81.1,EXPRESSED
TNFSF13,1.94,81.1,EXPRESSED
TGM1,1.93,81.1,EXPRESSED
TMEM108,1.93,81.1,EXPRESSED
TEKTIP1,1.93,81.1,EXPRESSED
CRELD1,1.93,81.1,EXPRESSED
DHCR7,1.93,81.1,EXPRESSED
SUSD3,1.91,81.0,EXPRESSED
C16orf54,1.91,81.0,EXPRESSED
TRPC5,1.91,81.0,EXPRESSED
CLEC4F,1.91,81.0,EXPRESSED
PCSK4,1.91,81.0,EXPRESSED
TLCD4-RWDD3,1.89,81.0,EXPRESSED
HRH2,1.89,81.0,EXPRESSED
GLRA1,1.89,81.0,EXPRESSED
CDH17,1.89,81.0,EXPRESSED
RGMB,1.89,81.0,EXPRESSED
TAS1R1,1.89,81.0,EXPRESSED
REEP2,1.89,81.0,EXPRESSED
PCDHA9,1.88,81.0,EXPRESSED
GPR68,1.88,81.0,EXPRESSED
SGCE,1.87,81.0,EXPRESSED
CHST6,1.87,81.0,EXPRESSED
SCN3B,1.87,81.0,EXPRESSED
DUSP15,1.87,81.0,EXPRESSED
LRRN4CL,1.86,80.9,EXPRESSED
PCDH7,1.85,80.9,EXPRESSED
POPDC3,1.85,80.9,EXPRESSED
AWAT1,1.85,80.9,EXPRESSED
TMEM276,1.84,80.9,EXPRESSED
MSMB,1.84,80.9,EXPRESSED
MRGPRX3,1.84,80.9,EXPRESSED
ENDOG,1.84,80.9,EXPRESSED
TMPRSS12,1.84,80.9,EXPRESSED
REEP6,1.83,80.9,EXPRESSED
CEACAM21,1.83,80.9,EXPRESSED
SLC3A1,1.83,80.9,EXPRESSED
EFNA2,1.82,80.9,EXPRESSED
OR1N2,1.82,80.9,EXPRESSED
CD48,1.82,80.9,EXPRESSED
USP2,1.82,80.9,EXPRESSED
PURG,1.81,80.9,EXPRESSED
CCR2,1.81,80.9,EXPRESSED
TMIE,1.81,80.8,EXPRESSED
TRPM3,1.81,80.8,EXPRESSED
ADAM23,1.81,80.8,EXPRESSED
OCM,1.81,80.8,EXPRESSED
IL1RAPL1,1.8,80.8,EXPRESSED
PDZD9,1.8,80.8,EXPRESSED
TRAF3IP3,1.8,80.8,EXPRESSED
GABRA2,1.79,80.8,EXPRESSED
MEP1B,1.79,80.8,EXPRESSED
SLC35G5,1.79,80.8,EXPRESSED
MST1R,1.78,80.8,EXPRESSED
ACTL10,1.78,80.8,EXPRESSED
KCNA3,1.77,80.8,EXPRESSED
ABCC2,1.77,80.8,EXPRESSED
MARCHF10,1.75,80.7,EXPRESSED
ANO7,1.75,80.7,EXPRESSED
CDH23,1.75,80.7,EXPRESSED
CSPG5,1.75,80.7,EXPRESSED
SLC22A18,1.75,80.7,EXPRESSED
OR8B8,1.74,80.7,EXPRESSED
SLITRK5,1.74,80.7,EXPRESSED
TEX55,1.74,80.7,EXPRESSED
RHD,1.73,80.7,EXPRESSED
CEACAM19,1.73,80.7,EXPRESSED
ARHGEF5,1.72,80.7,EXPRESSED
IGKV3OR2-268,1.72,80.7,EXPRESSED
TMEM134,1.72,80.7,EXPRESSED
GRIN2C,1.72,80.7,EXPRESSED
RAB41,1.72,80.7,EXPRESSED
SLC1A2,1.72,80.7,EXPRESSED
SUSD2,1.71,80.6,EXPRESSED
IL12RB1,1.71,80.6,EXPRESSED
STAC,1.71,80.6,EXPRESSED
SLC25A53,1.71,80.6,EXPRESSED
PSMD9,1.7,80.6,EXPRESSED
RAB5IF,1.7,80.6,EXPRESSED
DCST2,1.7,80.6,EXPRESSED
VSIG10L,1.7,80.6,EXPRESSED
OR5M10,1.69,80.6,EXPRESSED
APCDD1L,1.69,80.6,EXPRESSED
CLDN7,1.69,80.6,EXPRESSED
EPHA1,1.69,80.6,EXPRESSED
BTNL3,1.69,80.6,EXPRESSED
SSTR2,1.69,80.6,EXPRESSED
GPRIN1,1.68,80.6,EXPRESSED
OR2A2,1.68,80.6,EXPRESSED
IL17RE,1.68,80.6,EXPRESSED
ADCY1,1.67,80.6,EXPRESSED
SCARA5,1.67,80.6,EXPRESSED
FMO1,1.67,80.6,EXPRESSED
LRRC8E,1.67,80.6,EXPRESSED
SPATA31C1,1.67,80.6,EXPRESSED
CNTNAP3B,1.66,80.5,EXPRESSED
MCEMP1,1.66,80.5,EXPRESSED
CYP17A1,1.66,80.5,EXPRESSED
PLEKHN1,1.66,80.5,EXPRESSED
LILRA1,1.66,80.5,EXPRESSED
OR1E2,1.65,80.5,EXPRESSED
KIF26B,1.65,80.5,EXPRESSED
USH2A,1.65,80.5,EXPRESSED
TRIM71,1.65,80.5,EXPRESSED
HTR7,1.65,80.5,EXPRESSED
GPR3,1.64,80.5,EXPRESSED
GFRA2,1.63,80.5,EXPRESSED
ITGAD,1.62,80.5,EXPRESSED
CHRNB2,1.62,80.4,EXPRESSED
GABRD,1.62,80.4,EXPRESSED
SCART1,1.61,80.4,EXPRESSED
OR10J4,1.61,80.4,EXPRESSED
OR6C70,1.6,80.4,EXPRESSED
AQP8,1.59,80.4,EXPRESSED
GRIN3B,1.59,80.4,EXPRESSED
HAS2,1.59,80.4,EXPRESSED
OR2A7,1.59,80.4,EXPRESSED
SLC31A2,1.58,80.4,EXPRESSED
WDR17,1.58,80.4,EXPRESSED
TNFRSF18,1.58,80.4,EXPRESSED
IGKV3D-20,1.58,80.4,EXPRESSED
TMEM221,1.58,80.4,EXPRESSED
CACNA2D2,1.57,80.4,EXPRESSED
BOK,1.57,80.4,EXPRESSED
SYPL2,1.56,80.3,EXPRESSED
STOML1,1.56,80.3,EXPRESSED
UNC5D,1.56,80.3,EXPRESSED
TM6SF2,1.56,80.3,EXPRESSED
CLCNKA,1.56,80.3,EXPRESSED
FREM2,1.55,80.3,EXPRESSED
BANK1,1.55,80.3,EXPRESSED
HTR2A,1.55,80.3,EXPRESSED
ADTRP,1.55,80.3,EXPRESSED
OXTR,1.55,80.3,EXPRESSED
CAVIN3,1.55,80.3,EXPRESSED
ATP6V0E2,1.55,80.3,EXPRESSED
TBC1D3L,1.55,80.3,EXPRESSED
LRRC9,1.55,80.3,EXPRESSED
ABCB9,1.54,80.3,EXPRESSED
ATL1,1.54,80.3,EXPRESSED
SPINT2,1.54,80.3,EXPRESSED
AATK,1.54,80.3,EXPRESSED
IL1RAPL2,1.54,80.3,EXPRESSED
NECTIN4,1.54,80.3,EXPRESSED
CLEC4C,1.54,80.3,EXPRESSED
ADCY8,1.54,80.3,EXPRESSED
GPR19,1.53,80.3,EXPRESSED
RAB43,1.53,80.3,EXPRESSED
XDH,1.52,80.3,EXPRESSED
PCLO,1.52,80.3,EXPRESSED
ANTKMT,1.52,80.3,EXPRESSED
TREH,1.51,80.2,EXPRESSED
ARL9,1.51,80.2,EXPRESSED
SHISA3,1.51,80.2,EXPRESSED
GRM7,1.51,80.2,EXPRESSED
DSG3,1.51,80.2,EXPRESSED
MGST1,1.51,80.2,EXPRESSED
KLRC4,1.51,80.2,EXPRESSED
PCDHA7,1.51,80.2,EXPRESSED
TM9SF1,1.51,80.2,EXPRESSED
OXGR1,1.51,80.2,EXPRESSED
MED17,1.5,80.2,EXPRESSED
TAS1R3,1.5,80.2,EXPRESSED
FCRL6,1.5,80.2,EXPRESSED
LY6G6C,1.5,80.2,EXPRESSED
SLC16A13,1.5,80.2,EXPRESSED
PSG9,1.49,80.2,EXPRESSED
CD300H,1.49,80.2,EXPRESSED
PRC1,1.49,80.2,EXPRESSED
PTPRT,1.49,80.2,EXPRESSED
TMEM231,1.49,80.2,EXPRESSED
JMJD4,1.49,80.2,EXPRESSED
OPCML,1.49,80.2,EXPRESSED
BRSK2,1.48,80.2,EXPRESSED
OR1L1,1.48,80.2,EXPRESSED
SLC34A3,1.48,80.2,EXPRESSED
TMEM232,1.48,80.2,EXPRESSED
GPR63,1.48,80.1,EXPRESSED
MFSD2A,1.48,80.1,EXPRESSED
PRRG3,1.48,80.1,EXPRESSED
SLC15A5,1.48,80.1,EXPRESSED
ZGPAT,1.48,80.1,EXPRESSED
DEGS2,1.47,80.1,EXPRESSED
PCDHAC1,1.47,80.1,EXPRESSED
LY6G6F,1.47,80.1,EXPRESSED
SYT9,1.47,80.1,EXPRESSED
GARIN2,1.47,80.1,EXPRESSED
TEX29,1.47,80.1,EXPRESSED
C22orf15,1.47,80.1,EXPRESSED
PIANP,1.47,80.1,EXPRESSED
ZDHHC11,1.47,80.1,EXPRESSED
STX1B,1.47,80.1,EXPRESSED
KCNG1,1.46,80.1,EXPRESSED
DCC,1.46,80.1,EXPRESSED
OR52W1,1.46,80.1,EXPRESSED
UGT2B15,1.46,80.1,EXPRESSED
SLC35F4,1.46,80.1,EXPRESSED
AQP4,1.45,80.1,EXPRESSED
GPR151,1.45,80.1,EXPRESSED
KIRREL3,1.45,80.1,EXPRESSED
CCDC107,1.44,80.1,EXPRESSED
IMPG2,1.44,80.1,EXPRESSED
CALHM1,1.44,80.0,EXPRESSED
CD300LB,1.44,80.0,EXPRESSED
CYP4Z1,1.43,80.0,EXPRESSED
ABO,1.42,80.0,EXPRESSED
PTCH2,1.42,80.0,EXPRESSED
VPREB3,1.42,80.0,EXPRESSED
SLC4A5,1.41,80.0,EXPRESSED
GDPD2,1.41,80.0,EXPRESSED
MYRF,1.41,80.0,EXPRESSED
MTX1,1.41,80.0,EXPRESSED
NFASC,1.41,80.0,EXPRESSED
TMEM45B,1.41,80.0,EXPRESSED
TMEM42,1.41,80.0,EXPRESSED
OR1A2,1.4,80.0,EXPRESSED
TSPAN19,1.4,79.9,EXPRESSED
LSMEM2,1.4,79.9,EXPRESSED
RHEX,1.4,79.9,EXPRESSED
IL17RC,1.39,79.9,EXPRESSED
ADGRF3,1.39,79.9,EXPRESSED
MGAT4C,1.39,79.9,EXPRESSED
SLC27A5,1.39,79.9,EXPRESSED
CORO2A,1.39,79.9,EXPRESSED
TPD52L1,1.39,79.9,EXPRESSED
TMEM121,1.39,79.9,EXPRESSED
SDK1,1.39,79.9,EXPRESSED
DNASE2B,1.38,79.9,EXPRESSED
SCTR,1.38,79.9,EXPRESSED
OR13D1,1.38,79.9,EXPRESSED
AQP3,1.38,79.9,EXPRESSED
SLC10A4,1.38,79.9,EXPRESSED
SLC35F1,1.37,79.9,EXPRESSED
SMIM11,1.37,79.9,EXPRESSED
CCR7,1.37,79.9,EXPRESSED
CNGA1,1.37,79.9,EXPRESSED
JAK3,1.37,79.9,EXPRESSED
SLC4A8,1.36,79.9,EXPRESSED
SLC29A4,1.36,79.8,EXPRESSED
FCAR,1.36,79.8,EXPRESSED
PROM2,1.36,79.8,EXPRESSED
CLDN1,1.36,79.8,EXPRESSED
DCLK3,1.35,79.8,EXPRESSED
TMPRSS11F,1.35,79.8,EXPRESSED
CCR8,1.35,79.8,EXPRESSED
SGPP2,1.35,79.8,EXPRESSED
P2RY10,1.35,79.8,EXPRESSED
KCNJ11,1.34,79.8,EXPRESSED
RAMP3,1.34,79.8,EXPRESSED
ADGRB2,1.33,79.8,EXPRESSED
RAB26,1.33,79.8,EXPRESSED
TMC3,1.33,79.8,EXPRESSED
PCDHA4,1.33,79.8,EXPRESSED
ADRA2B,1.33,79.8,EXPRESSED
LGR6,1.33,79.8,EXPRESSED
CFAP299,1.33,79.8,EXPRESSED
TFR2,1.33,79.8,EXPRESSED
SV2C,1.32,79.8,EXPRESSED
STRA6,1.32,79.7,EXPRESSED
ROM1,1.32,79.7,EXPRESSED
TNFSF14,1.32,79.7,EXPRESSED
CD7,1.31,79.7,EXPRESSED
TBC1D3H,1.3,79.7,EXPRESSED
HACD1,1.3,79.7,EXPRESSED
SLC25A10,1.3,79.7,EXPRESSED
OSR2,1.3,79.7,EXPRESSED
KCNIP3,1.3,79.7,EXPRESSED
IL11RA,1.3,79.7,EXPRESSED
SIRPG,1.3,79.7,EXPRESSED
RHAG,1.3,79.7,EXPRESSED
KCNMB1,1.3,79.7,EXPRESSED
CEND1,1.29,79.7,EXPRESSED
ENPP3,1.29,79.7,EXPRESSED
SLC9A3,1.29,79.7,EXPRESSED
SPATC1L,1.29,79.7,EXPRESSED
TTC39A,1.29,79.7,EXPRESSED
ASGR2,1.29,79.7,EXPRESSED
LRRC53,1.29,79.7,EXPRESSED
CDRT15,1.29,79.7,EXPRESSED
FZD10,1.28,79.6,EXPRESSED
SLC35E4,1.28,79.6,EXPRESSED
ITGB4,1.28,79.6,EXPRESSED
SLC38A5,1.27,79.6,EXPRESSED
ADGRF4,1.27,79.6,EXPRESSED
RDM1,1.27,79.6,EXPRESSED
FCER2,1.27,79.6,EXPRESSED
GYPB,1.26,79.6,EXPRESSED
LGALS4,1.26,79.6,EXPRESSED
CACNA1H,1.26,79.6,EXPRESSED
GPR179,1.26,79.6,EXPRESSED
TMPRSS6,1.26,79.6,EXPRESSED
SNX14,1.25,79.6,EXPRESSED
ADAM11,1.25,79.6,EXPRESSED
PKMYT1,1.25,79.6,EXPRESSED
UGT2B4,1.25,79.6,EXPRESSED
ADGRE1,1.25,79.6,EXPRESSED
DBH,1.24,79.5,EXPRESSED
HSD11B1L,1.24,79.5,EXPRESSED
HSD11B2,1.24,79.5,EXPRESSED
XAGE3,1.24,79.5,EXPRESSED
FSHR,1.24,79.5,EXPRESSED
SPN,1.24,79.5,EXPRESSED
SIGLEC11,1.23,79.5,EXPRESSED
ADAM7,1.23,79.5,EXPRESSED
ADAM29,1.23,79.5,EXPRESSED
RHBDL1,1.23,79.5,EXPRESSED
ANKRD35,1.22,79.5,EXPRESSED
JPH3,1.22,79.5,EXPRESSED
GJA5,1.22,79.5,EXPRESSED
TMEM236,1.22,79.5,EXPRESSED
TRIM54,1.21,79.5,EXPRESSED
SORCS2,1.21,79.5,EXPRESSED
OR11H4,1.21,79.5,EXPRESSED
PLD5,1.21,79.4,EXPRESSED
S1PR4,1.21,79.4,EXPRESSED
TMEM198,1.21,79.4,EXPRESSED
CFAP54,1.2,79.4,EXPRESSED
OR8A1,1.2,79.4,EXPRESSED
SNORC,1.2,79.4,EXPRESSED
TPTE,1.2,79.4,EXPRESSED
MOGAT1,1.19,79.4,EXPRESSED
SLC51B,1.19,79.4,EXPRESSED
PPP1R9A,1.19,79.4,EXPRESSED
LPAR3,1.19,79.4,EXPRESSED
CATSPERG,1.19,79.4,EXPRESSED
SPATA31D1,1.19,79.4,EXPRESSED
DNAH2,1.19,79.4,EXPRESSED
NT5C1B,1.18,79.4,EXPRESSED
KLRD1,1.18,79.4,EXPRESSED
SPTSSB,1.18,79.4,EXPRESSED
CD40LG,1.18,79.4,EXPRESSED
LYPD3,1.18,79.4,EXPRESSED
ACSM6,1.18,79.4,EXPRESSED
ELN,1.18,79.3,EXPRESSED
KHDC1,1.18,79.3,EXPRESSED
NTRK2,1.17,79.3,EXPRESSED
OR1J4,1.17,79.3,EXPRESSED
ALK,1.17,79.3,EXPRESSED
CHRNA1,1.17,79.3,EXPRESSED
OR2W3,1.17,79.3,EXPRESSED
TMEM121B,1.17,79.3,EXPRESSED
DSCAM,1.17,79.3,EXPRESSED
SDHA,1.16,79.3,EXPRESSED
TEX13C,1.16,79.3,EXPRESSED
OR4C3,1.16,79.3,EXPRESSED
SLITRK3,1.16,79.3,EXPRESSED
CD8B,1.16,79.3,EXPRESSED
GRIN2A,1.16,79.3,EXPRESSED
CD101,1.16,79.3,EXPRESSED
BTLA,1.16,79.3,EXPRESSED
C12orf60,1.16,79.3,EXPRESSED
DNAJC6,1.15,79.3,EXPRESSED
NPIPB9,1.15,79.3,EXPRESSED
GPR174,1.15,79.3,EXPRESSED
SLC12A8,1.15,79.3,EXPRESSED
SLC6A4,1.15,79.3,EXPRESSED
ZMYND10,1.15,79.2,EXPRESSED
OR6A2,1.14,79.2,EXPRESSED
TMEM178B,1.14,79.2,EXPRESSED
DGKB,1.14,79.2,EXPRESSED
OR1B1,1.14,79.2,EXPRESSED
RAMP1,1.14,79.2,EXPRESSED
PNLDC1,1.14,79.2,EXPRESSED
XG,1.14,79.2,EXPRESSED
AMACR,1.13,79.2,EXPRESSED
FNDC10,1.13,79.2,EXPRESSED
TACR2,1.13,79.2,EXPRESSED
ABCC6,1.13,79.2,EXPRESSED
RPEL1,1.13,79.2,EXPRESSED
F2RL1,1.13,79.2,EXPRESSED
GPR84,1.13,79.2,EXPRESSED
CIB3,1.13,79.2,EXPRESSED
DNAAF4,1.13,79.2,EXPRESSED
INAFM2,1.13,79.2,EXPRESSED
A4GNT,1.13,79.2,EXPRESSED
KCNN4,1.12,79.2,EXPRESSED
GADL1,1.12,79.2,EXPRESSED
PCDHAC2,1.12,79.2,EXPRESSED
SYP,1.12,79.2,EXPRESSED
OR14A2,1.12,79.2,EXPRESSED
RDH13,1.12,79.2,EXPRESSED
APLNR,1.12,79.2,EXPRESSED
FCER1A,1.12,79.2,EXPRESSED
FUT9,1.12,79.1,EXPRESSED
MC1R,1.12,79.1,EXPRESSED
CHRNA3,1.12,79.1,EXPRESSED
LRRC3C,1.12,79.1,EXPRESSED
MDGA1,1.11,79.1,EXPRESSED
FASLG,1.11,79.1,EXPRESSED
PSENEN,1.11,79.1,EXPRESSED
SLC29A2,1.11,79.1,EXPRESSED
TRIM59,1.1,79.1,EXPRESSED
SLC28A2,1.1,79.1,EXPRESSED
LYNX1,1.1,79.1,EXPRESSED
DRD5,1.1,79.1,EXPRESSED
SEZ6L2,1.1,79.1,EXPRESSED
DNER,1.1,79.1,EXPRESSED
DPEP3,1.1,79.1,EXPRESSED
SLC16A8,1.09,79.1,EXPRESSED
AGR2,1.09,79.1,EXPRESSED
KRTAP25-1,1.08,79.0,EXPRESSED
CYP3A7,1.08,79.0,EXPRESSED
GRM3,1.08,79.0,EXPRESSED
ELFN1,1.08,79.0,EXPRESSED
VSTM1,1.07,79.0,EXPRESSED
P2RY6,1.07,79.0,EXPRESSED
EQTN,1.07,79.0,EXPRESSED
LTK,1.06,79.0,EXPRESSED
PRRG2,1.06,79.0,EXPRESSED
ZP1,1.06,79.0,EXPRESSED
OR2AG1,1.06,79.0,EXPRESSED
CPT1C,1.06,79.0,EXPRESSED
TVP23A,1.06,79.0,EXPRESSED
ITGB7,1.06,79.0,EXPRESSED
RTN4R,1.06,79.0,EXPRESSED
SLC46A2,1.06,79.0,EXPRESSED
ELOVL2,1.06,79.0,EXPRESSED
FBP2,1.05,78.9,EXPRESSED
SLCO4C1,1.05,78.9,EXPRESSED
CPO,1.05,78.9,EXPRESSED
TMEM89,1.05,78.9,EXPRESSED
OR13C8,1.04,78.9,EXPRESSED
SLC26A3,1.04,78.9,EXPRESSED
OR11L1,1.04,78.9,EXPRESSED
ADRA1D,1.04,78.9,EXPRESSED
MUC13,1.03,78.9,EXPRESSED
OR2AE1,1.03,78.9,EXPRESSED
GABRR2,1.03,78.9,EXPRESSED
KCNJ9,1.03,78.9,EXPRESSED
CXCR3,1.02,78.8,EXPRESSED
SIT1,1.02,78.8,EXPRESSED
NXPE1,1.02,78.8,EXPRESSED
TRIML2,1.02,78.8,EXPRESSED
LRTM1,1.02,78.8,EXPRESSED
OR8G5,1.02,78.8,EXPRESSED
NGEF,1.02,78.8,EXPRESSED
PCDHA13,1.01,78.8,EXPRESSED
ABHD16A,1.01,78.8,EXPRESSED
TMEM132B,1.01,78.8,EXPRESSED
SLC24A5,1.01,78.8,EXPRESSED
ANKS1B,1.01,78.8,EXPRESSED
AVPR2,1.01,78.8,EXPRESSED
DSC3,1.0,78.8,EXPRESSED
THSD7B,1.0,78.8,EXPRESSED
