gene,drug,score,source
CD9,DESIPRAMINE,0.0304,SURFACE
CD9,MILNACIPRAN,0.1695,SURFACE
CD9,"PAROXETINE HYDROCHLORIDE, HEMIHYDRATE",0.0475,SURFACE
CD9,TYROSINE KINASE INHIBITOR,0.0913,SURFACE
CD9,DOXEPIN HYDROCHLORIDE,0.027,SURFACE
CD9,NORZOTEPINE,0.5932,SURFACE
CD9,VILAZODONE HYDROCHLORIDE,0.1186,SURFACE
CD9,THERAPEUTIC ANDROGEN,0.1396,SURFACE
CD9,DESVENLAFAXINE SUCCINATE,0.1483,SURFACE
CD9,LEVOMILNACIPRAN,0.1977,SURFACE
CD9,SIBUTRAMINE,0.1318,SURFACE
CD9,PROTRIPTYLINE,0.1318,SURFACE
CD9,PHENELZINE,0.0847,SURFACE
CD9,DOTHIEPIN,0.1186,SURFACE
CD9,SERTRALINE HYDROCHLORIDE,0.0593,SURFACE
CD9,RECOMBINANT EOTAXIN,0.3955,SURFACE
CD9,FLUOXETINE HYDROCHLORIDE,0.0424,SURFACE
CD9,VENLAFAXINE,0.0989,SURFACE
CD9,IL-5,0.4746,SURFACE
CD9,IBOGAINE,1.1864,SURFACE
CD9,[3H]PAROXETINE,1.1864,SURFACE
CD9,FLUVOXAMINE,0.0913,SURFACE
CD9,AMITRIPTYLINE HYDROCHLORIDE,0.0264,SURFACE
CD9,ZOTEPINE,0.0742,SURFACE
CD9,LOFEPRAMINE,0.2966,SURFACE
CD9,TRIMIPRAMINE,0.036,SURFACE
CD9,DAPOXETINE,0.5932,SURFACE
CD9,CITALOPRAM,0.0339,SURFACE
CD9,THERAPEUTIC STEROID HORMONE,0.2966,SURFACE
CD9,TOLUDESVENLAFAXINE,0.3955,SURFACE
CD9,ATOMOXETINE HYDROCHLORIDE,0.1483,SURFACE
CD9,VORTIOXETINE HYDROBROMIDE,0.0913,SURFACE
CD9,NORTRIPTYLINE,0.0371,SURFACE
CD9,DULOXETINE HYDROCHLORIDE,0.0456,SURFACE
CD9,HERBIMYCIN A,0.2966,SURFACE
CD9,LIF,0.2966,SURFACE
CD9,NEFAZODONE,0.0847,SURFACE
CD9,PROPIONIBACTERIUM ACNES,1.1864,SURFACE
CD9,ZIPRASIDONE,0.0383,SURFACE
CD9,IMIPRAMINE HYDROCHLORIDE,0.0593,SURFACE
CD9,AMOXAPINE,0.0791,SURFACE
CD9,CLOMIPRAMINE,0.0312,SURFACE
CD9,RECOMBINANT INTERLEUKIN-16,2.3729,SURFACE
CD9,LUMATEPERONE,0.1695,SURFACE
CDKN2A,RIBOCICLIB,0.5179,DRIVER
CDKN2A,PACLITAXEL,0.0339,DRIVER
CDKN2A,ULIXERTINIB,0.3729,DRIVER
CDKN2A,ALVOCIDIB,0.1776,DRIVER
CDKN2A,PF-04691502,0.3107,DRIVER
CDKN2A,ILORASERTIB,0.0161,DRIVER
CDKN2A,VEMURAFENIB,0.2016,DRIVER
CDKN2A,RONICICLIB,0.0666,DRIVER
CDKN2A,CETUXIMAB,0.1008,DRIVER
CDKN2A,SAPANISERTIB,0.1621,DRIVER
CDKN2A,TEMOZOLOMIDE,0.1776,DRIVER
CDKN2A,PF-00477736,0.9322,DRIVER
CDKN2A,HMN-214,1.8644,DRIVER
CDKN2A,MILCICLIB,0.339,DRIVER
CDKN2A,POLO-LIKE KINASE 1 INHIBITOR GSK461364,1.8644,DRIVER
CDKN2A,COBIMETINIB,0.1963,DRIVER
CDKN2A,GEMCITABINE,0.0405,DRIVER
CDKN2A,PANITUMUMAB,0.0932,DRIVER
CDKN2A,BUPARLISIB,0.1492,DRIVER
CDKN2A,"(10R)-10-METHYL-3-(6-METHYLPYRIDIN-3-YL)-9,10,11,12-TETRAHYDRO-8H-[1,4]DIAZEPINO[5',6':4,5]THIENO[3,2-F]QUINOLIN-8-ONE",1.2429,DRIVER
CDKN2A,SIROLIMUS,0.0643,DRIVER
CDKN2A,CARBOPLATIN,0.0434,DRIVER
CDKN2A,PALBOCICLIB,1.0236,DRIVER
CDKN2A,EVEROLIMUS,0.1097,DRIVER
CDKN2A,LETROZOLE,0.1036,DRIVER
CDKN2A,TRAMETINIB DIMETHYL SULFOXIDE,0.2777,DRIVER
CDKN2A,DABRAFENIB,0.2762,DRIVER
CDKN2A,ABEMACICLIB,0.785,DRIVER
ADAM10,GI254023X,1.6314,SURFACE
ADAM10,MARIMASTAT,0.435,SURFACE
ADAM10,ILOMASTAT,0.1305,SURFACE
ADAM10,2-OLEOYL-LPA,0.8157,SURFACE
ADAM10,COMPOUND 83 [PMID: 23888932],3.2627,SURFACE
ADAM10,INCB7839,1.6314,SURFACE
ADAM10,CXCL17,3.2627,SURFACE
ADAM10,ADERBASIB,1.6314,SURFACE
ADAM10,CID2745687,1.0876,SURFACE
ADAM10,ZAPRINAST,0.251,SURFACE
ADAM10,FUROSEMIDE,0.1813,SURFACE
ADAM10,KYNURENIC ACID,0.8157,SURFACE
ADAM10,PAMOIC ACID,1.6314,SURFACE
ADAM10,LODOXAMIDE TROMETHAMINE,3.2627,SURFACE
ADAM10,COMPOUND 25 [PMID: 18068976],3.2627,SURFACE
ADAM10,BUMETANIDE,0.1813,SURFACE
ABCA1,MRS1066,0.502,SURFACE
ABCA1,PBF-509,0.251,SURFACE
ABCA1,CYCLOSPORINE,0.0115,SURFACE
ABCA1,"4-{2-[(7-AMINO-2-FURAN-2-YL[1,2,4]TRIAZOLO[1,5-A][1,3,5]TRIAZIN-5-YL)AMINO]ETHYL}PHENOL",0.1004,SURFACE
ABCA1,MRS1084,0.502,SURFACE
ABCA1,PRELADENANT,0.1004,SURFACE
ABCA1,MRE 3008F20,0.1255,SURFACE
ABCA1,FK-453,0.1004,SURFACE
ABCA1,CPX,0.251,SURFACE
ABCA1,METRIFUDIL,0.502,SURFACE
ABCA1,SCH 58261,0.0717,SURFACE
ABCA1,MRS1065,0.502,SURFACE
ABCA1,BIHELICAL APOA-I MIMETIC PEPTIDE 5A,0.502,SURFACE
ABCA1,MRS923,0.502,SURFACE
ABCA1,CVT-6883,0.0456,SURFACE
ABCA1,NECA,0.0558,SURFACE
ABCA1,MRS1191,0.1255,SURFACE
ABCA1,LAS38096,0.0456,SURFACE
ABCA1,FLAVONE,0.0837,SURFACE
ABCA1,CCPA,0.1255,SURFACE
ABCA1,MRS1088,0.251,SURFACE
ABCA1,2-CHLOROADENOSINE,0.0456,SURFACE
ABCA1,"(R,S)-PHPNECA",0.1673,SURFACE
ABCA1,VISNAGIN,0.1673,SURFACE
ABCA1,APNEA,0.251,SURFACE
ABCA1,CGS 21680,0.0717,SURFACE
ABCA1,GR79236,0.502,SURFACE
ABCA1,PRAVASTATIN SODIUM,0.0558,SURFACE
ABCA1,MORIN,0.502,SURFACE
ABCA1,MEFLOQUINE,0.1673,SURFACE
ABCA1,GALANGIN,0.0627,SURFACE
ABCA1,REGADENOSON ANHYDROUS,0.0837,SURFACE
ABCA1,PICLIDENOSON,0.0717,SURFACE
ABCA1,MRS1086,0.502,SURFACE
ABCA1,ATL802,0.1255,SURFACE
ABCA1,APADENOSON,0.1255,SURFACE
ABCA1,SCH442416,0.0717,SURFACE
ABCA1,MRS1093,0.251,SURFACE
ABCA1,MRS1042,0.251,SURFACE
ABCA1,BAY 60-6583,0.1255,SURFACE
ABCA1,VIPADENANT,0.1004,SURFACE
ABCA1,MRS3558,0.1004,SURFACE
ABCA1,ISTRADEFYLLINE,0.1004,SURFACE
ABCA1,THEOPHYLLINE,0.0186,SURFACE
ABCA1,CGS 15943,0.0456,SURFACE
ABCA1,LJ-4517,0.251,SURFACE
ABCA1,CLOPIDOGREL,0.0287,SURFACE
ABCA1,PENECA,0.1673,SURFACE
ABCA1,MRS1754,0.1255,SURFACE
ABCA1,(R)-PIA,0.0627,SURFACE
ABCA1,CAFFEINE,0.0136,SURFACE
ABCA1,ROLOFYLLINE,0.1004,SURFACE
ABCA1,KF26777,0.1255,SURFACE
ABCA1,BINODENOSON,0.1004,SURFACE
ABCA1,TONAPOFYLLINE,0.0627,SURFACE
ABCA1,(S)-PIA,0.1255,SURFACE
ABCA1,GS9667,0.1004,SURFACE
ABCA1,DAUNORUBICIN LIPOSOMAL,0.011,SURFACE
ABCA1,CV-1674,0.502,SURFACE
ABCA1,TCPA,0.1255,SURFACE
ABCA1,LUF7602,0.1673,SURFACE
ABCA1,N(6)-CYCLOHEXYLADENOSINE,0.1673,SURFACE
ABCA1,DPCPX,0.1004,SURFACE
ABCA1,MRS1041,0.251,SURFACE
ABCA1,SAKURANETIN,0.1673,SURFACE
ABCA1,KF 17837S,0.502,SURFACE
ABCA1,LUF5981,0.1255,SURFACE
ABCA1,MSX-2,0.1255,SURFACE
ABCA1,HEMADO,0.1255,SURFACE
ABCA1,MRS1132,0.502,SURFACE
ABCA1,CIFORADENANT,0.251,SURFACE
ABCA1,ST-1535,0.1004,SURFACE
ABCA1,PSB-11,0.1673,SURFACE
ABCA1,NAMODENOSON,0.0837,SURFACE
ABCA1,MRS5151,0.1673,SURFACE
ABCA1,IMARADENANT,0.1255,SURFACE
ABCA1,TOZADENANT,0.251,SURFACE
ABCA1,[3H]CGS 21680,0.502,SURFACE
ABCA1,CGS 24012,0.502,SURFACE
ABCA1,ATORVASTATIN CALCIUM TRIHYDRATE,0.0274,SURFACE
ABCA1,COMPOUND 10 [PMID: 31306001],0.251,SURFACE
ABCA1,MRE 2029F20,0.1255,SURFACE
ABCA1,PROBUCOL,0.7529,SURFACE
ABCA1,CYCLOPENTYLADENOSINE,0.0627,SURFACE
ABCA1,COMPOUND 4G [PMID: 22220592],0.502,SURFACE
ABCA1,CV-1808,0.251,SURFACE
ABCA1,DERENOFYLLINE,0.1004,SURFACE
ABCA1,DOXORUBICIN HYDROCHLORIDE,0.0068,SURFACE
ABCA1,PSB-10,0.1673,SURFACE
ABCA1,[3H]ZM 241385,0.251,SURFACE
ABCA1,PSB603,0.1255,SURFACE
ABCA1,XANTHINE AMINE CONGENER,0.0837,SURFACE
ABCA1,CPFPX,0.251,SURFACE
ABCA1,PSB36,0.1673,SURFACE
ABCA1,ADENOSINE,0.0335,SURFACE
ABCA1,2-HEXYNYL-NECA,0.1255,SURFACE
ABCA1,SIMVASTATIN,0.0301,SURFACE
ABCA1,FENOFIBRATE MICRONIZED,0.0386,SURFACE
ABCA1,AB-MECA,0.251,SURFACE
ABCA1,"UK-432,097",0.251,SURFACE
ABCA1,MRS928,0.251,SURFACE
ABCA1,ROSUVASTATIN,0.0418,SURFACE
ABCA1,ETRUMADENANT,0.1673,SURFACE
ABCA1,MRS1523,0.0837,SURFACE
ACE,SALVIANOLIC ACID B,0.4424,MUT
ACE,CANDOXATRIL,0.5899,MUT
ACE,CILAZAPRIL,4.4241,MUT
ACE,TP0556351,0.1475,MUT
ACE,PRAVASTATIN SODIUM,0.1639,MUT
ACE,SILDENAFIL,0.1609,MUT
ACE,GEMFIBROZIL,0.1361,MUT
ACE,RESCINNAMINE,0.5309,MUT
ACE,SPIRAPRIL,1.3272,MUT
ACE,INDOMETHACIN,0.0442,MUT
ACE,HYDROCHLOROTHIAZIDE,0.1154,MUT
ACE,ARGIPRESSIN,0.0681,MUT
ACE,METOPROLOL,0.2722,MUT
ACE,DELAPRIL,1.7696,MUT
ACE,ACETYLCHOLINE,0.2949,MUT
ACE,THERAPEUTIC GLUCOCORTICOID,0.052,MUT
ACE,IMIDAPRIL,0.2212,MUT
ACE,MALATHION,0.1475,MUT
ACE,MOEXIPRIL,1.3272,MUT
ACE,VORINOSTAT,0.0316,MUT
ACE,ILEPATRIL,0.8848,MUT
ACE,RXP470.1,0.8848,MUT
ACE,CGS-27023A,0.2212,MUT
ACE,NITROPRUSSIDE,0.8848,MUT
ACE,ENALAPRILAT ANHYDROUS,0.8848,MUT
ACE,TORSEMIDE,0.1475,MUT
ACE,ATORVASTATIN CALCIUM TRIHYDRATE,0.0322,MUT
ACE,FOSINOPRIL,1.3272,MUT
ACE,FUROSEMIDE,0.1475,MUT
ACE,TEMOCAPRIL HYDROCHLORIDE,0.8848,MUT
ACE,BENAZEPRIL HYDROCHLORIDE,0.4424,MUT
ACE,CARBARIL,0.1264,MUT
ACE,BUPROPION HYDROCHLORIDE,0.1041,MUT
ACE,QUINAPRIL,0.8848,MUT
ACE,COMPOUND 1 [PMID: 24900526],0.8848,MUT
ACE,COMPOUND 20 [PMID: 22153340],0.8848,MUT
ACE,BUMETANIDE,0.0983,MUT
ACE,GALLOPAMIL,0.2949,MUT
ACE,FLUOXETINE HYDROCHLORIDE,0.0632,MUT
ACE,AZD6605,0.2212,MUT
ACE,FOSINOPRIL SODIUM,0.8848,MUT
ACE,PERINDOPRIL,1.1797,MUT
ACE,ENALAPRIL MALEATE,0.6985,MUT
ACE,ILOMASTAT,0.0354,MUT
ACE,CAPTOPRIL,1.8377,MUT
ACE,LISINOPRIL ANHYDROUS,0.4424,MUT
ACE,ASPIRIN,0.0199,MUT
ACE,AZD1236,0.4424,MUT
ACE,BENAZEPRIL,0.4424,MUT
ACE,ENZYME INHIBITOR,0.1475,MUT
ACE,TRANDOLAPRIL,0.7078,MUT
ACE,DESERPIDINE,0.6636,MUT
ACE,COMPOUND 5  [PMID: 24900526],0.8848,MUT
ACE,SPIRAPRIL HYDROCHLORIDE,0.8848,MUT
ACE,PERINDOPRIL ARGININE,0.8848,MUT
ACE,QUINAPRIL HYDROCHLORIDE,0.2949,MUT
ACE,RAMIPRIL,0.5899,MUT
ACE,MOEXIPRIL HYDROCHLORIDE,0.8848,MUT
ACE,ALACEPRIL,0.8848,MUT
CD63,COMPOUND 6B [PMID: 22749870],26.1019,SURFACE
CD63,NONSTEROIDAL ANTIINFLAMMATORY DRUG,3.0708,SURFACE
CD74,DIOA,2.6102,SURFACE
CD74,MILATUZUMAB,41.763,SURFACE
CD74,VU0240551,10.4408,SURFACE
CD74,REPOTRECTINIB,0.7458,SURFACE
CD74,PLATINUM,1.0441,SURFACE
ADD3,3-HYDROXY CAPRIC ACID,2.6102,SURFACE
ADD3,3-HYDROXYLAURIC ACID,2.6102,SURFACE
ADD3,DL-175,2.6102,SURFACE
ADD3,"6-NONYLPYRIDINE-2,4-DIOL",2.6102,SURFACE
ADD3,ZQ-16,2.6102,SURFACE
ADD3,OX04529,2.6102,SURFACE
ADD3,6-N-OCTYLAMINOURACIL,2.6102,SURFACE
ADD3,PSB-17365,2.6102,SURFACE
ADD3,UNDECANOIC ACID,2.6102,SURFACE
ADD3,2-HYDROXY CAPRIC ACID,2.6102,SURFACE
ADD3,SETOGEPRAM,1.3051,SURFACE
ADD3,LAURIC ACID,2.6102,SURFACE
ADD3,PSB-1584,2.6102,SURFACE
ADD3,2-HYDROXYLAURIC ACID,2.6102,SURFACE
ADD3,DECANOIC ACID,2.6102,SURFACE
ADD3,EMBELIN,0.174,SURFACE
ADD3,PBI-4547,2.6102,SURFACE
ADD3,DIM,2.6102,SURFACE
ADD3,PSB-16434,2.6102,SURFACE
ADD3,GLPG1205,2.6102,SURFACE
CDC42BPA,PF-562271,0.0439,SURFACE
CDC42BPA,ALSTERPAULLONE,0.0913,SURFACE
CDC42BPA,LAUROGUADINE,0.1695,SURFACE
CDC42BPA,COMPOUND 11D [DOI: 10.1039/C0MD00194E],2.3729,SURFACE
CDC42BPA,DASATINIB ANHYDROUS,0.0624,SURFACE
CDC42BPA,GSK-269962A,0.1079,SURFACE
CDC42BPA,CENISERTIB,0.0402,SURFACE
CDC42BPA,NVP-TAE684,0.0461,SURFACE
CDC42BPA,PHA-767491,0.0719,SURFACE
CDC42BPA,RKI-1447,0.5932,SURFACE
CDC42BPA,KENPAULLONE,0.0989,SURFACE
BTD,AGMATINE,3.0708,MUT
BTD,ASPIRIN,0.0345,MUT
BTD,ARCAINE,3.0708,MUT
BTD,GMQ,0.7677,MUT
BTD,DICLOFENAC SODIUM,0.0903,MUT
BTD,NS383,1.5354,MUT
BTD,UGR 9-1,3.0708,MUT
BTD,ZN2+,0.1396,MUT
BTD,H+,0.2362,MUT
BTD,LYSOPHOSPHATIDYLCHOLINE,0.7677,MUT
BTD,NAFAMOSTAT,0.2792,MUT
BTD,SALICYLIC ACID,1.0236,MUT
BTD,AMILORIDE,0.1806,MUT
BTD,A-317567,1.5354,MUT
BTD,DIMINAZENE,1.0236,MUT
BTD,GD3+,0.3839,MUT
BTD,APETX2,3.0708,MUT
APOD,RWJ-56110,6.5255,SURFACE
APOD,F16357,6.5255,SURFACE
APOD,TFLLR-NH2,6.5255,SURFACE
APOD,SCH-79797,6.5255,SURFACE
APOD,ATOPAXAR,3.2627,SURFACE
APOD,RETINOIC ACID AGENT,0.421,SURFACE
APOD,[3H]HATRAP,6.5255,SURFACE
APOD,VORAPAXAR,1.6314,SURFACE
ARID5B,HALOPERIDOL DECANOATE,0.4579,SURFACE
ARID5B,GLUCARPIDASE,4.9718,SURFACE
ARID5B,IMATINIB,0.4834,SURFACE
ATP1A2,OLANZAPINE,0.1963,MUT
ATP1A2,DESLANOSIDE,0.7458,MUT
ATP1A2,DIGITOXIN,0.3925,MUT
ATP1A2,ACETYLDIGITOXIN,0.8286,MUT
ATP1A2,DIGOXIN,0.2193,MUT
ATP1A2,LANATOSIDE C,0.4972,MUT
ATP1A2,ISTAROXIME,0.8286,MUT
ASPH,WARFARIN,0.1507,SURFACE
ASPH,LY404187,0.6215,SURFACE
ASPH,[3H]AMPA,0.4972,SURFACE
ASPH,CYCLOTHIAZIDE,0.2762,SURFACE
ASPH,TEZAMPANEL ANHYDROUS,0.6215,SURFACE
ASPH,ARGIOTOXIN,0.6215,SURFACE
ASPH,[3H]CNQX,0.6215,SURFACE
ASPH,PIRACETAM,0.4972,SURFACE
ASPH,S18986,0.6215,SURFACE
ASPH,CX516,0.6215,SURFACE
ASPH,NBQX,0.1554,SURFACE
ASPH,ATPO,0.6215,SURFACE
ASPH,ANIRACETAM,0.2762,SURFACE
ASPH,GYKI53655,0.6215,SURFACE
ASPH,JORO SPIDER TOXIN,0.8286,SURFACE
ASPH,FLUORO-WILLARDIINE,0.6215,SURFACE
ASPH,IDRA-21,0.6215,SURFACE
ASPH,LY503430,0.6215,SURFACE
ASPH,CX546,0.6215,SURFACE
ASPH,GYKI53784,0.3107,SURFACE
ASPH,LY392098,0.6215,SURFACE
B2M,THYROGLOBULIN,8.7006,SURFACE
B2M,AMIKACIN,3.7288,SURFACE
B2M,ANTI-PD-L1 MONOCLONAL ANTIBODY,3.2627,SURFACE
B2M,PEMBROLIZUMAB,0.3955,SURFACE
CD47,MAGROLIMAB,5.8004,SURFACE
CD47,THROMBOSPONDIN 1,1.9335,SURFACE
CD47,ANTI-CD47 MONOCLONAL ANTIBODY CC-90002,5.8004,SURFACE
CD47,EVORPACEPT,5.8004,SURFACE
CD47,EVORPACEPT,11.6008,SURFACE
CD47,MAGROLIMAB,5.8004,SURFACE
CD47,ONTORPACEPT,5.8004,SURFACE
CD47,ONTORPACEPT,5.8004,SURFACE
CD47,ABT-510,1.4501,SURFACE
CCT3,BEVACIZUMAB,1.3051,SURFACE
CCT3,RANIBIZUMAB,17.4013,SURFACE
ANXA1,METHYLPREDNISOLONE,0.0659,SURFACE
ANXA1,EFWSLAAPQRF-NH2,0.5932,SURFACE
ANXA1,BIBP3226,0.3955,SURFACE
ANXA1,FLUMETHASONE PIVALATE,0.2966,SURFACE
ANXA1,PANCREATIC POLYPEPTIDE,0.5932,SURFACE
ANXA1,ST 638,2.3729,SURFACE
ANXA1,NEUROPEPTIDE FF,0.5932,SURFACE
ANXA1,BETAMETHASONE,0.1186,SURFACE
ANXA1,PHORBOL 12-MYRISTATE 13-ACETATE,0.1582,SURFACE
ANXA1,DIFLORASONE DIACETATE,0.1977,SURFACE
ANXA1,PREDNISOLONE,0.0424,SURFACE
ANXA1,RFRP-3,0.5932,SURFACE
ANXA1,ALCLOMETASONE,0.2966,SURFACE
ANXA1,CLOBETASOL,0.2966,SURFACE
ANXA1,RIMEXOLONE,0.2373,SURFACE
ANXA1,1DME,0.5932,SURFACE
ANXA1,DEXAMETHASONE,0.0419,SURFACE
ANXA1,[125I]EYF,1.1864,SURFACE
ANXA1,PREDNICARBATE,0.2966,SURFACE
ANXA1,DNPA,1.1864,SURFACE
ANXA1,[3H]EYF,1.1864,SURFACE
ANXA1,TRIAMCINOLONE,0.0516,SURFACE
ANXA1,4-PHENYLENEDIAMINE,0.339,SURFACE
ANXA1,CLOCORTOLONE,0.2373,SURFACE
ANXA1,TETRADECANOYLPHORBOL ACETATE,0.0516,SURFACE
ANXA1,HYDROCORTISONE BUTYRATE,0.0565,SURFACE
ANXA1,TRASTUZUMAB,0.0439,SURFACE
ANXA1,DESOXIMETASONE,0.1977,SURFACE
ANXA1,THERAPEUTIC GLUCOCORTICOID,0.1047,SURFACE
ANXA1,Y-RFRP-3,0.5932,SURFACE
ANXA1,[125I]NPFF,0.5932,SURFACE
ANXA1,AMCINONIDE,0.1695,SURFACE
ANXA1,LOTEPREDNOL,0.2966,SURFACE
ANXA1,BECLOMETHASONE,0.0989,SURFACE
ANXA1,MOMETASONE,0.1318,SURFACE
ANXA1,PREDNISONE,0.0264,SURFACE
ANXA1,RF9,0.5932,SURFACE
ANXA1,THERAPEUTIC CORTICOSTEROID,0.0565,SURFACE
ANXA1,DESONIDE,0.3955,SURFACE
ANXA1,AC263093,1.1864,SURFACE
ANXA1,HALOBETASOL,0.3955,SURFACE
ANXA1,HYDROCORTAMATE,0.5932,SURFACE
ANXA1,COMPOUND 46 [PMID: 25268943],0.5932,SURFACE
ANXA1,STAUROSPORINE,0.0847,SURFACE
C3,CA2+,0.145,MUT
C3,OCTANOL,0.2762,MUT
C3,AL-78898A,5.8004,MUT
C3,AMY-101,5.8004,MUT
C3,PEGCETACOPLAN,2.9002,MUT
C3,CARBENOXOLONE,0.2417,MUT
C3,FLUFENAMIC ACID,0.1526,MUT
C3,CLOZAPINE,0.1196,MUT
C3,COMPSTATIN,11.6008,MUT
APP,VALILTRAMIPROSATE,1.5819,SURFACE
APP,CLIOQUINOL,0.0879,SURFACE
APP,PROPOFOL,0.051,SURFACE
APP,NIROGACESTAT,0.0565,SURFACE
APP,BAPINEUZUMAB,2.3729,SURFACE
APP,TRIAZINATE,1.5819,SURFACE
APP,GANTENERUMAB,2.3729,SURFACE
APP,NANOLUCIFERASE-LABELLED RELAXIN,0.791,SURFACE
APP,ML290,0.791,SURFACE
APP,ADUCANUMAB,3.1639,SURFACE
APP,TAMRLX,0.3955,SURFACE
APP,AZD5462,0.791,SURFACE
APP,A(4-24)(B7-24)H2,0.3955,SURFACE
APP,SOLANEZUMAB,2.3729,SURFACE
APP,GSK933776,2.3729,SURFACE
APP,CAPROSPINOL,0.791,SURFACE
APP,(B7-33)H2,0.791,SURFACE
APP,METHYLINOSITOL,0.2637,SURFACE
APP,"3,5-DICAFFEOYLQUINIC ACID",1.5819,SURFACE
APP,TRAMIPROSATE,2.3729,SURFACE
APP,RESVERATROL,0.0323,SURFACE
APP,VALILTRAMIPROSATE,0.791,SURFACE
APP,INSL3,0.3955,SURFACE
APP,EUROPIUM-LABELLED RELAXIN,0.791,SURFACE
APP,SCYLLITOL,0.791,SURFACE
APP,RELAXIN,0.3955,SURFACE
APP,AMILOMOTIDE,0.791,SURFACE
APP,CURCUMIN,0.0479,SURFACE
APP,2-CHLOROADENOSINE-5-TRIPHOSPHATE,0.113,SURFACE
APP,DAUNORUBICIN LIPOSOMAL,0.0174,SURFACE
APP,RELAXIN,0.3955,SURFACE
APP,COMPOUND 54,0.791,SURFACE
APP,INOSITOL,0.1055,SURFACE
APP,RELAXIN,0.791,SURFACE
APP,LECANEMAB,1.5819,SURFACE
APP,AMPHOTERICIN B LIPOSOMAL,0.1217,SURFACE
APP,GENTIAN VIOLET CATION,0.0416,SURFACE
APP,[125I]RELAXIN (HUMAN),0.791,SURFACE
APP,[33P]RELAXIN (HUMAN),0.3955,SURFACE
APP,B-R13/17K H2 RELAXIN,0.791,SURFACE
APP,HYDROXYCHLOROQUINE,0.0879,SURFACE
APP,FERULIC ACID,0.3164,SURFACE
APP,VANUTIDE CRIDIFICAR,0.791,SURFACE
APP,VANUTIDE CRIDIFICAR,0.791,SURFACE
APP,LECANEMAB,0.3955,SURFACE
APP,LY3540378,0.791,SURFACE
APP,RELAXIN-3,0.1977,SURFACE
APP,CONGO RED,0.0527,SURFACE
APP,T-817 MALEATE,0.3955,SURFACE
APP,CRENEZUMAB,0.791,SURFACE
APP,RELAXIN-1,0.3955,SURFACE
APP,BUNTANETAP,0.2637,SURFACE
APP,PARAROSANILINE,0.0719,SURFACE
APP,CRENEZUMAB,1.5819,SURFACE
APP,ISOCHLOROGENIC ACID B,0.791,SURFACE
APP,PTI-110,0.791,SURFACE
APP,FLORBETAPIR F-18,0.791,SURFACE
APP,SA10SC-RLX,0.791,SURFACE
APP,A(4-24)(F23A)H2,0.791,SURFACE
APP,RELAXIN,0.2637,SURFACE
APP,PRADEMAGENE ZAMIKERACEL,0.791,SURFACE
APP,DONANEMAB,0.791,SURFACE
APP,PONEZUMAB,2.3729,SURFACE
APP,AMILOMOTIDE,0.791,SURFACE
ATP2B1,METHYLPREDNISOLONE,0.0906,SURFACE
ATP2B1,CHLORPROMAZINE,0.0441,SURFACE
ATP2B1,DAIDZEIN,0.4078,SURFACE
ATP2B1,LYSOPHOSPHATIDYLCHOLINE,0.4078,SURFACE
ATP2B1,GD3+,0.2039,SURFACE
ATP2B1,PB2+,0.3263,SURFACE
ATP2B1,ROSIGLITAZONE,0.0742,SURFACE
ATP2B1,FLUFENAMIC ACID,0.0429,SURFACE
ATP2B1,HC-070,0.8157,SURFACE
ATP2B1,PROGESTERONE,0.0277,SURFACE
ATP2B1,BTD,1.6314,SURFACE
ATP2B1,CA2+,0.0408,SURFACE
ATP2B1,SKF96365,0.2719,SURFACE
ATP2B1,ML204,0.8157,SURFACE
ATP2B1,AM237,1.6314,SURFACE
ATP2B1,GENISTEIN,0.0281,SURFACE
ATP2B1,ANTIHYPERTENSIVE AGENT,0.4078,SURFACE
ATP2B1,GSMTX-4,0.5438,SURFACE
ATP2B1,M084,0.8157,SURFACE
ATP2B1,LA3+,0.1483,SURFACE
ATP2B1,BTP2,0.5438,SURFACE
ATP2B1,AC1903,1.6314,SURFACE
ATP2B1,PICO145,0.8157,SURFACE
ATP2B1,2-APB,0.102,SURFACE
ATP2B1,(-)-ENGLERIN A,0.8157,SURFACE
ATP2B1,RILUZOLE,0.0709,SURFACE
ATP2B1,KB-R7943,0.5438,SURFACE
ATP2B1,CLEMIZOLE,0.4078,SURFACE
ATP2B1,TONANTZITLOLONE,0.8157,SURFACE
ATP2B1,GFB-8438,1.6314,SURFACE
ATP2B1,GALANGIN,0.2039,SURFACE
ATP2B1,AM12,1.6314,SURFACE
APPL1,EUROPIUM-LABELLED INSL3,2.2697,SURFACE
APPL1,(DES 1-8) A-CHAIN INSL3 ANALOGUE,2.2697,SURFACE
APPL1,NANOLUC-INSL3,2.2697,SURFACE
APPL1,RLF-(A11-B10)-ISOPEPTIDE AMIDEA26 (XA11-B10),2.2697,SURFACE
APPL1,INSL3 [A(5-26):B(7-27)],2.2697,SURFACE
APPL1,[33P]RELAXIN (HUMAN),1.1349,SURFACE
APPL1,RELAXIN,1.1349,SURFACE
APPL1,[125I]INSL3 (HUMAN),2.2697,SURFACE
APPL1,RELAXIN-3,0.5674,SURFACE
APPL1,INSL3,1.1349,SURFACE
APPL1,RELAXIN,0.7566,SURFACE
APPL1,A(C10/15S)INSL3,2.2697,SURFACE
APPL1,RELAXIN,1.1349,SURFACE
APPL1,INSL3 B CHAIN DIMER ANALOGUE 8,2.2697,SURFACE
APPL1,RELAXIN-1,1.1349,SURFACE
APPL1,A(4-24)(B7-24)H2,1.1349,SURFACE
APPL1,TAMRLX,1.1349,SURFACE
APPL1,A(9-26)INSL3,2.2697,SURFACE
APPL1,CYCLIC INSL3 B-CHAIN ANALOGUE 6,2.2697,SURFACE
APPL1,A(&DELTA;10/15C)INSL3,2.2697,SURFACE
APPL1,COMPOUND 6641,2.2697,SURFACE
APPL1,INSL3 B-CHAIN ANALOGUE,2.2697,SURFACE
APPL1,A(10-24)INSL3,2.2697,SURFACE
ABI1,DASATINIB ANHYDROUS,0.1717,SURFACE
ABI1,IMATINIB,0.1813,SURFACE
ABI1,NILOTINIB,0.8157,SURFACE
ABI1,PONATINIB,0.502,SURFACE
CAMK2D,SNS-314,0.0829,SURFACE
CAMK2D,GEFITINIB,0.0519,SURFACE
CAMK2D,ILORASERTIB,0.03,SURFACE
CAMK2D,CYC-116,0.0359,SURFACE
CAMK2D,GW441756X,0.0535,SURFACE
CAMK2D,LY-2090314,0.1339,SURFACE
CAMK2D,NVP-TAE684,0.0338,SURFACE
CAMK2D,LINIFANIB,0.0435,SURFACE
CAMK2D,DOVITINIB,0.0345,SURFACE
CAMK2D,SOTRASTAURIN,0.0571,SURFACE
CAMK2D,PF-562271,0.0322,SURFACE
CAMK2D,SP-600125,0.0391,SURFACE
CAMK2D,ALSTERPAULLONE,0.0669,SURFACE
CAMK2D,CENISERTIB,0.0295,SURFACE
ADAM17,APRATASTAT,3.4803,SURFACE
ADAM17,MARIMASTAT,1.1601,SURFACE
ADAM17,INFLIXIMAB,0.5613,SURFACE
ADAM17,INCB7839,4.3503,SURFACE
ADAM17,ADERBASIB,4.3503,SURFACE
CAST,DOXORUBICIN HYDROCHLORIDE,0.1008,SURFACE
CAST,STAUROSPORINE,0.5327,SURFACE
CAST,THERAPEUTIC ANDROSTANOLONE,0.785,SURFACE
CAST,THROMBIN,0.6215,SURFACE
CAST,ACE INHIBITOR,2.1308,SURFACE
CAST,TETRADECANOYLPHORBOL ACETATE,0.3242,SURFACE
CAST,EPINEPHRINE,0.3729,SURFACE
CALU,ACENOCOUMAROL,31.3223,SURFACE
ATRX,CISPLATIN,0.0296,DRIVER
ATRX,TEMOZOLOMIDE,0.2072,DRIVER
ATRX,FLUOROURACIL,0.0375,DRIVER
ATRX,RY785,2.1752,DRIVER
ATRX,TALAZOPARIB,0.1554,DRIVER
ATRX,RY796,2.1752,DRIVER
ATRX,GXTX-1E,2.1752,DRIVER
ATRX,LINOLEIC ACID,0.6215,DRIVER
ATRX,VE-821,2.1752,DRIVER
ATRX,AZ20,2.1752,DRIVER
ATRX,"3-BICYCLO[2.2.1]HEPT-2-YL-BENZENE-1,2-DIOL",4.3503,DRIVER
ATRX,OLAPARIB,0.0946,DRIVER
BMPR2,L-TRP-TRP-TRP,1.7401,SURFACE
BMPR2,L-PHE-PHE-PHE,8.7006,SURFACE
BMPR2,EPTOTERMIN ALFA,2.1752,SURFACE
BMPR2,DEXTROMETHORPHAN POLISTIREX,0.5438,SURFACE
BMPR2,COHUMULONE,4.3503,SURFACE
BMPR2,DIBOTERMIN ALFA,1.4501,SURFACE
BMP1,COMPOUND 2 [PMID: 11934595],52.2038,MUT
CD163,THERAPEUTIC GLUCOCORTICOID,1.5354,SURFACE
CD163,FLUTICASONE,2.7476,SURFACE
BST2,ZN2+,0.1249,SURFACE
BST2,PB2+,0.5495,SURFACE
BST2,ETHYLISOPROPYLAMILORIDE,0.5495,SURFACE
BST2,AMILORIDE,0.1616,SURFACE
BST2,[125I]PSALMOTOXIN 1,2.7476,SURFACE
BST2,PSALMOTOXIN 1,2.7476,SURFACE
BST2,PI-HEXATOXIN-HI1A,2.7476,SURFACE
BST2,"IBUPROFEN, SODIUM SALT",0.0705,SURFACE
BST2,JNJ-67869386,2.7476,SURFACE
BST2,MAMBALGIN-1,2.7476,SURFACE
BST2,PI-THERAPHOTOXIN-HM3A,2.7476,SURFACE
BST2,BENZAMIL,0.3434,SURFACE
BST2,NAFAMOSTAT,0.2498,SURFACE
BST2,JNJ-799760,2.7476,SURFACE
BST2,DIMINAZENE,0.9159,SURFACE
BST2,H+,0.2114,SURFACE
BST2,NS383,1.3738,SURFACE
BST2,COMPOUND 5B [PMID: 25974655],2.7476,SURFACE
BST2,ASC06-IGG1,2.7476,SURFACE
BNIP3L,OFLOXACIN,1.4501,SURFACE
BNIP3L,PIRENZEPINE,1.7401,SURFACE
BNIP3L,PROCAINAMIDE,4.3503,SURFACE
CALR,TRETINOIN,0.1434,SURFACE
CALR,PEGINTERFERON ALFA-2A,0.225,SURFACE
CALR,ANGIOGENESIS INHIBITOR,1.0876,SURFACE
CALR,OLTIPRAZ,3.2627,SURFACE
CALR,VACCINIA VACCINE,13.0509,SURFACE
CALR,GENTAMICIN,0.5674,SURFACE
CALR,THERAPEUTIC GLUCOCORTICOID,0.5758,SURFACE
CALR,RETINOIC ACID AGENT,0.421,SURFACE
CANX,LERIDISTIM,52.2038,SURFACE
ARF1,GEFITINIB,0.5194,SURFACE
ARF1,AFATINIB,1.9335,SURFACE
ARF1,ERLOTINIB,0.6215,SURFACE
CD276,ENOBLITUZUMAB,31.3223,SURFACE
CD276,8H9 131I,10.4408,SURFACE
CD276,OMBURTAMAB I-131,10.4408,SURFACE
CD276,OBRINDATAMAB,10.4408,SURFACE
CD276,IODINE I 124 OMBURTAMAB,10.4408,SURFACE
APLP2,2-O-ETHYL-PAF C-16,2.6102,SURFACE
APLP2,SDZ 64-412,2.6102,SURFACE
APLP2,ENANTIO PAF C-16,2.6102,SURFACE
APLP2,ABT-299,2.6102,SURFACE
APLP2,SCH 37370,2.6102,SURFACE
APLP2,APAFANT,2.6102,SURFACE
APLP2,CV-3988,1.3051,SURFACE
APLP2,ISRAPAFANT,0.8701,SURFACE
APLP2,BEPAFANT,2.6102,SURFACE
APLP2,RUPATADINE,0.6525,SURFACE
APLP2,L659989,2.6102,SURFACE
APLP2,SCH 40338,2.6102,SURFACE
APLP2,CV-6209,2.6102,SURFACE
APLP2,PCA 4248,2.6102,SURFACE
APLP2,BN 50739,2.6102,SURFACE
APLP2,2-O-METHYL-PAF C-18,2.6102,SURFACE
APLP2,ABT-491,2.6102,SURFACE
APLP2,FOROPAFANT,2.6102,SURFACE
APLP2,PLATELET ACTIVATING FACTOR,2.6102,SURFACE
APLP2,RP-52770,2.6102,SURFACE
CERS6,CERTOLIZUMAB PEGOL,3.7288,SURFACE
CERS6,INFLIXIMAB,0.842,SURFACE
CERS6,ADALIMUMAB,0.791,SURFACE
CERS6,ETANERCEPT,1.0039,SURFACE
EDNRA,NEBENTAN,6.8092,SURFACE
EDNRA,ATRASENTAN,1.1349,SURFACE
EDNRA,TBC-3711,2.2697,SURFACE
EDNRA,CLAZOSENTAN,2.2697,SURFACE
EDNRA,AMBRISENTAN,1.8158,SURFACE
EDNRA,MACITENTAN,1.7023,SURFACE
EDNRA,SITAXENTAN SODIUM,1.1349,SURFACE
EDNRA,DARUSENTAN,2.2697,SURFACE
EDNRA,BOSENTAN ANHYDROUS,2.2697,SURFACE
EDNRA,ENRASENTAN,1.1349,SURFACE
EDNRA,ZIBOTENTAN,4.5395,SURFACE
EDNRA,FR139317,0.7566,SURFACE
EDNRA,AVOSENTAN,2.2697,SURFACE
EDNRA,SPARSENTAN,1.3618,SURFACE
EDNRA,BQ-123,4.5395,SURFACE
EDNRA,PREDNISONE,0.1009,SURFACE
EDNRA,ATRASENTAN HYDROCHLORIDE,2.2697,SURFACE
EDNRA,TEZOSENTAN,1.1349,SURFACE
EDNRA,ENDOTHELIN-1,0.7566,SURFACE
EDNRA,SOVATELTIDE,0.7566,SURFACE
EDNRA,NEBENTAN,2.2697,SURFACE
EDNRA,SITAXENTAN,1.5132,SURFACE
EDNRA,APROCITENTAN,0.5674,SURFACE
EDNRB,ENDOTHELIN-1,1.2429,MUT
EDNRB,ENRASENTAN,1.8644,MUT
EDNRB,MACITENTAN,2.7966,MUT
EDNRB,SOVATELTIDE,2.4859,MUT
EDNRB,AMBRISENTAN,2.2373,MUT
EDNRB,RG-7636,0.2331,MUT
EDNRB,SITAXENTAN,1.2429,MUT
EDNRB,BQ788,1.8644,MUT
EDNRB,SITAXENTAN SODIUM,1.8644,MUT
EDNRB,TEZOSENTAN,1.8644,MUT
EDNRB,DARUSENTAN,1.2429,MUT
EDNRB,APROCITENTAN,0.9322,MUT
EDNRB,BOSENTAN ANHYDROUS,3.7288,MUT
EDNRB,PACLITAXEL,0.0678,MUT
CLK1,HARMINE,1.3921,SURFACE
CLK1,LEUCETTAMINE B,2.9831,SURFACE
CLK1,CDC2-LIKE KINASE INHIBITOR,3.4803,SURFACE
CLK1,HESPERADIN,0.261,SURFACE
ENPEP,FIRIBASTAT,13.0509,SURFACE
ENPEP,QGC-001,6.5255,SURFACE
ENPEP,SGI-1776,2.6102,SURFACE
ENPEP,TOSEDOSTAT,0.6525,SURFACE
CTNNA1,EDAXETERKIB,4.0157,SURFACE
CTNNA1,RAVOXERTINIB,0.6693,SURFACE
CTNNA1,SCH772984,0.6693,SURFACE
CTNNA1,VTX-11E,0.8031,SURFACE
CTNNA1,BEROTERKIB,4.0157,SURFACE
CTNNA1,ULIXERTINIB,0.4016,SURFACE
CTNNA1,LADUVIGLUSIB,0.2677,SURFACE
CTNNA1,COMPOUND 27 [PMID: 29775310],4.0157,SURFACE
CTNNA1,TIZATERKIB,4.0157,SURFACE
CTNNA1,RINETERKIB,1.3386,SURFACE
CTNNA1,MK-8353,0.6693,SURFACE
CTNNA1,"5-(2-PHENYLPYRAZOLO[1,5-A]PYRIDIN-3-YL)-1H-PYRAZOLO[3,4-C]PYRIDAZIN-3-AMINE",2.0078,SURFACE
CTNNA1,ERK INHIBITOR III,4.0157,SURFACE
EZR,RO 31-8220,13.0509,SURFACE
EZR,TNF-ALPHA,2.1752,SURFACE
EFR3A,ASPIRIN,0.5866,SURFACE
EFR3A,CLOPIDOGREL,1.4915,SURFACE
DBH,ETAMICASTAT,3.4803,MUT
DBH,DISULFIRAM,0.0809,MUT
DBH,SUMATRIPTAN,0.3026,MUT
DBH,ZAMICASTAT,3.4803,MUT
DBH,BUPROPION HYDROCHLORIDE,0.4094,MUT
DBH,M826,0.6961,MUT
DBH,NICOTINE POLACRILEX,0.3026,MUT
DBH,NALTREXONE,0.4094,MUT
DBH,NEPICASTAT,1.7401,MUT
DBH,LEVODOPA,0.1933,MUT
DBH,URACIL 20,1.7401,MUT
DBH,Z-WEHD-FMK,3.4803,MUT
DBH,TESTOSTERONE,0.1785,MUT
DBH,ANALGESIC AGENT,0.6961,MUT
DBH,ERGOT ALKALOIDS,1.1601,MUT
DLG2,ANASTROZOLE,8.0314,DRIVER
CSF1R,CEDIRANIB,0.0173,SURFACE
CSF1R,CABIRALIZUMAB,0.9667,SURFACE
CSF1R,PEXIDARTINIB,0.2762,SURFACE
CSF1R,EMACTUZUMAB,0.9667,SURFACE
CSF1R,LINIFANIB,0.0363,SURFACE
CSF1R,PLX5622,0.3222,SURFACE
CSF1R,IMC-CS4,1.9335,SURFACE
CSF1R,GO-6976,0.0225,SURFACE
CSF1R,AMG-820,0.9667,SURFACE
CSF1R,DOVITINIB,0.0287,SURFACE
CSF1R,VATALANIB,0.1611,SURFACE
CSF1R,ARRY-382,0.9667,SURFACE
CSF1R,ANTI-C-FMS MONOCLONAL ANTIBODY AMG 820,0.4834,SURFACE
CSF1R,GW-2580,0.1208,SURFACE
CSF1R,PEXIDARTINIB HYDROCHLORIDE,0.3222,SURFACE
CSF1R,PD-0166285,0.0186,SURFACE
CSF1R,AXATILIMAB,1.9335,SURFACE
CSF1R,KENPAULLONE,0.0201,SURFACE
CSF1R,HESPERADIN,0.0242,SURFACE
CSF1R,ALSTERPAULLONE,0.0186,SURFACE
CSF1R,ENMD-2076,0.0624,SURFACE
CSF1R,CT-1578,0.2417,SURFACE
CSF1R,BAY 61-3606,0.0236,SURFACE
CSF1R,MASITINIB,0.0569,SURFACE
CSF1R,SERALUTINIB,0.1611,SURFACE
CSF1R,DACTOLISIB,0.0201,SURFACE
CSF1R,ENTRECTINIB,0.017,SURFACE
CSF1R,VIMSELTINIB,0.2417,SURFACE
CSF1R,MCS-110,0.4834,SURFACE
CSF1R,PLX-7486,0.2417,SURFACE
CSF1R,ILORASERTIB,0.0083,SURFACE
CSF1R,CYC-116,0.01,SURFACE
CSF1R,RG-1530,0.0103,SURFACE
CSF1R,QUIZARTINIB,0.0509,SURFACE
CSF1R,SP-600125,0.0109,SURFACE
CSF1R,SORAFENIB,0.0084,SURFACE
CSF1R,AST-487,0.0236,SURFACE
CSF1R,GW843682X,0.0248,SURFACE
CSF1R,EDICOTINIB,0.4834,SURFACE
CSF1R,PROGESTIN,0.1758,SURFACE
CSF1R,TANDUTINIB,0.0691,SURFACE
CSF1R,BLZ-945,0.4834,SURFACE
CSF1R,CENISERTIB,0.0082,SURFACE
CSF1R,PD-360324,0.4834,SURFACE
CSF1R,SUNITINIB,0.0403,SURFACE
CSF1R,SULFATINIB,0.1381,SURFACE
CSF1R,JNJ-7706621,0.0176,SURFACE
CSF1R,PAZOPANIB,0.0339,SURFACE
CSF1R,IMATINIB,0.0806,SURFACE
CSF1R,PLX7486,0.3222,SURFACE
CSF1R,DASATINIB ANHYDROUS,0.0127,SURFACE
CSF1R,NVP-TAE684,0.0094,SURFACE
DOT1L,CANDESARTAN CILEXETIL,6.9605,MUT
EPS8,PF-06447475,2.4859,SURFACE
EPS8,GSK2646264,0.2762,SURFACE
EPS8,URMC-099,0.2762,SURFACE
EPS8,DCLK1-IN-1,0.6215,SURFACE
EPS8,BOS172722,0.4143,SURFACE
EPS8,PF-06454589,2.4859,SURFACE
EPS8,MLI-2,2.4859,SURFACE
EPS8,JH-XII-03-02,2.4859,SURFACE
EPS8,GNE-7915,1.2429,SURFACE
EPS8,LRRK2-IN-1,2.4859,SURFACE
EPS8,XL01126,2.4859,SURFACE
EPS8,JAK3 INHIBITOR VI,2.4859,SURFACE
EPS8,XMD-12,0.8286,SURFACE
EPS8,NIK INHIBITOR 12F,0.3551,SURFACE
EPS8,EB-42486,2.4859,SURFACE
EPS8,COMPOUND 20 [PMID: 30998356],0.2762,SURFACE
EPS8,TTT-3002,1.2429,SURFACE
EPS8,HG-10-102-01,1.2429,SURFACE
EPS8,NIK SMI1,0.6215,SURFACE
EPS8,GNE-0877,1.2429,SURFACE
EPS8,GNE-9605,2.4859,SURFACE
FBN1,RN486,13.0509,SURFACE
FBN1,DANUSERTIB,2.9002,SURFACE
EVC,COMPOUND 22 [PMID: 20462760],13.0509,MUT
FLNA,SIMUFILAM,26.1019,SURFACE
FLNA,SIMUFILAM,26.1019,SURFACE
DDX6,INCB3619,26.1019,SURFACE
EIF5,URMC-099,5.8004,SURFACE
ENO1,LORLATINIB,1.3386,SURFACE
ENO1,COMPOUND 8E [PMID: 24432909],2.4859,SURFACE
ENO1,COMPOUND 25B [PMID: 22564207],2.1752,SURFACE
EMP1,COMPOUND 20 [PMID: 30998356],1.1601,SURFACE
EMP1,COMPOUND 1A [PMID: 24900749],2.6102,SURFACE
EMP1,GEFITINIB,0.3117,SURFACE
EMP1,COMPOUND 3B [PMID: 23454515],2.6102,SURFACE
EMP1,KINASE INHIBITOR 2 [PMID: 30199702],1.7401,SURFACE
CMPK1,LAMIVUDINE,2.1752,SURFACE
COL6A2,COLLAGENASE CLOSTRIDIUM HISTOLYTICUM,0.6215,SURFACE
COL6A2,OCRIPLASMIN,0.4579,SURFACE
COL6A2,ESI-09,8.7006,SURFACE
CYBB,COMPOUND 14N [PMID: 25589934],3.4803,SURFACE
CYBB,APIGENIN,0.8031,SURFACE
CYBB,SANOFI-14H,2.6102,SURFACE
CYBB,LUTEOLIN,0.6525,SURFACE
CYBB,CHRYSIN,1.4915,SURFACE
COL4A2,OCRIPLASMIN,0.4579,MUT
COL4A2,COLLAGENASE CLOSTRIDIUM HISTOLYTICUM,0.6215,MUT
COL4A2,NAVOXIMOD,17.4013,MUT
CPD,ENDOXIFEN,1.5819,SURFACE
CPD,ANASTROZOLE,0.3651,SURFACE
CPD,EXEMESTANE,0.2966,SURFACE
CPD,NORENDOXIFEN,1.5819,SURFACE
CPD,FADROZOLE,0.5932,SURFACE
CPD,"(2S,4S)-KETOCONAZOLE",1.1864,SURFACE
CPD,TESTOLACTONE,1.1864,SURFACE
CPD,ANTISERUM,0.2712,SURFACE
CPD,LETROZOLE,0.2637,SURFACE
CPD,AMINOGLUTETHIMIDE,0.5932,SURFACE
CPD,AZALANSTAT,2.3729,SURFACE
DYRK2,HARMINE,5.2204,SURFACE
DYRK2,LEUCETTAMINE B,7.4577,SURFACE
FAT1,CAPECITABINE,2.0472,SURFACE
CTSK,MIV-701,5.8004,SURFACE
CTSK,RELACATIB,2.9002,SURFACE
CTSK,ONO-5334,5.8004,SURFACE
CTSK,ANTISENSE OLIGONUCLEOTIDES,0.3515,SURFACE
CTSK,HEPARAN SULFATE,0.9667,SURFACE
CTSK,BALICATIB,11.6008,SURFACE
CTSK,ODANACATIB,23.2017,SURFACE
DPYSL2,LACOSAMIDE,0.2008,SURFACE
DPYSL2,DERAZANTINIB,0.1631,SURFACE
DPYSL2,COMPOUND 29 [PMID: 36356320],0.3263,SURFACE
DPYSL2,PEMIGATINIB,0.2175,SURFACE
DPYSL2,PD166285,0.1864,SURFACE
DPYSL2,PRN1371,0.1864,SURFACE
DPYSL2,CATEQUENTINIB,0.3263,SURFACE
DPYSL2,FUTIBATINIB,0.1186,SURFACE
DPYSL2,FANREGRATINIB,0.435,SURFACE
DPYSL2,PAZOPANIB,0.0229,SURFACE
DPYSL2,COMPOUND 8I [PMID: 22765894],0.1088,SURFACE
DPYSL2,LY2874455,0.1864,SURFACE
DPYSL2,BRIVANIB,0.0932,SURFACE
DPYSL2,BLU-9931,0.3263,SURFACE
DPYSL2,COMPOUND 8H [PMID: 22765894],0.1186,SURFACE
DPYSL2,LUCITANIB,0.087,SURFACE
DPYSL2,3-[(3-(2-CARBOXYETHYL)-4-METHYLPYRROL-2-YL)METHYLENE]-2-INDOLINONE,0.261,SURFACE
DPYSL2,COMPOUND 7R [PMID: 26080733],1.3051,SURFACE
DPYSL2,NINTEDANIB ESYLATE,0.0522,SURFACE
DPYSL2,SULFATINIB,0.1864,SURFACE
DPYSL2,TINENGOTINIB,0.1864,SURFACE
DPYSL2,SORAFENIB,0.0113,SURFACE
DPYSL2,ERDAFITINIB,0.1004,SURFACE
DPYSL2,PEXMETINIB,0.0725,SURFACE
DPYSL2,CEP-11981,0.0621,SURFACE
DPYSL2,"COMPOUND 7 [NGUYEN ET AL., 2023]",0.261,SURFACE
DPYSL2,MK-2461,0.0544,SURFACE
DPYSL2,INFIGRATINIB,0.0483,SURFACE
DPYSL2,ZOLIGRATINIB,0.261,SURFACE
DPYSL2,SU-14813,0.261,SURFACE
DPYSL2,ORANTINIB,0.1004,SURFACE
DPYSL2,TOCERANIB,0.435,SURFACE
DPYSL2,SUNITINIB,0.0272,SURFACE
DPYSL2,COMPOUND 2C [PMID: 24900538],0.1305,SURFACE
DPYSL2,SU-11652,0.3263,SURFACE
DPYSL2,SEGIGRATINIB,0.261,SURFACE
DPYSL2,DOVITINIB,0.0129,SURFACE
DPYSL2,ROGARATINIB,0.1864,SURFACE
DPYSL2,FEXAGRATINIB,0.2175,SURFACE
DPYSL2,TASURGRATINIB,0.1864,SURFACE
ESYT2,METHYLPHENIDATE HYDROCHLORIDE,2.2697,SURFACE
EIF4B,RGB-286638,1.3738,SURFACE
EIF4B,ZOTIRACICLIB,2.1752,SURFACE
CTNNB1,PP1,0.1318,SURFACE
CTNNB1,PF-670462,0.1977,SURFACE
CTNNB1,MPI-0479605,0.5273,SURFACE
CTNNB1,SKF-86002,0.3955,SURFACE
CTNNB1,SB203580,0.0273,SURFACE
CTNNB1,IMATINIB,0.022,SURFACE
CTNNB1,MAPK13-IN-1,0.3955,SURFACE
CTNNB1,BAY1217389,0.5273,SURFACE
CTNNB1,NIROGACESTAT,0.0565,SURFACE
CTNNB1,NMS-P715,0.791,SURFACE
CTNNB1,ACUMAPIMOD,0.3955,SURFACE
CTNNB1,EOSIN_Y,1.5819,SURFACE
CTNNB1,DILMAPIMOD,0.3955,SURFACE
CTNNB1,PRI-724,0.3955,SURFACE
CTNNB1,MW150,0.791,SURFACE
CTNNB1,COMPOUND 12 [PMID: 22521646],0.791,SURFACE
CTNNB1,BMS-582949,0.791,SURFACE
CTNNB1,OSUGACESTAT,0.3955,SURFACE
CTNNB1,AZD7624,0.3955,SURFACE
CTNNB1,VANTICTUMAB,0.226,SURFACE
CTNNB1,ANTI-PD-L1 MONOCLONAL ANTIBODY,0.1977,SURFACE
CTNNB1,LOSMAPIMOD,0.2637,SURFACE
CTNNB1,LENALIDOMIDE,0.1217,SURFACE
CTNNB1,NDPPC,0.791,SURFACE
CTNNB1,CELECOXIB,0.0236,SURFACE
CTNNB1,TRAMETINIB DIMETHYL SULFOXIDE,0.0337,SURFACE
CTNNB1,DORAMAPIMOD,0.0344,SURFACE
CTNNB1,RECOMBINANT HUMAN ENDOSTATIN,0.791,SURFACE
CTNNB1,TRICIRIBINE,0.2637,SURFACE
CTNNB1,TEMSIROLIMUS,0.1055,SURFACE
CTNNB1,AZD6703,0.3955,SURFACE
CTNNB1,SAM68 MODULATOR CWP232291,0.791,SURFACE
CTNNB1,NEFLAMAPIMOD,0.1318,SURFACE
CTNNB1,LETROZOLE,0.0439,SURFACE
CTNNB1,VX-702,0.3955,SURFACE
CTNNB1,7-HYDROXYSTAUROSPORINE,0.0608,SURFACE
CTNNB1,TAK-715,0.3955,SURFACE
CTNNB1,FLUORESCEIN SODIUM,1.5819,SURFACE
CTNNB1,PEXMETINIB,0.0439,SURFACE
CTNNB1,COMPOUND 4E [PMID: 35546685],0.1977,SURFACE
CTNNB1,MPS1-IN-1,0.791,SURFACE
CTNNB1,CETUXIMAB,0.0428,SURFACE
CTNNB1,PF-03715455,0.2637,SURFACE
CTNNB1,ARRY-371797,0.1318,SURFACE
CTNNB1,DEXAMETHASONE,0.0186,SURFACE
CTNNB1,PAMAPIMOD,0.1318,SURFACE
CTNNB1,ANTI-CTLA-4 MONOCLONAL ANTIBODY,0.791,SURFACE
CTNNB1,PH-797804,0.3955,SURFACE
CTNNB1,DITHIAZANINE IODIDE,0.0608,SURFACE
CTNNB1,SB220025,0.0255,SURFACE
CTNNB1,CEQ508,2.3729,SURFACE
CTNNB1,CABOZANTINIB S-MALATE,0.0719,SURFACE
CTNNB1,SB202190,0.022,SURFACE
CTNNB1,RALIMETINIB,0.1977,SURFACE
CTNNB1,TALMAPIMOD,0.2637,SURFACE
CTNNB1,CBS-3595,0.2637,SURFACE
CTNNB1,THALIDOMIDE,0.0428,SURFACE
CTNNB1,EMPESERTIB,0.5273,SURFACE
CTNNB1,SORAFENIB,0.0138,SURFACE
CTNNB1,OSIMERTINIB,0.113,SURFACE
CTNNB1,CYCLOPHOSPHAMIDE ANHYDROUS,0.0195,SURFACE
CTNNB1,EVEROLIMUS,0.0698,SURFACE
DRD1,PEXIDARTINIB,0.0193,MUT
DRD1,PROPIOMAZINE,0.0386,MUT
DRD1,LINIFANIB,0.0034,MUT
DRD1,KETANSERIN,0.0118,MUT
DRD1,MIFEPRISTONE,0.0097,MUT
DRD1,LOXAPINE,0.0416,MUT
DRD1,SPIPERONE,0.0142,MUT
DRD1,VINPOCETINE,0.0541,MUT
DRD1,EFAROXAN,0.0902,MUT
DRD1,CARPHENAZINE,0.1352,MUT
DRD1,AMOXAPINE,0.0361,MUT
DRD1,METIZOLINE,0.0676,MUT
DRD1,(-)-N-PORPHYNORAPOMORPHINE,0.0338,MUT
DRD1,PROTRIPTYLINE,0.0301,MUT
DRD1,METHYLERGONOVINE,0.0984,MUT
DRD1,DIHYDREXIDINE,0.1159,MUT
DRD1,BRIVANIB,0.0193,MUT
DRD1,2-CHLOROADENOSINE-5-TRIPHOSPHATE,0.0386,MUT
DRD1,AMSACRINE,0.018,MUT
DRD1,PERGOLIDE,0.0636,MUT
DRD1,PEXMETINIB,0.015,MUT
DRD1,COMPOUND 8H [PMID: 22765894],0.0246,MUT
DRD1,IFENPRODIL,0.1352,MUT
DRD1,LEVODOPA,0.0225,MUT
DRD1,MIANSERIN,0.015,MUT
DRD1,ACETOPHENAZINE,0.1803,MUT
DRD1,CLOZAPINE,0.0084,MUT
DRD1,FORETINIB,0.0142,MUT
DRD1,DIHYDROERGOTAMINE MESYLATE,0.027,MUT
DRD1,BENZAMIL,0.0338,MUT
DRD1,AMINEPTIN,0.0902,MUT
DRD1,LISURIDE,0.0285,MUT
DRD1,MK-2461,0.0113,MUT
DRD1,OPIPRAMOL,0.2705,MUT
DRD1,BAY 11-7082,0.0225,MUT
DRD1,CLOROTEPINE,0.0902,MUT
DRD1,CATEQUENTINIB,0.0676,MUT
DRD1,FLUPHENAZINE HYDROCHLORIDE,0.0369,MUT
DRD1,QUERCETIN,0.0034,MUT
DRD1,ZIMELDINE,0.2705,MUT
DRD1,PRECLAMOL,0.2705,MUT
DRD1,SKF-38393,0.0301,MUT
DRD1,MRS1523,0.0451,MUT
DRD1,AMPEROZIDE,0.1352,MUT
DRD1,N-DESMETHYLCLOZAPINE,0.027,MUT
DRD1,PALIPERIDONE,0.0225,MUT
DRD1,EPINEPHRINE,0.0068,MUT
DRD1,ROTIGOTINE,0.027,MUT
DRD1,DIHYDROERGOCRISTINE,0.0676,MUT
DRD1,CYCLOBENZAPRINE,0.0301,MUT
DRD1,MINAPRINE,0.0902,MUT
DRD1,CEP-11981,0.0129,MUT
DRD1,HALOPERIDOL DECANOATE,0.0107,MUT
DRD1,THIETHYLPERAZINE,0.0492,MUT
DRD1,SITRAVATINIB,0.0169,MUT
DRD1,PHENAMIL,0.0676,MUT
DRD1,PICEATANNOL,0.0129,MUT
DRD1,NINTEDANIB ESYLATE,0.0108,MUT
DRD1,DEOXIEPINEPHRINE,0.0451,MUT
DRD1,OLANZAPINE,0.0071,MUT
DRD1,APOCIDEINE,0.1352,MUT
DRD1,PHENYLTOLOXAMINE,0.1352,MUT
DRD1,METERGOLINE,0.015,MUT
DRD1,KETOTIFEN FUMARATE,0.0676,MUT
DRD1,FLUOXETINE HYDROCHLORIDE,0.0097,MUT
DRD1,DROTRECOGIN ALFA,0.1803,MUT
DRD1,COMPOUND 8I [PMID: 22765894],0.0225,MUT
DRD1,GOSSYPOL,0.0056,MUT
DRD1,DOXEPIN HYDROCHLORIDE,0.0061,MUT
DRD1,PROMETHAZINE HYDROCHLORIDE,0.0123,MUT
DRD1,PROCHLORPERAZINE,0.0097,MUT
DRD1,K-00546,0.0902,MUT
DRD1,CGS 21680,0.0386,MUT
DRD1,PERPHENAZINE,0.0312,MUT
DRD1,DORSOMORPHIN,0.0338,MUT
DRD1,ZM-306416,0.0902,MUT
DRD1,CHLORPROTHIXENE,0.0541,MUT
DRD1,PAZOPANIB,0.0047,MUT
DRD1,PIMOZIDE,0.008,MUT
DRD1,MOTESANIB,0.0246,MUT
DRD1,NAN 190,0.0338,MUT
DRD1,VEGFA,0.1352,MUT
DRD1,DOPAMINE,0.0093,MUT
DRD1,THIORIDAZINE,0.028,MUT
DRD1,COCAINE,0.0208,MUT
DRD1,PIRENZEPINE,0.027,MUT
DRD1,DOBUTAMINE,0.0902,MUT
DRD1,SU-14813,0.0541,MUT
DRD1,METITEPINE,0.0129,MUT
DRD1,ZICRONAPINE,0.0676,MUT
DRD1,BENZOXATHIAN,0.1352,MUT
DRD1,MELEVODOPA,0.0386,MUT
DRD1,TRIFLUPROMAZINE,0.1014,MUT
DRD1,PROMAZINE,0.0427,MUT
DRD1,ECOPIPAM,0.8115,MUT
DRD1,IDARUBICIN,0.0056,MUT
DRD1,FRUQUINTINIB,0.0386,MUT
DRD1,TINENGOTINIB,0.0386,MUT
DRD1,QUETIAPINE FUMARATE,0.0075,MUT
DRD1,PHENYLEPHRINE,0.0169,MUT
DRD1,A68930,0.0451,MUT
DRD1,DIPYRIDAMOLE,0.0048,MUT
DRD1,NIFEDIPINE,0.0048,MUT
DRD1,YOHIMBINE,0.0159,MUT
DRD1,TYRAMINE,0.0902,MUT
DRD1,TRAZODONE,0.018,MUT
DRD1,ILOPERIDONE,0.0129,MUT
DRD1,VATALANIB,0.015,MUT
DRD1,BP 897,0.0676,MUT
DRD1,ENOXIMONE,0.0451,MUT
DRD1,N-OLEOYLDOPAMINE,0.015,MUT
DRD1,(-)-STEPHOLIDINE,0.1803,MUT
DRD1,BUTACLAMOL,0.1352,MUT
DRD1,CARVEDILOL,0.0104,MUT
DRD1,"(3Z)-N,N-DIMETHYL-2-OXO-3-(4,5,6,7-TETRAHYDRO-1H-INDOL-2-YLMETHYLIDENE)-2,3-DIHYDRO-1H-INDOLE-5-SULFONAMIDE",0.0113,MUT
DRD1,VEGFB,0.2705,MUT
DRD1,VEGF RECEPTOR TYROSINE KINASE INHIBITOR III,0.0451,MUT
DRD1,NORTRIPTYLINE,0.0085,MUT
DRD1,METHYLPHENIDATE HYDROCHLORIDE,0.0176,MUT
DRD1,METHYSERGIDE,0.0142,MUT
DRD1,CYCLIC ADENOSINE MONOPHOSPHATE,0.0902,MUT
DRD1,BROMOCRIPTINE,0.0087,MUT
DRD1,FENOLDOPAM MESYLATE,0.0386,MUT
DRD1,PERGOLIDE MESYLATE,0.0386,MUT
DRD1,DICYCLOMINE HYDROCHLORIDE,0.0246,MUT
DRD1,GW7647,0.009,MUT
DRD1,2MESATP,0.0451,MUT
DRD1,"ERGOLOID MESYLATES, USP",0.0208,MUT
DRD1,CGP7930,0.0386,MUT
DRD1,RG-1530,0.0029,MUT
DRD1,A77636,0.0451,MUT
DRD1,APOMORPHINE,0.01,MUT
DRD1,ILORASERTIB,0.0023,MUT
DRD1,PIRENPERONE,0.0676,MUT
DRD1,IBCASERTIB,0.0338,MUT
DRD1,ELLIPTECINE,0.0085,MUT
DRD1,CLOMIPRAMINE,0.0071,MUT
DRD1,MOLINDONE,0.0451,MUT
DRD1,QUINACRINE,0.027,MUT
DRD1,DOVITINIB,0.0027,MUT
DRD1,"(R,S)-INDATRALINE",0.0246,MUT
DRD1,CAPSAZEPINE,0.0123,MUT
DRD1,SB 216763,0.018,MUT
DRD1,OSI-930,0.0541,MUT
DRD1,TRIMIPRAMINE,0.0082,MUT
DRD1,SKF-82958,0.0902,MUT
DRD1,METHYLERGONOVINE MALEATE,0.0902,MUT
DRD1,ASENAPINE,0.0108,MUT
DRD1,GR 127935,0.0093,MUT
DRD1,CYPROHEPTADINE HYDROCHLORIDE,0.0225,MUT
DRD1,TIVOZANIB,0.0301,MUT
DRD1,SB 242084,0.0338,MUT
DRD1,IMIPRAMINE HYDROCHLORIDE,0.0135,MUT
DRD1,DAS-431 IV,0.2705,MUT
DRD1,PALMITOYL-CARNITINE,0.0676,MUT
DRD1,AMITRIPTYLINE HYDROCHLORIDE,0.006,MUT
DRD1,"L-741,626",0.0246,MUT
DRD1,TRIFLUOPERAZINE,0.009,MUT
DRD1,CALCIMYCIN,0.0142,MUT
DRD1,SPERMINE,0.0301,MUT
DRD1,BAY-11-7085,0.0225,MUT
DRD1,TAVAPADON,0.0902,MUT
DRD1,FLUPENTHIXOL,0.0541,MUT
DRD1,NICOTINE POLACRILEX,0.0176,MUT
DRD1,COMPOUND 25 [PMID: 17935989],0.0301,MUT
DRD1,SEMAXANIB,0.0318,MUT
DRD1,NIPECOTIC ACID,0.2705,MUT
DRD1,DEXTROAMPHETAMINE SULFATE,0.0285,MUT
DRD1,NOREPINEPHRINE,0.0085,MUT
DRD1,NICARDIPINE,0.0169,MUT
DRD1,EPINASTINE,0.0676,MUT
DRD1,SB-415286,0.0135,MUT
DRD1,LUCITANIB,0.018,MUT
DRD1,ETILEVODOPA,0.0541,MUT
DRD1,(S)-UH 301,0.0902,MUT
DRD1,MEVIDALEN,0.2705,MUT
DRD1,ZUCLOPENTHIXOL,0.1352,MUT
DRD1,PROPAFENONE,0.0246,MUT
DRD1,CEDIRANIB,0.0048,MUT
DRD1,SERTRALINE HYDROCHLORIDE,0.0135,MUT
DRD1,MAPROTILINE,0.0208,MUT
DRD1,WB 4101,0.0386,MUT
DRD1,BUPROPION HYDROCHLORIDE,0.0318,MUT
DRD1,CGS 15943,0.0246,MUT
DRD1,RACEPINEPHRINE,0.0386,MUT
DRD1,MINAPRINE HYDROCHLORIDE,0.0301,MUT
DRD1,FENOLDOPAM,0.0773,MUT
EPB41L2,HSL119,52.2038,SURFACE
CSPG4,LEUCOVORIN CALCIUM,0.58,SURFACE
CSPG4,ALTEPLASE,0.9944,SURFACE
CSPG4,IRINOTECAN HYDROCHLORIDE,0.3315,SURFACE
CSPG4,FLUOROURACIL,0.18,SURFACE
CSPG4,BEVACIZUMAB,0.522,SURFACE
EEF2,LMB-100,1.4501,SURFACE
EEF2,CYCLOHEXIMIDE,0.0611,SURFACE
EEF2,BI-847325,0.2637,SURFACE
EEF2,LACTIMIDOMYCIN,5.8004,SURFACE
EEF2,"(3Z)-N,N-DIMETHYL-2-OXO-3-(4,5,6,7-TETRAHYDRO-1H-INDOL-2-YLMETHYLIDENE)-2,3-DIHYDRO-1H-INDOLE-5-SULFONAMIDE",0.1208,SURFACE
EEF2,RESIMMUNE,1.4501,SURFACE
EEF2,DANUSERTIB,0.3222,SURFACE
EEF2,MOXETUMOMAB PASUDOTOX,0.9667,SURFACE
EEF2,MK-5108,0.9667,SURFACE
EEF2,OPORTUZUMAB MONATOX,1.4501,SURFACE
EEF2,TOZASERTIB,0.0397,SURFACE
EEF2,TAGRAXOFUSP,0.9667,SURFACE
EEF2,SS1(DSFV)-PE38,1.4501,SURFACE
EEF2,GSK1070916,0.58,SURFACE
EEF2,DENILEUKIN DIFTITOX,0.4834,SURFACE
EEF2,ILORASERTIB,0.025,SURFACE
EEF2,COMPOUND 38 [PMID: 20817473],0.7251,SURFACE
EEF2,AMG-900,0.3625,SURFACE
LAMA4,OCRIPLASMIN,1.3738,SURFACE
LNPEP,TOSEDOSTAT,0.8701,SURFACE
LNPEP,COMPOUND 17 [PMID: 23916253],5.8004,SURFACE
LNPEP,INHIBITOR 19 [PMID: 21476495],17.4013,SURFACE
IGF1R,MECASERMIN,1.0441,SURFACE
IGF1R,AEW-541,1.0441,SURFACE
IGF1R,ERLOTINIB,0.0186,SURFACE
IGF1R,MASOPROCOL,0.0444,SURFACE
IGF1R,CIXUTUMUMAB,3.1322,SURFACE
IGF1R,PAZOPANIB,0.0183,SURFACE
IGF1R,STAUROSPORINE,0.0746,SURFACE
IGF1R,TAMATINIB,0.0129,SURFACE
IGF1R,DALOTUZUMAB,4.1763,SURFACE
IGF1R,LINSITINIB,1.1932,SURFACE
IGF1R,PD-0166285,0.0201,SURFACE
IGF1R,CONTELTINIB,0.261,SURFACE
IGF1R,PODOFILOX,0.087,SURFACE
IGF1R,BIIB-022,2.0882,SURFACE
IGF1R,EXEMESTANE,0.0653,SURFACE
IGF1R,FIGITUMUMAB,4.1763,SURFACE
IGF1R,TAMOXIFEN,0.0321,SURFACE
IGF1R,ACETYLCYSTEINE,0.1392,SURFACE
IGF1R,XL228,0.4475,SURFACE
IGF1R,BMS-536924,0.261,SURFACE
IGF1R,CENISERTIB,0.0088,SURFACE
IGF1R,SB202190,0.029,SURFACE
IGF1R,VELIGROTUG,2.0882,SURFACE
IGF1R,ANTI-IGF-1R RECOMBINANT MONOCLONAL ANTIBODY BIIB022,2.0882,SURFACE
IGF1R,RINFABATE,1.0441,SURFACE
IGF1R,HESPERADIN,0.0261,SURFACE
IGF1R,XL-228,0.087,SURFACE
IGF1R,CRIZOTINIB,0.0418,SURFACE
IGF1R,CERITINIB,0.1228,SURFACE
IGF1R,ROBATUMUMAB,2.0882,SURFACE
IGF1R,GANITUMAB,1.0441,SURFACE
IGF1R,PF-562271,0.0097,SURFACE
IGF1R,MECASERMIN RINFABATE,1.0441,SURFACE
IGF1R,GW441756X,0.0161,SURFACE
IGF1R,THROMBIN,0.1305,SURFACE
IGF1R,TEPROTUMUMAB,1.0441,SURFACE
IGF1R,ILORASERTIB,0.009,SURFACE
IGF1R,GEFITINIB,0.0156,SURFACE
IGF1R,KW-2450,0.522,SURFACE
IGF1R,TEPROTUMUMAB,2.0882,SURFACE
IGF1R,PL-225B,1.0441,SURFACE
IGF1R,BMS-754807,0.464,SURFACE
IGF1R,TEPROTUMUMAB,0.348,SURFACE
IGF1R,PICROPODOPHYLLIN,1.0441,SURFACE
IGF1R,METFORMIN,0.0255,SURFACE
IGF1R,RALOXIFENE HYDROCHLORIDE,0.0418,SURFACE
IGF1R,ENTRECTINIB,0.0183,SURFACE
IGF1R,ISTIRATUMAB,0.6961,SURFACE
LAMC1,OCRIPLASMIN,1.3738,SURFACE
INSR,TESOFENSINE,0.1838,SURFACE
INSR,INSULIN SUSP ISOPHANE SEMISYNTHETIC PURIFIED HUMAN,0.7353,SURFACE
INSR,GO-6976,0.0171,SURFACE
INSR,"INSULIN ZINC, PROMPT",0.7353,SURFACE
INSR,INSULIN PURIFIED PORK,0.7353,SURFACE
INSR,INSULIN ZINC SUSP EXTENDED PURIFIED BEEF,0.7353,SURFACE
INSR,"INSULIN ZINC, EXTENDED",0.7353,SURFACE
INSR,INSULIN ZINC SUSP EXTENDED BEEF,0.7353,SURFACE
INSR,INSULIN ZINC SUSP BEEF,0.7353,SURFACE
INSR,INSULIN SENSITIZER S-707106,0.7353,SURFACE
INSR,SP-600125,0.0083,SURFACE
INSR,CYCLOPHOSPHAMIDE ANHYDROUS,0.0182,SURFACE
INSR,INSULIN DETEMIR,1.4705,SURFACE
INSR,INSULIN DEGLUDEC,0.3676,SURFACE
INSR,AEW-541,0.3676,SURFACE
INSR,ILORASERTIB,0.0063,SURFACE
INSR,NVP-TAE684,0.0071,SURFACE
INSR,INSULIN ASPART PROTAMINE RECOMBINANT,0.7353,SURFACE
INSR,INSULIN SUSP PROTAMINE ZINC PURIFIED BEEF,0.7353,SURFACE
INSR,"INSULIN, PROTAMINE ZINC",0.7353,SURFACE
INSR,INSULIN TREGOPIL,0.7353,SURFACE
INSR,"INSULIN, REGULAR, HUMAN",0.0416,SURFACE
INSR,PF-562271,0.0068,SURFACE
INSR,INSULIN SUSP PROTAMINE ZINC PURIFIED PORK,0.7353,SURFACE
INSR,RECOMBINANT HUMAN KALLIKREIN-1,0.7353,SURFACE
INSR,LINIFANIB,0.0092,SURFACE
INSR,"INSULIN [INJECTION], BIPHASIC",0.7353,SURFACE
INSR,"INSULIN HUMAN, ISOPHANE",0.7353,SURFACE
INSR,INSULIN SUSP ISOPHANE PURIFIED PORK,0.7353,SURFACE
INSR,INSULIN ZINC SUSP PURIFIED PORK,0.7353,SURFACE
INSR,RG-1530,0.0078,SURFACE
INSR,EPIRUBICIN,0.0408,SURFACE
INSR,"INSULIN ASPART PROTAMINE, HUMAN",1.4705,SURFACE
INSR,TOZASERTIB,0.0101,SURFACE
INSR,TOPIRAMATE,0.0334,SURFACE
INSR,LINSITINIB,0.105,SURFACE
INSR,INSULIN LISPRO,0.7353,SURFACE
INSR,INSULIN LISPRO PROTAMINE RECOMBINANT,0.7353,SURFACE
INSR,INSULIN SUSP ISOPHANE BEEF/PORK,0.7353,SURFACE
INSR,MITOGLITAZONE,0.2451,SURFACE
INSR,CENISERTIB,0.0062,SURFACE
INSR,INSULIN PURIFIED BEEF,0.7353,SURFACE
INSR,DOVITINIB,0.0073,SURFACE
INSR,INSULIN SUSP ISOPHANE BEEF,0.7353,SURFACE
INSR,"INSULIN, REGULAR, PORK",0.7353,SURFACE
INSR,INSULIN PEGLISPRO,0.7353,SURFACE
INSR,AGT-182,0.7353,SURFACE
INSR,INSULIN GLARGINE,1.4705,SURFACE
INSR,INSULIN ZINC SUSP PURIFIED BEEF/PORK,0.7353,SURFACE
INSR,INSULIN SUSP ISOPHANE PURIFIED BEEF,0.7353,SURFACE
INSR,INSULIN SUSP PROTAMINE ZINC BEEF/PORK,0.3676,SURFACE
INSR,INSULIN ZINC SUSP RECOMBINANT HUMAN,0.3676,SURFACE
INSR,INSULIN ZINC SUSP PROMPT BEEF,0.7353,SURFACE
INSR,BMS-754807,0.0817,SURFACE
INSR,INSULIN ZINC SUSP PROMPT PURIFIED PORK,0.7353,SURFACE
INSR,METFORMIN GLYCINATE,1.4705,SURFACE
INSR,KW-2450,0.3676,SURFACE
INSR,"INSULIN, PORCINE",0.7353,SURFACE
INSR,INSULIN ZINC SUSP PURIFIED BEEF,0.7353,SURFACE
INSR,FLUOROURACIL,0.0127,SURFACE
INSR,INSULIN SUSP ISOPHANE RECOMBINANT HUMAN,0.3676,SURFACE
INSR,"INSULIN, ISOPHANE",0.7353,SURFACE
INSR,TAMATINIB,0.0091,SURFACE
INSR,GW441756X,0.0113,SURFACE
INSR,INSULIN ZINC SUSP SEMISYNTHETIC PURIFIED HUMAN,0.7353,SURFACE
INSR,CYC-116,0.0076,SURFACE
INSR,"INSULIN GLULISINE, HUMAN",1.4705,SURFACE
INSR,METHAZOLAMIDE,0.7353,SURFACE
INSR,CERITINIB,0.0865,SURFACE
INSR,HESPERADIN,0.0184,SURFACE
INSR,INSULIN ZINC SUSP EXTENDED RECOMBINANT HUMAN,0.7353,SURFACE
HSP90B1,VIAGENPUMATUCEL-L,26.1019,SURFACE
LIFR,EMFILERMIN,104.4076,SURFACE
ITGB5,CILENGITIDE,7.8306,SURFACE
ITGB5,INTETUMUMAB,8.7006,SURFACE
ITGB5,ABITUZUMAB,2.1752,SURFACE
ITGB5,INTEGRIN RECEPTOR ANTAGONIST GLPG0187,2.1752,SURFACE
KMT2E,DULOXETINE HYDROCHLORIDE,4.0157,SURFACE
HEXB,CORTISONE,2.6102,SURFACE
HEXB,GENTAMICIN,0.6809,SURFACE
HEXB,THYROXINE,0.8701,SURFACE
HEXB,TAMOXIFEN,0.1606,SURFACE
HEXB,RABEPRAZOLE,0.4016,SURFACE
HEXB,ESTRAMUSTINE,0.9492,SURFACE
HEXB,AMINOGLYCOSIDE ANTIBIOTIC,1.1601,SURFACE
HEXB,OMEPRAZOLE,0.2822,SURFACE
HEXB,CISPLATIN,0.1065,SURFACE
LY75,RASDEGAFUSP ALFA,17.4013,MUT
HIPK2,ILORASERTIB,0.0281,SURFACE
HIPK2,BAY 61-3606,0.0796,SURFACE
HIPK2,TAMATINIB,0.0403,SURFACE
HIPK2,LINIFANIB,0.0408,SURFACE
HIPK2,CYC-116,0.0336,SURFACE
HIPK2,GW441756X,0.0502,SURFACE
HIPK2,PHA-767491,0.0494,SURFACE
HIPK2,SP-600125,0.0367,SURFACE
HIPK2,PF-562271,0.0302,SURFACE
HIPK2,ENTRECTINIB,0.0572,SURFACE
HIPK2,GSK-269962A,0.0742,SURFACE
HIPK2,VADIMEZAN,1.0876,SURFACE
HIPK2,SORAFENIB,0.0284,SURFACE
HIPK2,PI-103,0.1717,SURFACE
HIPK2,CENISERTIB,0.0277,SURFACE
HTRA1,GALEGENIMAB,26.1019,SURFACE
HTRA1,HYDROGEN PEROXIDE,2.6102,SURFACE
GPNMB,GLEMBATUMUMAB,26.1019,SURFACE
GPNMB,GLEMBATUMUMAB VEDOTIN,1.6314,SURFACE
IFNGR1,INTERFERON GAMMA-1B,39.1528,SURFACE
IFNGR1,INDOLE-3-CARBINOL,8.7006,SURFACE
HLA-E,ETANERCEPT,0.6693,SURFACE
HLA-E,CEDAZURIDINE,4.3503,SURFACE
HLA-E,METHOTREXATE,0.1582,SURFACE
HLA-E,ADALIMUMAB,0.5273,SURFACE
HLA-E,INFLIXIMAB,0.5613,SURFACE
HLA-E,CERTOLIZUMAB PEGOL,2.4859,SURFACE
GPR34,AMG28,1.9335,SURFACE
GPR34,APILIMOD,5.8004,SURFACE
GPR34,COMPOUND 17 [PMID: 36111834],8.7006,SURFACE
KCNK2,SEVOFLURANE,0.6047,SURFACE
KCNK2,ISOFLURANE,0.2406,SURFACE
KCNK2,ENFLURANE,0.2406,SURFACE
KCNK2,DOFETILIDE,1.1473,SURFACE
KCNK2,DESFLURANE,0.2486,SURFACE
KCNK2,HALOTHANE,0.2072,SURFACE
IGF2R,MANNOSE 6-PHOSPHATE,52.2038,SURFACE
IGF2R,ALBUTEROL SULFATE,4.0157,SURFACE
HSPA1A,CD24FC,2.1752,SURFACE
HSPA1A,CARBAMAZEPINE,0.5327,SURFACE
HSPA1A,AG-858,26.1019,SURFACE
HSPA1A,MINNELIDE,13.0509,SURFACE
GJA1,SELENIUM,0.5583,SURFACE
GJA1,CARVEDILOL,0.3651,SURFACE
GJA1,PROPYLTHIOURACIL,0.4746,SURFACE
GJA1,BLEOMYCIN,0.5932,SURFACE
GJA1,VITAMIN A,0.3515,SURFACE
GJA1,ATENOLOL,0.2637,SURFACE
GJA1,PROTEASOME INHIBITOR,0.4746,SURFACE
GJA1,LABETALOL,0.5273,SURFACE
GJA1,PROTEASE INHIBITOR,0.4746,SURFACE
GJA1,ASCORBIC ACID,0.3651,SURFACE
GJA1,EPIGALLOCATECHIN GALLATE,0.5583,SURFACE
HSP90AB1,SILIBININ,0.1891,SURFACE
HSP90AB1,NOVOBIOCIN,0.4539,SURFACE
HSP90AB1,TANESPIMYCIN,0.5674,SURFACE
HSP90AB1,RETASPIMYCIN HYDROCHLORIDE,0.7566,SURFACE
HSP90AB1,SNX-5422,1.1349,SURFACE
HSP90AB1,TAS-116,1.1349,SURFACE
HSP90AB1,TYRPHOSTIN AG 555,0.0597,SURFACE
HSP90AB1,GEDUNIN,0.5674,SURFACE
HSP90AB1,DOXORUBICIN HYDROCHLORIDE,0.0077,SURFACE
HSP90AB1,MONOCILLIN I,1.1349,SURFACE
HSP90AB1,ALVESPIMYCIN,1.5132,SURFACE
HSP90AB1,RETASPIMYCIN,0.7566,SURFACE
HSP90AB1,SNX 5422,0.5674,SURFACE
HSP90AB1,DIPYRIDAMOLE,0.0203,SURFACE
HSP90AB1,DIACETYLRHEIN,0.1261,SURFACE
HSP90AB1,LUMINESPIB,0.1891,SURFACE
HSP90AB1,CD24FC,0.1891,SURFACE
HSP90AB1,HSP90 INHIBITOR DEBIO 0932,0.5674,SURFACE
HSP90AB1,AUY922,0.7566,SURFACE
HSP90AB1,CYCLOPROPARADICICOL,2.2697,SURFACE
HSP90AB1,TANESPIMYCIN,0.873,SURFACE
HSP90AB1,CUCURBITACIN D,1.1349,SURFACE
HSP90AB1,ZEARALENONE,0.0873,SURFACE
HSP90AB1,ZERANOL,0.1621,SURFACE
HSP90AB1,RADANAMYCIN,1.1349,SURFACE
HSP90AB1,ZEARALANONE,0.5674,SURFACE
HSP90AB1,CELASTROL,0.6809,SURFACE
HSP90AB1,RHEIN,0.0516,SURFACE
HSP90AB1,PU-H71,1.1349,SURFACE
HSP90AB1,DAUNORUBICIN HYDROCHLORIDE,0.0344,SURFACE
HSP90AB1,GANETESPIB,0.4256,SURFACE
HSP90AB1,TETRACYCLINE,0.063,SURFACE
HSP90AB1,BEVACIZUMAB,0.0567,SURFACE
HSP90AB1,ONALESPIB,0.5674,SURFACE
HSP90AB1,COUMERMYCIN,2.2697,SURFACE
HSP90AB1,MASOPROCOL,0.0241,SURFACE
HSP90AB1,BIIB021,0.5674,SURFACE
HSP90AB1,DERRUBONE,0.3783,SURFACE
HSP90AB1,RADICICOL,1.5132,SURFACE
HSP90AB1,GELDANAMYCIN,0.8322,SURFACE
HSP90AB1,HSP90 INHIBITOR LAM-003A,0.5674,SURFACE
HSP90AB1,HSP90 INHIBITOR XL888,0.2837,SURFACE
HSP90AB1,GAMBOGIC ACID,0.2522,SURFACE
KLF9,HG2+,5.2204,SURFACE
HNRNPA2B1,LOBELINE,3.4803,SURFACE
HNRNPA2B1,STM2457,10.4408,SURFACE
HNRNPA2B1,STC-15,10.4408,SURFACE
HNRNPA2B1,WD6305,10.4408,SURFACE
HNRNPA2B1,UZH2,10.4408,SURFACE
MERTK,HESPERADIN,0.261,SURFACE
MERTK,NINGETINIB,2.0882,SURFACE
MERTK,TAMNORZATINIB,3.4803,SURFACE
MERTK,MK-2461,0.435,SURFACE
MERTK,AT9283,0.9492,SURFACE
JAG1,MARALIXIBAT,8.7006,SURFACE
JAG1,ODEVIXIBAT,2.9002,SURFACE
JAG1,HYDROCORTISONE BUTYRATE,0.8286,SURFACE
GLO1,N-METHYLFORMAMIDE,14.9154,SURFACE
GLO1,SMD-3040,2.4859,SURFACE
GLO1,GNE-235,3.7288,SURFACE
GLO1,NARINGENIN,1.0654,SURFACE
GLO1,GNE-064,2.4859,SURFACE
GLO1,A947,3.7288,SURFACE
LRP1,WARFARIN,1.0546,SURFACE
LRP1,ANG1005,1.0236,SURFACE
LRP1,ANTISENSE OLIGONUCLEOTIDES,1.0546,SURFACE
HLA-DRA,NIVOLUMAB,0.2868,SURFACE
HLA-DRA,CLAVULANIC ACID,1.6573,SURFACE
HLA-DRA,FLOXACILLIN,1.6573,SURFACE
HLA-DRA,1D09C3,2.4859,SURFACE
HLA-DRA,AMOXICILLIN ANHYDROUS,0.785,SURFACE
HLA-DRA,ATEZOLIZUMAB,0.4143,SURFACE
HLA-DRA,PEMBROLIZUMAB,0.226,SURFACE
LPAR1,BMS-986202,6.5255,SURFACE
LPAR1,SAR100842,8.7006,SURFACE
LPAR1,BMS-986020,6.5255,SURFACE
LPAR1,BMS-986020,26.1019,SURFACE
GDI2,PF-9363,10.4408,SURFACE
IVL,RETINOIC ACID AGENT,0.842,MUT
IVL,PERILLYL ALCOHOL,5.8004,MUT
IVL,INFLIXIMAB,0.5613,MUT
IVL,ADALIMUMAB,0.5273,MUT
IVL,RETINYL ACETATE,2.1752,MUT
IVL,TOPICAL CORTICOSTEROID,5.8004,MUT
IL6ST,BAZEDOXIFENE,6.9605,SURFACE
IL6ST,RALOXIFENE HYDROCHLORIDE,0.6961,SURFACE
IL6ST,SATRALIZUMAB,5.8004,SURFACE
GNAS,AMITRIPTYLINE HYDROCHLORIDE,0.0331,SURFACE
GNAS,FLUOROURACIL,0.0129,SURFACE
GNAS,NICLOSAMIDE,0.0552,SURFACE
GNAS,"WIN 62,577",0.1864,SURFACE
GNAS,"9,10-PHENANTHRENEQUINONE",0.0574,SURFACE
GNAS,TETRAETHYLAMMONIUM CHLORIDE,1.4915,SURFACE
GNAS,ETOCARLIDE,1.4915,SURFACE
GNAS,TRIACETIN,1.4915,SURFACE
GNAS,MIFEPRISTONE,0.0533,SURFACE
GNAS,ACID BLUE 129,0.0785,SURFACE
GNAS,JNJ1661010,0.2486,SURFACE
GNAS,"(3Z)-N,N-DIMETHYL-2-OXO-3-(4,5,6,7-TETRAHYDRO-1H-INDOL-2-YLMETHYLIDENE)-2,3-DIHYDRO-1H-INDOLE-5-SULFONAMIDE",0.0621,SURFACE
GNAS,GARCINONE E,0.1492,SURFACE
GNAS,CLIOXANIDE,0.2131,SURFACE
GNAS,CISPLATIN,0.0101,SURFACE
KCNJ2,DRONEDARONE HYDROCHLORIDE,3.2627,SURFACE
H1-2,DASA-58,6.5255,MUT
H1-2,COMPOUND 16 [PMID: 31977207],6.5255,MUT
H1-2,COMPOUND 1 [PMID: 31465224],6.5255,MUT
H1-2,COMPOUND 3K [PMID: 28688274],6.5255,MUT
H1-2,MITAPIVAT,3.2627,MUT
H1-2,COMPOUND 24 [PMID: 36723914],6.5255,MUT
H1-2,TEPP-46,6.5255,MUT
H1-2,DMAMCL,6.5255,MUT
ITGA2,E-7820,8.7006,SURFACE
ITGA2,VATELIZUMAB,26.1019,SURFACE
GALNT3,GSK-264220A,13.0509,SURFACE
GALNT3,COMPOUND 12 [PMID: 31990537],26.1019,SURFACE
IL1R1,THERAPEUTIC CORTICOSTEROID,0.1912,SURFACE
IL1R1,ANAKINRA,3.1233,SURFACE
IL1R1,EPOETIN ALFA,0.2362,SURFACE
IL1R1,AMG-108,2.0078,SURFACE
IL1R1,VITAMIN D,0.6178,SURFACE
IL1R1,"ALUM, POTASSIUM",2.0078,SURFACE
IL1R1,DEHYDRATED ALCOHOL,0.1017,SURFACE
IL1R1,GENISTEIN,0.1385,SURFACE
IL1R1,ADJUVANT,0.5354,SURFACE
IL1R1,MEDI-8968,4.0157,SURFACE
IL1R1,RECOMBINANT INTERLEUKIN-1,1.5617,SURFACE
IL1R1,AS101,1.6063,SURFACE
IL1R1,TRETINOIN,0.0883,SURFACE
LIPA,THERAPEUTIC HORMONE,0.791,SURFACE
LIPA,SEBELIPASE ALFA,8.7006,SURFACE
LIPA,LOVASTATIN,0.4462,SURFACE
LIPA,LIOTHYRONINE,0.5273,SURFACE
LIPA,TRIFLUOPERAZINE,0.58,SURFACE
LIPA,GLUCAGON (RDNA),1.5819,SURFACE
MDM2,DIPLAMINE B,4.0157,DRIVER
MDM2,NUTLIN-3,7.0274,DRIVER
MDM2,TCDD,0.1606,DRIVER
MDM2,NAVTEMADLIN,0.6693,DRIVER
MDM2,SULANEMADLIN,0.6693,DRIVER
MDM2,MILADEMETAN,2.0078,DRIVER
MDM2,IPILIMUMAB,0.1339,DRIVER
MDM2,LISSOCLINIDINE B,4.0157,DRIVER
MDM2,CISPLATIN,0.0137,DRIVER
MDM2,GAMBOGIC ACID,0.2231,DRIVER
MDM2,PD-98059,0.1085,DRIVER
MDM2,HDM2 INHIBITOR MK-8242,1.0039,DRIVER
MDM2,MDM2 ANTAGONIST RO5045337,2.0078,DRIVER
MDM2,MILADEMETAN TOSYLATE,2.0078,DRIVER
MDM2,THIRAM,0.0873,DRIVER
MDM2,APG115,1.0039,DRIVER
MDM2,SERDEMETAN,1.0039,DRIVER
MDM2,PEMBROLIZUMAB,0.0608,DRIVER
MDM2,ANGIOGENESIS INHIBITOR,0.3346,DRIVER
MDM2,IDASANUTLIN,1.3386,DRIVER
MDM2,ALRIZOMADLIN,1.0039,DRIVER
MDM2,NIVOLUMAB,0.0772,DRIVER
MDM2,SIREMADLIN,2.0078,DRIVER
MDM2,HELENALIN,0.1255,DRIVER
MDM2,MANGOSTIN,0.2008,DRIVER
LAMP1,DIMETHYL SULFOXIDE,6.5255,SURFACE
HSPA5,MIANSERIN,0.1813,SURFACE
HSPA5,4-METHYLDAPHNETIN,0.6525,SURFACE
HSPA5,AG 490,0.2039,SURFACE
HSPA5,EUPAFOLIN,0.2039,SURFACE
HSPA5,STROBOPININ,3.2627,SURFACE
HSPA5,FLUOROURACIL,0.0281,SURFACE
HSPA5,NORGESTREL,0.5438,SURFACE
HSPA5,CHLORQUINALDOL,0.8157,SURFACE
HSPA5,RUTHENIUM-BASED TRANSFERRIN TARGETING AGENT NKP-1339,1.6314,SURFACE
HSPA5,THAPSIGARGIN,0.8157,SURFACE
HSPA5,DAPHNETIN,0.3625,SURFACE
HSPA5,IT-139,3.2627,SURFACE
HSPA5,NPPB,0.4078,SURFACE
ITGB1,VOLOCIXIMAB,4.3503,SURFACE
ITGB1,NATALIZUMAB,1.0876,SURFACE
ITGB1,FIRATEGRAST,2.9002,SURFACE
ITGB1,SAN-300,2.1752,SURFACE
ITGB1,ABITUZUMAB,0.7251,SURFACE
ITGB1,R1295,1.4501,SURFACE
ITGB1,ATN-161,1.0876,SURFACE
ITGB1,PF-04605412,2.1752,SURFACE
ITGB1,ATL1102,2.1752,SURFACE
ITGB1,INTEGRIN RECEPTOR ANTAGONIST GLPG0187,0.7251,SURFACE
ITGB1,ETARACIZUMAB,1.0876,SURFACE
ITGB1,ANTI-THYMOCYTE GLOBULIN,0.3955,SURFACE
MAOB,SAFINAMIDE,0.5093,SURFACE
MAOB,LEVODOPA,0.1061,SURFACE
MAOB,MOCLOBEMIDE,0.764,SURFACE
MAOB,SELEGILINE,0.8913,SURFACE
MAOB,BIFEMELANE,0.6366,SURFACE
MAOB,MEBANAZINE,0.6366,SURFACE
MAOB,MELATONIN,0.0878,SURFACE
MAOB,PARGYLINE HYDROCHLORIDE,0.6366,SURFACE
MAOB,ISOCARBOXAZID,1.2733,SURFACE
MAOB,SEROTONIN,0.3638,SURFACE
MAOB,[18F]FLUORORASAGILINE,2.5465,SURFACE
MAOB,RASAGILINE,0.8488,SURFACE
MAOB,PHENOXYPROPAZINE,0.6366,SURFACE
MAOB,LAZABEMIDE,1.2733,SURFACE
MAOB,NIALAMIDE,0.2547,SURFACE
MAOB,SAFINAMIDE MESYLATE,1.2733,SURFACE
MAOB,COBALAMIN,1.2733,SURFACE
MAOB,PHENELZINE,0.2728,SURFACE
MAOB,RASAGILINE TARTRATE,1.2733,SURFACE
MAOB,RALFINAMIDE,0.0637,SURFACE
MAOB,SELEGILINE HYDROCHLORIDE,0.6366,SURFACE
MAOB,VITAMIN K3,0.0878,SURFACE
MAOB,TRANYLCYPROMINE,0.7276,SURFACE
MAOB,PARGYLINE,2.5465,SURFACE
MAOB,ANTIDEPRESSANT AGENT,0.049,SURFACE
MAOB,MOFEGILINE,1.2733,SURFACE
MAOB,INDANTADOL,0.1415,SURFACE
MAOB,NAPHTHOQUINONE,0.5093,SURFACE
MAOB,METHAMPHETAMINE,0.0531,SURFACE
MAOB,HALOPERIDOL DECANOATE,0.0335,SURFACE
MAOB,PHENELZINE SULFATE,0.1819,SURFACE
MAOB,IPRONIAZID,0.1819,SURFACE
MAOB,LINEZOLID,0.1415,SURFACE
KCNH4,NERISPIRDINE,0.174,MUT
KCNH4,AMIFAMPRIDINE PHOSPHATE,0.2122,MUT
KCNH4,AMIFAMPRIDINE,0.2072,MUT
KCNH4,GUANIDINE HYDROCHLORIDE,0.2122,MUT
KCNH4,DALFAMPRIDINE,0.1813,MUT
KCNH4,TEDISAMIL,0.2175,MUT
GLG1,CBPD-409,2.9002,SURFACE
GLG1,TTK21,2.9002,SURFACE
GLG1,COMPOUND 50 [PMID: 24313754],1.9335,SURFACE
GLG1,INOBRODIB,2.9002,SURFACE
GLG1,GNE-049,5.8004,SURFACE
GLG1,SGC-CBP30,2.9002,SURFACE
GLG1,I-CBP112,1.9335,SURFACE
GLG1,CBPD-268,1.9335,SURFACE
GLG1,ISCHEMIN,5.8004,SURFACE
IL1RL2,IMSIDOLIMAB,8.7006,MUT
IL1RL2,SPESOLIMAB,8.7006,MUT
IL1RL2,SPESOLIMAB,8.7006,MUT
LGALS3,OLITIGALTIN,13.0509,SURFACE
LGALS3,DAVANAT,6.5255,SURFACE
LGALS3,BELAPECTIN,26.1019,SURFACE
LGALS3,"LACTOSE, ANHYDROUS",8.7006,SURFACE
GUSB,RITONAVIR,0.9667,SURFACE
GUSB,VESTRONIDASE ALFA,26.1019,SURFACE
GDF2,CITARINOSTAT,0.2417,MUT
GDF2,VALPROIC ACID,0.0254,MUT
GDF2,PANOBINOSTAT,0.0453,MUT
GDF2,RESMINOSTAT,0.0967,MUT
GDF2,QUISINOSTAT,0.0659,MUT
GDF2,PRACINOSTAT,0.0967,MUT
GDF2,TUBASTATIN A,0.2417,MUT
GDF2,ROMIDEPSIN,0.0518,MUT
GDF2,NEXTURASTAT A,0.7251,MUT
GDF2,SS-208,0.2417,MUT
GDF2,DALANTERCEPT,1.0876,MUT
GDF2,BML-281,0.2417,MUT
GDF2,BUTYRIC ACID,0.05,MUT
GDF2,BELINOSTAT,0.0659,MUT
GDF2,TUCIDINOSTAT,1.4501,MUT
GDF2,CUDC-101,0.1208,MUT
GDF2,VORINOSTAT,0.0259,MUT
GDF2,SCRIPTAID,0.1611,MUT
GDF2,TRICHOSTATIN A,0.0537,MUT
GDF2,TACEDINALINE,0.1036,MUT
GDF2,ABEXINOSTAT,0.1115,MUT
GDF2,GIVINOSTAT,0.0806,MUT
GDF2,MARTINOSTAT,0.2417,MUT
GDF2,ENTINOSTAT,0.0691,MUT
GDF2,SUPRASTAT,0.29,MUT
GDF2,J27644,0.4834,MUT
GDF2,MOCETINOSTAT,0.0906,MUT
GDF2,APICIDIN,0.0967,MUT
GDF2,RGFP109,0.4834,MUT
GDF2,DACINOSTAT,0.0763,MUT
GDF2,FIMEPINOSTAT,0.0558,MUT
GDF2,ACY-738,0.3625,MUT
GDF2,KA1010,0.1318,MUT
GDF2,CHR-3996,0.1611,MUT
GDF2,RICOLINOSTAT,0.2072,MUT
GDF2,COMPOUND 25AP [PMID: 37796543],0.1611,MUT
GANAB,MIGLUSTAT,34.8025,SURFACE
NCOA1,TAMOXIFEN,0.4016,SURFACE
NCOA1,METHYLENE BLUE ANHYDROUS,0.3527,SURFACE
NCOA1,ETOPOSIDE,0.225,SURFACE
P4HB,LOMITAPIDE MESYLATE,0.8031,SURFACE
P4HB,LIQUIRITIN,4.0157,SURFACE
P4HB,ASTRAGALIN,4.0157,SURFACE
P4HB,RALOXIFENE HYDROCHLORIDE,0.0803,SURFACE
P4HB,SLX-4090,2.0078,SURFACE
P4HB,MITRATAPIDE,2.0078,SURFACE
P4HB,DIRLOTAPIDE,1.3386,SURFACE
P4HB,SYROSINGOPINE,1.0039,SURFACE
P4HB,IMPLITAPIDE,2.0078,SURFACE
P4HB,QUERCITRIN,1.3386,SURFACE
P4HB,DIHYDRODAPHNODORIN B,1.0039,SURFACE
PIP4K2A,FLUPIRTINE MALEATE,0.8031,SURFACE
PHOSPHO1,LANSOPRAZOLE,0.9001,SURFACE
PHOSPHO1,EBSELEN,0.7458,SURFACE
PTEN,BUPARLISIB,0.1245,DRIVER
PTEN,PP-242,0.1729,DRIVER
PTEN,PANITUMUMAB,0.0519,DRIVER
PTEN,PILARALISIB,0.061,DRIVER
PTEN,GSK2636771,0.2161,DRIVER
PTEN,GEFITINIB,0.0103,DRIVER
PTEN,AZD6482,0.1537,DRIVER
PTEN,AFATINIB,0.0576,DRIVER
PTEN,PEMBROLIZUMAB,0.0524,DRIVER
PTEN,ERLOTINIB,0.0123,DRIVER
PTEN,ENZALUTAMIDE,0.1296,DRIVER
PTEN,M-2698,0.0768,DRIVER
PTEN,BIRINAPANT,0.0864,DRIVER
PTEN,VEMURAFENIB,0.0748,DRIVER
PTEN,VENETOCLAX,0.0314,DRIVER
PTEN,TIRBANIBULIN,0.1383,DRIVER
PTEN,METFORMIN,0.0169,DRIVER
PTEN,TRASTUZUMAB,0.0256,DRIVER
PTEN,CISPLATIN,0.0094,DRIVER
PTEN,NVP-AEW541,0.1729,DRIVER
PTEN,PF-04691502,0.0864,DRIVER
PTEN,LEUCOVORIN CALCIUM,0.0288,DRIVER
PTEN,VORINOSTAT,0.0185,DRIVER
PTEN,PI3K/BET INHIBITOR LY294002,0.1729,DRIVER
PTEN,ACALISIB,0.0494,DRIVER
PTEN,ANTINEOPLASTIC AGENT,0.0494,DRIVER
PTEN,SORAFENIB,0.009,DRIVER
PTEN,MULTI-AGC KINASE INHIBITOR AT13148,0.3457,DRIVER
PTEN,RUCAPARIB,0.0432,DRIVER
PTEN,RISOVALISIB,0.3457,DRIVER
PTEN,NAVITOCLAX,0.0432,DRIVER
PTEN,TAS0612,0.0691,DRIVER
PTEN,FLUOROURACIL,0.0149,DRIVER
PTEN,GSK2334470,0.1152,DRIVER
PTEN,BORUSSERTIB,0.3457,DRIVER
PTEN,CAPIVASERTIB,0.3111,DRIVER
PTEN,CX-5461,0.6914,DRIVER
PTEN,PLX-4720,0.0768,DRIVER
PTEN,2-METHOXYESTRADIOL,0.0691,DRIVER
PTEN,PACLITAXEL,0.0283,DRIVER
PTEN,GSK690693,0.0432,DRIVER
PTEN,AZD8835,0.1152,DRIVER
PTEN,EVEROLIMUS,0.1729,DRIVER
PTEN,UPROSERTIB,0.0691,DRIVER
PTEN,PKI-179,0.2305,DRIVER
PTEN,MS417,0.2305,DRIVER
PTEN,BEVACIZUMAB,0.0173,DRIVER
PTEN,NIVOLUMAB,0.0798,DRIVER
PTEN,SIROLIMUS,0.0238,DRIVER
PTEN,ERDAFITINIB,0.0532,DRIVER
PTEN,PALBOCICLIB,0.0271,DRIVER
PTEN,UMI-77,0.6914,DRIVER
PTEN,PAXALISIB,0.0629,DRIVER
PTEN,CC-115,0.1152,DRIVER
PTEN,SAR260301,0.1296,DRIVER
PTEN,TRAMETINIB DIMETHYL SULFOXIDE,0.0294,DRIVER
PTEN,BRAFV600/PI3K INHIBITOR ASN003,0.1152,DRIVER
PTEN,OSIMERTINIB,0.0494,DRIVER
PTEN,ONATASERTIB,0.2305,DRIVER
PTEN,CAPMATINIB,0.2305,DRIVER
PTEN,AKT INHIBITOR LY2780301,0.1729,DRIVER
PTEN,AZD8055,0.0576,DRIVER
PTEN,ALPELISIB,0.1441,DRIVER
PTEN,CAPECITABINE,0.0136,DRIVER
PTEN,PICTILISIB,0.1571,DRIVER
PTEN,SONOLISIB,0.0576,DRIVER
PTEN,TEMOZOLOMIDE,0.0494,DRIVER
PTEN,OMIPALISIB,0.0173,DRIVER
PTEN,ABIRATERONE ACETATE,0.0741,DRIVER
PTEN,INFIGRATINIB,0.0256,DRIVER
PTEN,COBIMETINIB,0.0364,DRIVER
PTEN,GEDATOLISIB,0.064,DRIVER
PTEN,LETROZOLE,0.0384,DRIVER
PTEN,PAN-AKT INHIBITOR ARQ751,0.2305,DRIVER
PTEN,AKT INHIBITOR MK2206,0.2469,DRIVER
PTEN,NIRAPARIB,0.0407,DRIVER
PTEN,ZSTK474,0.0314,DRIVER
PTEN,IDELALISIB,0.0768,DRIVER
PTEN,RIBOCICLIB,0.0576,DRIVER
PTEN,OSI-027,0.0768,DRIVER
PTEN,VISTUSERTIB,0.0864,DRIVER
PTEN,BINIMETINIB,0.0691,DRIVER
PTEN,DABRAFENIB,0.064,DRIVER
PTEN,VELIPARIB,0.0314,DRIVER
PTEN,MIRDAMETINIB,0.0461,DRIVER
PTEN,VANDETANIB,0.0179,DRIVER
PTEN,PI3K INHIBITOR BGT226,0.1729,DRIVER
PTEN,OXALIPLATIN,0.0364,DRIVER
PTEN,ENCORAFENIB,0.1537,DRIVER
PTEN,BAY1125976,0.1383,DRIVER
PTEN,SAPANISERTIB,0.0601,DRIVER
PTEN,ABT-737,0.1729,DRIVER
PTEN,DOCETAXEL ANHYDROUS,0.0083,DRIVER
PTEN,PROGESTERONE,0.0117,DRIVER
PTEN,VS-5584,0.0629,DRIVER
PTEN,TAS-117,0.1729,DRIVER
PTEN,SAMOTOLISIB,0.0922,DRIVER
PTEN,XL765,0.0384,DRIVER
PTEN,IZORLISIB,0.1152,DRIVER
PTEN,DS-7423,0.023,DRIVER
PTEN,TOPOTECAN HYDROCHLORIDE,0.0288,DRIVER
PTEN,IPILIMUMAB,0.0461,DRIVER
PTEN,IMATINIB,0.0096,DRIVER
PTEN,OLAPARIB,0.0225,DRIVER
PTEN,ATEZOLIZUMAB,0.0192,DRIVER
PTEN,GDC-0152,0.3457,DRIVER
PTEN,APITOLISIB,0.0266,DRIVER
PTEN,MEK INHIBITOR CI-1040,0.3457,DRIVER
PTEN,TALAZOPARIB,0.0494,DRIVER
PTEN,PEMETREXED DISODIUM,0.0266,DRIVER
PTEN,PANULISIB,0.0432,DRIVER
PTEN,FIMEPINOSTAT,0.0266,DRIVER
PTEN,CARBOPLATIN,0.0241,DRIVER
PTEN,U0126,0.1152,DRIVER
PTEN,TGX-221,0.1729,DRIVER
PTEN,MIRANSERTIB,0.1729,DRIVER
PTEN,TASELISIB,0.1152,DRIVER
PTEN,PI3KBETA INHIBITOR AZD8186,0.1729,DRIVER
PTEN,NERATINIB,0.0461,DRIVER
PTEN,RIGOSERTIB SODIUM,0.1152,DRIVER
PTEN,SF1126,0.0576,DRIVER
PTEN,REGORAFENIB,0.021,DRIVER
PTEN,SELUMETINIB,0.0314,DRIVER
PTEN,BLZ945,0.3457,DRIVER
PTEN,FULVESTRANT,0.0415,DRIVER
PTEN,KU-55933,0.2305,DRIVER
PTEN,AZD8186,0.3457,DRIVER
PTEN,RMC-5552,0.3457,DRIVER
PTEN,MTOR INHIBITOR,0.0576,DRIVER
PTEN,GEMCITABINE,0.0075,DRIVER
PTEN,GSK2256098,0.6914,DRIVER
PTEN,ONC201,0.1729,DRIVER
PTEN,GDC-0879,0.1383,DRIVER
PTEN,SUNITINIB,0.0144,DRIVER
PTEN,E6201,0.0988,DRIVER
PTEN,CETUXIMAB,0.0561,DRIVER
PTEN,TEMSIROLIMUS,0.1844,DRIVER
PTEN,VOXTALISIB,0.0432,DRIVER
PTEN,COMMENSAL BACTERIAL STRAIN FORMULATION VE800,0.3457,DRIVER
PTEN,KU-60019,0.1729,DRIVER
PTEN,ONVANSERTIB,0.1152,DRIVER
PTEN,EPIDERMAL GROWTH FACTOR RECEPTOR TYROSINE KINASE INHIBITOR,0.0384,DRIVER
PTEN,LAPATINIB,0.0112,DRIVER
PTEN,CX-6258,0.1729,DRIVER
PTEN,COPANLISIB,0.0471,DRIVER
PTEN,DACTOLISIB,0.0432,DRIVER
PTEN,IPATASERTIB,0.4086,DRIVER
PTEN,AZD5991,0.2593,DRIVER
PTEN,GANITUMAB,0.1152,DRIVER
PDGFC,SUNITINIB,1.0876,SURFACE
PRKCB,RUBOXISTAURIN,0.8157,MUT
PRKCB,CEP-2563 DIHYDROCHLORIDE,0.1919,MUT
PRKCB,QUERCETIN,0.0413,MUT
PRKCB,UCN-01,0.1631,MUT
PRKCB,SOTRASTAURIN ACETATE,0.6525,MUT
PRKCB,MIDOSTAURIN,0.0932,MUT
PRKCB,BRYOSTATIN 1,0.8157,MUT
PRKCB,RO31-8220,0.8157,MUT
PRKCB,INGENOL MEBUTATE,0.2039,MUT
PRKCB,DEXMEDETOMIDINE HYDROCHLORIDE,0.5932,MUT
PRKCB,GSK-690693,0.1919,MUT
PRKCB,ATENOLOL,0.1813,MUT
PRKCB,ENZASTAURIN,1.3595,MUT
PRKCB,ENOXOLONE,0.6525,MUT
PRKCB,BRYOSTATIN 1,0.2331,MUT
PRKCB,SOTRASTAURIN,0.0535,MUT
PDGFRB,IMATINIB,0.0918,SURFACE
PDGFRB,REGORAFENIB,0.0801,SURFACE
PDGFRB,PETROSIOL A,1.3216,SURFACE
PDGFRB,BECAPLERMIN,0.8811,SURFACE
PDGFRB,RINUCUMAB,0.6608,SURFACE
PDGFRB,ENMD-981693,0.0348,SURFACE
PDGFRB,SORAFENIB,0.0632,SURFACE
PDGFRB,MASITINIB,0.1166,SURFACE
PDGFRB,PAZOPANIB,0.0696,SURFACE
PDGFRB,TIVOZANIB HYDROCHLORIDE,0.1322,SURFACE
PDGFRB,TOZASERTIB,0.0091,SURFACE
PDGFRB,TELATINIB,0.472,SURFACE
PDGFRB,MOTESANIB,0.2403,SURFACE
PDGFRB,PD-0166285,0.0254,SURFACE
PDGFRB,SU-014813,0.0944,SURFACE
PDGFRB,X-82,0.3965,SURFACE
PDGFRB,RABEPRAZOLE,0.0254,SURFACE
PDGFRB,ILORASERTIB,0.0114,SURFACE
PDGFRB,XL999,0.1322,SURFACE
PDGFRB,SUNITINIB,0.1239,SURFACE
PDGFRB,LEUCOVORIN CALCIUM,0.0367,SURFACE
PDGFRB,RG-1530,0.0141,SURFACE
PDGFRB,ROMIPLOSTIM,0.0826,SURFACE
PDGFRB,MK-2461,0.0275,SURFACE
PDGFRB,CATEQUENTINIB,0.1322,SURFACE
PDGFRB,PEGPLERANIB SODIUM,0.1101,SURFACE
PDGFRB,TAMATINIB,0.0082,SURFACE
PDGFRB,CP-547632,0.015,SURFACE
PDGFRB,CRENOLANIB,0.0441,SURFACE
PDGFRB,TG100-801,0.0413,SURFACE
PDGFRB,AXITINIB,0.0944,SURFACE
PDGFRB,IRINOTECAN HYDROCHLORIDE,0.021,SURFACE
PDGFRB,TAK-593,0.2643,SURFACE
PDGFRB,TOCERANIB PHOSPHATE,0.2203,SURFACE
PDGFRB,XL-999,0.0601,SURFACE
PDGFRB,AST-487,0.0161,SURFACE
PDGFRB,FAMITINIB,0.1888,SURFACE
PDGFRB,CM-082,0.1652,SURFACE
PDGFRB,LENVATINIB,0.0348,SURFACE
PDGFRB,FLUOROURACIL,0.0114,SURFACE
PDGFRB,XL820,0.3304,SURFACE
PDGFRB,VANDETANIB,0.0114,SURFACE
PDGFRB,PUQUITINIB MESYLATE DIHYDRATE,0.0601,SURFACE
PDGFRB,BARASERTIB-HQPA,0.0287,SURFACE
PDGFRB,DORAMAPIMOD,0.0287,SURFACE
PDGFRB,PONATINIB,0.0508,SURFACE
PDGFRB,QUIZARTINIB,0.0348,SURFACE
PDGFRB,MIDOSTAURIN,0.0189,SURFACE
PDGFRB,AMUVATINIB,0.1888,SURFACE
PDGFRB,VARGATEF,0.0826,SURFACE
PDGFRB,DOVITINIB LACTATE,0.3304,SURFACE
PDGFRB,HESPERADIN,0.0165,SURFACE
PDGFRB,BEVACIZUMAB,0.033,SURFACE
PDGFRB,CENISERTIB,0.0056,SURFACE
PDGFRB,SNS-314,0.0157,SURFACE
PDGFRB,FORETINIB,0.0348,SURFACE
PDGFRB,RIPRETINIB,0.1322,SURFACE
PDGFRB,BARASERTIB,0.0508,SURFACE
PDGFRB,ORANTINIB,0.1525,SURFACE
PDGFRB,JI-101,0.2203,SURFACE
PDGFRB,CEP-2563 DIHYDROCHLORIDE,0.0389,SURFACE
PDGFRB,NVP-TAE684,0.0064,SURFACE
PDGFRB,VATALANIB,0.1468,SURFACE
PDGFRB,NINTEDANIB ESYLATE,0.1322,SURFACE
PDGFRB,PAZOPANIB HYDROCHLORIDE,0.2203,SURFACE
PDGFRB,CEDIRANIB,0.0354,SURFACE
PDGFRB,TANDUTINIB,0.1416,SURFACE
PDGFRB,LINIFANIB,0.0413,SURFACE
PDGFRB,PF-562271,0.0061,SURFACE
PDGFRB,NILOTINIB,0.0413,SURFACE
PDGFRB,XL-820,0.2203,SURFACE
PDGFRB,SOTRASTAURIN,0.0108,SURFACE
PDGFRB,DOVITINIB,0.0327,SURFACE
PDGFRB,SERALUTINIB,0.1101,SURFACE
PDGFRB,TRAPIDIL,0.2203,SURFACE
PDGFRB,PP2,0.022,SURFACE
PDGFRB,DASATINIB ANHYDROUS,0.0522,SURFACE
PDGFRB,CDP-860,0.6608,SURFACE
PAK1,MLN-8054,0.18,SURFACE
PAK1,CENISERTIB,0.0442,SURFACE
PAK1,NVP-TAE684,0.0507,SURFACE
PAK1,BARASERTIB-HQPA,0.227,SURFACE
PAK1,TAMATINIB,0.0644,SURFACE
PAK1,LAUROGUADINE,0.1864,SURFACE
PAK1,ILORASERTIB,0.045,SURFACE
PAK1,PF-562271,0.0483,SURFACE
PAK1,RG-1530,0.0555,SURFACE
PAK1,TOZASERTIB,0.0715,SURFACE
PRKD3,DOVITINIB,0.0126,SURFACE
PRKD3,TIGILANOL TIGLATE,0.1158,SURFACE
PRKD3,GW441756X,0.0196,SURFACE
PRKD3,MIDOSTAURIN,0.0364,SURFACE
PRKD3,TAMATINIB,0.0157,SURFACE
PRKD3,CRT 0066101,0.4244,SURFACE
PRKD3,R-1487,0.1415,SURFACE
PRKD3,VX-702,0.1819,SURFACE
PRKD3,PD-0166285,0.0245,SURFACE
PRKD3,BMS-345541,0.1158,SURFACE
PRKD3,GSK-269962A,0.0289,SURFACE
PRKD3,SB220025,0.0411,SURFACE
PRKD3,QUERCETIN,0.0161,SURFACE
PRKD3,NVP-TAE684,0.0124,SURFACE
PRKD3,SB-242235,0.1819,SURFACE
PRKD3,SP-600125,0.0143,SURFACE
PRKD3,BAY 61-3606,0.0311,SURFACE
PRKD3,FASUDIL,0.0439,SURFACE
PRKD3,GSK-690693,0.0749,SURFACE
PRKD3,GEFITINIB,0.019,SURFACE
PRKD3,BRYOSTATIN 1,0.1061,SURFACE
PRKD3,PHA-767491,0.0193,SURFACE
PRKD3,BMS-387032,0.0749,SURFACE
PRKD3,BRYOSTATIN 1,0.0909,SURFACE
PRKD3,CYC-116,0.0131,SURFACE
PRKD3,ADAVOSERTIB,0.0455,SURFACE
PRKD3,CEP-2563 DIHYDROCHLORIDE,0.0749,SURFACE
PRKD3,ILORASERTIB,0.011,SURFACE
PRKD3,SOTRASTAURIN,0.0209,SURFACE
PRKD3,JNJ-7706621,0.0232,SURFACE
PRKD3,SB-431542,0.1415,SURFACE
PRKD3,TAK-715,0.0531,SURFACE
PRKD3,BPKDI,0.4244,SURFACE
PRKD3,PALBOCICLIB,0.025,SURFACE
PRKD3,PF-562271,0.0118,SURFACE
PRKD3,SB202190,0.0354,SURFACE
PRKD3,UCN-01,0.0637,SURFACE
PRKD3,CENISERTIB,0.0108,SURFACE
PRKD3,GATIFLOXACIN ANHYDROUS,0.1819,SURFACE
PAPOLA,ETOPOSIDE,1.8001,SURFACE
NME1,LAMIVUDINE,0.435,MUT
NME1,LYCOPENE,2.6102,MUT
NME1,TENOFOVIR,0.7458,MUT
NME1,ZIDOVUDINE,0.7734,MUT
NME1,ADEFOVIR DIPIVOXIL,1.1601,MUT
PRNP,BREFELDIN A,7.4577,SURFACE
P4HA1,SAFIRONIL,17.4013,SURFACE
P4HA1,"PYRIDINE-2,5-DICARBOXYLIC ACID",34.8025,SURFACE
P4HA1,LUFIRONIL,17.4013,SURFACE
MMP14,CTS-1027,1.0654,SURFACE
MMP14,EPIGALLOCATECHIN GALLATE,0.4387,SURFACE
MMP14,PYROGALLOL RED,0.2983,SURFACE
MMP14,CARMINIC ACID,0.9322,SURFACE
MMP14,ILOMASTAT,0.2983,SURFACE
MMP14,PRINOMASTAT,1.0654,SURFACE
MMP14,REBIMASTAT,1.2429,SURFACE
NLGN1,FLUOROURACIL,0.9001,MUT
NTF3,ALTEPLASE,0.1912,MUT
NTF3,RISPERIDONE,0.0599,MUT
NTF3,NALOXONE HYDROCHLORIDE,0.2362,MUT
NTF3,COLCHICINE,0.0772,MUT
NTF3,RECOMBINANT CYTOKINE,0.1544,MUT
NTF3,IL-6,0.2114,MUT
NTF3,EPOETIN ALFA,0.1181,MUT
NTF3,PHENYTOIN SODIUM,0.0956,MUT
NTF3,NERVE GROWTH FACTOR,0.3346,MUT
NTF3,VINCRISTINE,0.0496,MUT
NTF3,RECOMBINANT TRANSFORMING GROWTH FACTOR,0.1825,MUT
NTF3,NICOTINE POLACRILEX,0.0873,MUT
NTF3,HEPARAN SULFATE,0.3346,MUT
NTF3,VANILLOID,4.0157,MUT
NTF3,GENISTEIN,0.0692,MUT
NTF3,NIMODIPINE,0.2114,MUT
NTF3,PILOCARPINE HYDROCHLORIDE,0.2114,MUT
NTF3,LIOTHYRONINE,0.1217,MUT
NTF3,CAPSAICIN,0.2362,MUT
NTF3,AMINOGLYCOSIDE ANTIBIOTIC,0.4462,MUT
NTF3,RECOMBINANT INTERFERON BETA,2.0078,MUT
NTF3,DACTINOMYCIN,0.1147,MUT
NTF3,"INSULIN, REGULAR, HUMAN",0.0758,MUT
NTF3,H2O2,0.1544,MUT
NTF3,INOSITOL,0.2677,MUT
NTF3,CYCLOPHOSPHAMIDE ANHYDROUS,0.0496,MUT
MYC,UBENIMEX,0.2131,DRIVER
MYC,DIETHYLSTILBESTROL,0.0452,DRIVER
MYC,METHYLPREDNISOLONE,0.0829,DRIVER
MYC,PERILLYL ALCOHOL,0.4972,DRIVER
MYC,RONICICLIB,0.0266,DRIVER
MYC,OLAPARIB,0.0162,DRIVER
MYC,DINACICLIB,0.0621,DRIVER
MYC,BRYOSTATIN 1,0.1065,DRIVER
MYC,TETRADECANOYLPHORBOL ACETATE,0.0324,DRIVER
MYC,LIF,0.1864,DRIVER
MYC,AMINOPTERIN,1.4915,DRIVER
MYC,LOBAPLATIN,1.4915,DRIVER
MYC,PREXASERTIB,0.1243,DRIVER
MYC,CISPLATIN,0.0051,DRIVER
MYC,AN-9,1.4915,DRIVER
MYC,POLATUZUMAB VEDOTIN,0.0393,DRIVER
MYC,PREGNANT MARE SERUM GONADOTROPIN,0.1356,DRIVER
MYC,MELATONIN,0.0514,DRIVER
MYC,PROTEASOME INHIBITOR,0.0746,DRIVER
MYC,VORINOSTAT,0.0266,DRIVER
MYC,BROMOCRIPTINE,0.0481,DRIVER
MYC,HYPOXANTHINE,0.4972,DRIVER
MYC,ESTRONE,0.2034,DRIVER
MYC,HISTONE DEACETYLASE INHIBITOR,0.1657,DRIVER
MYC,NOVOBIOCIN,0.2983,DRIVER
MYC,SULINDAC,0.071,DRIVER
MYC,RECOMBINANT INTERFERON,0.0382,DRIVER
MYC,AMG-900,0.0932,DRIVER
MYC,GLUTAMINE,0.1864,DRIVER
MYC,MILODISTIM,0.4972,DRIVER
MYC,BIZELESIN,1.4915,DRIVER
MYC,TRAIL,0.0994,DRIVER
MYC,PROTOPORPHYRIN,0.0597,DRIVER
MYC,AFIMOXIFENE,0.1065,DRIVER
MYC,IBRUTINIB,0.0219,DRIVER
MYC,RECOMBINANT INTERFERON ALFA,0.2486,DRIVER
MYC,VERAPAMIL,0.0331,DRIVER
MYC,THYROTROPIN,0.4475,DRIVER
MYC,RECOMBINANT INTERLEUKIN-1,0.0829,DRIVER
MYC,THROMBIN,0.0621,DRIVER
MYC,TEMOZOLOMIDE,0.0355,DRIVER
MYC,INDOMETHACIN,0.0373,DRIVER
MYC,WARFARIN,0.0452,DRIVER
MYC,AMIFOSTINE ANHYDROUS,0.2983,DRIVER
MYC,LITHIUM,0.0355,DRIVER
MYC,DRUGSATFDA.NDA:008378,0.1657,DRIVER
MYC,PD-98059,0.0403,DRIVER
MYC,COBALT CO-60,1.4915,DRIVER
MYC,RECOMBINANT MACROPHAGE COLONY-STIMULATING FACTOR,1.4915,DRIVER
MYC,ORNITHINE DECARBOXYLASE INHIBITOR,1.4915,DRIVER
MYC,SOMATROPIN (RECOMBINANT DNA ORIGIN),0.0994,DRIVER
MYC,PREDNISONE,0.0331,DRIVER
MYC,ELSAMITRUCIN,0.7458,DRIVER
MYC,ACIVICIN,0.5593,DRIVER
MYC,AZACITIDINE,0.0373,DRIVER
MYC,FOLIC ACID,0.0621,DRIVER
MYC,ANTIBIOTIC,0.0877,DRIVER
MYC,TROGLITAZONE,0.0574,DRIVER
MYC,IL-5,0.2983,DRIVER
MYC,PHOSPHORODIAMIDATE MORPHOLINO OLIGOMER AVI-4126,0.7458,DRIVER
MYC,THIOGUANINE,0.0452,DRIVER
MYC,METHYLNITROSOUREA,0.1657,DRIVER
MYC,IMATINIB,0.0207,DRIVER
MYC,MITOGUAZONE,1.4915,DRIVER
MYC,ADOZELESIN,1.4915,DRIVER
MYC,GANETESPIB,0.0932,DRIVER
MYC,QUINAPRIL,0.4972,DRIVER
MYC,ALISERTIB,0.0155,DRIVER
MYC,IL-9,0.4972,DRIVER
MYC,CALCITRIOL,0.1864,DRIVER
OR10P1,METOPROLOL,4.0157,MUT
OR10P1,ATENOLOL,1.4501,MUT
PECAM1,RESVERATROL,2.1308,SURFACE
MSR1,H2O2,4.0157,SURFACE
METAP2,TOSEDOSTAT,0.3263,SURFACE
METAP2,BELORANIB,9.7882,SURFACE
METAP2,PPI-2458,13.0509,SURFACE
METAP2,EVEXOMOSTAT,6.5255,SURFACE
METAP2,FUMAGILLIN-DERIVED POLYMER CONJUGATE XMT-1107,6.5255,SURFACE
METAP2,M8891,1.6314,SURFACE
METAP2,D-METHIONINE,6.5255,SURFACE
METAP2,ACLIMOSTAT,6.5255,SURFACE
PTH1R,9-AMINOCAMPTOTHECIN,0.339,SURFACE
PTH1R,PARATHYROID HORMONE,2.4859,SURFACE
PTH1R,ABALOPARATIDE,3.7288,SURFACE
PTH1R,TERIPARATIDE ACETATE,3.7288,SURFACE
PTH1R,ESTRADIOL VALERATE,0.1587,SURFACE
PTH1R,PARATHYROID HORMONE,1.8644,SURFACE
PTH1R,OSTABOLIN-C,2.4859,SURFACE
PTH1R,RECOMBINANT TRANSFORMING GROWTH FACTOR,0.339,SURFACE
PTH1R,DEXAMETHASONE,0.0877,SURFACE
PTH1R,PTHRP,2.4859,SURFACE
PTH1R,PCO-371,1.8644,SURFACE
PTH1R,TERIPARATIDE,2.7966,SURFACE
NR2F2,PYRIDABEN,2.1752,MUT
NR2F2,RESACTIN A,2.1752,MUT
NR2F2,CYCLOHEXIMIDE,0.0916,MUT
PANX3,CARBENOXOLONE,1.0876,SURFACE
PANX3,FLUFENAMIC ACID,0.6869,SURFACE
PPT1,PLITIDEPSIN,26.1019,SURFACE
PPT1,LAMOTRIGINE,2.3729,SURFACE
MYH7B,OMECAMTIV MECARBIL,2.1752,MUT
MYH7B,MAVACAMTEN,1.9335,MUT
MYH7B,DANICAMTIV,2.4859,MUT
NRP1,PEGAPTANIB,17.4013,SURFACE
NRP1,VESENCUMAB,17.4013,SURFACE
NRP1,PALIFERMIN,2.1752,SURFACE
NOTCH2,TAREXTUMAB,14.9154,SURFACE
NOTCH2,NOTCH SIGNALING PATHWAY INHIBITOR MK0752,0.7458,SURFACE
NOTCH2,MK-0752,1.4915,SURFACE
NOTCH2,NIROGACESTAT,0.5327,SURFACE
NOTCH2,ODEVIXIBAT,1.2429,SURFACE
NOTCH2,ENOTICUMAB,1.4915,SURFACE
NOTCH2,RO4929097,1.4915,SURFACE
PTPN12,CRIZOTINIB,0.6961,SURFACE
PTPN12,SUNITINIB,0.3625,SURFACE
PDGFRA,IMATINIB,0.2734,SURFACE
PDGFRA,TOVETUMAB,3.4232,SURFACE
PDGFRA,DASATINIB ANHYDROUS,0.1914,SURFACE
PDGFRA,RIPRETINIB,0.5135,SURFACE
PDGFRA,SUNITINIB,0.3566,SURFACE
PDGFRA,AST-487,0.0209,SURFACE
PDGFRA,SORAFENIB,0.0223,SURFACE
PDGFRA,QUIZARTINIB,0.045,SURFACE
PDGFRA,REGORAFENIB,0.0778,SURFACE
PDGFRA,FAMITINIB,0.2445,SURFACE
PDGFRA,CRENOLANIB,1.084,SURFACE
PDGFRA,BECAPLERMIN,0.8558,SURFACE
PDGFRA,MASITINIB,0.151,SURFACE
PDGFRA,ENMD-2076,0.0276,SURFACE
PDGFRA,CEDIRANIB,0.0306,SURFACE
PDGFRA,ZM447439,0.045,SURFACE
PDGFRA,PAZOPANIB,0.0901,SURFACE
PDGFRA,X-82,0.3423,SURFACE
PDGFRA,SU-014813,0.1223,SURFACE
PDGFRA,LINIFANIB,0.0214,SURFACE
PDGFRA,XL-999,0.0778,SURFACE
PDGFRA,VARGATEF,0.107,SURFACE
PDGFRA,ILORASERTIB,0.0148,SURFACE
PDGFRA,AMUVATINIB,0.489,SURFACE
PDGFRA,TANDUTINIB,0.1223,SURFACE
PDGFRA,PONATINIB,0.0987,SURFACE
PDGFRA,AVAPRITINIB,0.6846,SURFACE
PDGFRA,OLARATUMAB,2.1395,SURFACE
PDGFRA,NILOTINIB,0.0535,SURFACE
PDGFRA,MOTESANIB,0.2334,SURFACE
PDGFRA,CYC-116,0.0088,SURFACE
PDGFRA,MIDOSTAURIN,0.0489,SURFACE
PDGFRA,ORANTINIB,0.0658,SURFACE
PDGFRA,CENISERTIB,0.0073,SURFACE
PDGFRA,TAMATINIB,0.0106,SURFACE
PDGFRA,XL-820,0.2853,SURFACE
PDGFRA,RG-1530,0.0091,SURFACE
PDGFRA,VATALANIB,0.1426,SURFACE
PDGFRA,SERALUTINIB,0.1426,SURFACE
PDGFRA,PEGPLERANIB SODIUM,0.1426,SURFACE
PDGFRA,TAK-593,0.1712,SURFACE
PDGFRA,DOVITINIB,0.0254,SURFACE
PDGFRA,ENMD-981693,0.045,SURFACE
PDGFRA,CP-547632,0.0194,SURFACE
PDGFRA,RAMUCIRUMAB,0.2853,SURFACE
PDGFRA,MEPOLIZUMAB,0.2853,SURFACE
PDGFRA,RABEPRAZOLE,0.0329,SURFACE
PDGFRA,ROMIPLOSTIM,0.107,SURFACE
PDGFRA,FORETINIB,0.045,SURFACE
PDGFRA,NVP-TAE684,0.0083,SURFACE
PDGFRA,PD-0166285,0.0165,SURFACE
PDGFRA,AXITINIB,0.0408,SURFACE
PDGFRA,NINTEDANIB ESYLATE,0.1369,SURFACE
PDGFRA,BARASERTIB-HQPA,0.0372,SURFACE
PDGFRA,PP2,0.0285,SURFACE
PDGFRA,LENVATINIB,0.045,SURFACE
PDGFRA,XL820,0.1426,SURFACE
PDGFRA,VANDETANIB,0.0148,SURFACE
PDGFRA,BARASERTIB,0.0658,SURFACE
PDGFRA,TELATINIB,0.1223,SURFACE
PTPN13,ANTIESTROGEN,6.9605,SURFACE
PKD2,ALLOPURINOL,3.4803,SURFACE
NDUFA1,NV-128,0.348,SURFACE
NDUFA1,METFORMIN HYDROCHLORIDE,0.3107,SURFACE
NDUFA1,ME-344,0.3412,SURFACE
PRDX4,DOCETAXEL ANHYDROUS,1.2579,SURFACE
STK17A,AZD-1080,0.1806,SURFACE
STK17A,CYC-116,0.0317,SURFACE
STK17A,RG-1530,0.0327,SURFACE
STK17A,GSK-269962A,0.0698,SURFACE
STK17A,LY-2090314,0.1181,SURFACE
STK17A,PF-562271,0.0284,SURFACE
STK17A,GW441756X,0.0472,SURFACE
STK17A,TAMATINIB,0.0379,SURFACE
STK17A,PD-0166285,0.0591,SURFACE
STK17A,BELUMOSUDIL,0.3071,SURFACE
STK17A,SP-600125,0.0345,SURFACE
STK17A,PHA-767491,0.0465,SURFACE
STK17A,NVP-TAE684,0.0298,SURFACE
STK17A,HESPERADIN,0.0768,SURFACE
STK17A,CENISERTIB,0.026,SURFACE
STK17A,ILORASERTIB,0.0265,SURFACE
STOM,SR8185,2.9002,SURFACE
STOM,MPI-0485520,2.9002,SURFACE
STOM,BX-795,0.6445,SURFACE
STOM,AMLEXANOX,0.4462,SURFACE
STOM,GSK8612,2.9002,SURFACE
STOM,COMPOUND II [PMID: 21329883],2.9002,SURFACE
STOM,MRT67307,2.9002,SURFACE
STOM,COMPOUND 17D [PMID: 23099093],1.4501,SURFACE
STOM,BAY-985,1.1601,SURFACE
RTN4,ATI-355,20.8815,SURFACE
RTN4,ANTISENSE OLIGONUCLEOTIDES,0.6328,SURFACE
RTN4,ATINUMAB,10.4408,SURFACE
RTN4,OZANEZUMAB,10.4408,SURFACE
RTN4,HYPERBARIC OXYGEN,4.1763,SURFACE
SDC2,HEPARAN SULFATE,8.7006,SURFACE
S100A10,DEXAMETHASONE,0.6142,SURFACE
S100A10,THERAPEUTIC GONADOTROPIN,7.4577,SURFACE
SLC30A9,ASPIRIN,1.1731,SURFACE
RB1,BAY 61-3606,0.0707,DRIVER
RB1,PALBOCICLIB,0.3981,DRIVER
RB1,TOPOTECAN HYDROCHLORIDE,0.1208,DRIVER
RB1,REBEMADLIN,1.4501,DRIVER
RB1,PICTILISIB,0.0879,DRIVER
RB1,VCN-01,2.9002,DRIVER
RB1,LARGAZOLE,0.05,DRIVER
RB1,RIBOCICLIB,0.4834,DRIVER
RB1,DALPICICLIB,2.9002,DRIVER
RB1,FOSTAMATINIB,1.4501,DRIVER
RB1,FULVESTRANT,0.116,DRIVER
RB1,TRILACICLIB,0.4143,DRIVER
RB1,TRETINOIN,0.0319,DRIVER
RB1,PACLITAXEL,0.0264,DRIVER
RB1,TRAMETINIB DIMETHYL SULFOXIDE,0.0617,DRIVER
RB1,VEMURAFENIB,0.0784,DRIVER
RB1,ENTINOSTAT,0.2072,DRIVER
RB1,TALAZOPARIB,0.0518,DRIVER
RB1,OLAPARIB,0.0315,DRIVER
RB1,AURORA A KINASE INHIBITOR LY3295668 ERBUMINE,1.4501,DRIVER
RB1,CISPLATIN,0.0099,DRIVER
RB1,TRICHOSTATIN A,0.2175,DRIVER
RB1,DECITABINE,0.1208,DRIVER
RB1,LORLATINIB,0.2231,DRIVER
RB1,LY3295668,2.9002,DRIVER
RB1,SIROLIMUS,0.1,DRIVER
RB1,ALPELISIB,0.0403,DRIVER
RB1,NIRAPARIB,0.0853,DRIVER
RB1,LETROZOLE,0.1611,DRIVER
RB1,BARASERTIB,0.2231,DRIVER
RB1,TAZEMETOSTAT,0.3625,DRIVER
RB1,JQ1,0.58,DRIVER
RB1,SELICICLIB,0.3867,DRIVER
RB1,R547,0.4143,DRIVER
RB1,ALISERTIB,0.0604,DRIVER
RB1,VORINOSTAT,0.0777,DRIVER
SERPINH1,DL-TBOA,1.0876,SURFACE
SERPINH1,ANTISENSE OLIGONUCLEOTIDES,0.5273,SURFACE
SERPINH1,ASPARTIC ACID,0.8701,SURFACE
SERPINH1,[3H]D-ASPARTIC ACID,0.791,SURFACE
SERPINH1,THREO-3-METHYLGLUTAMATE,4.3503,SURFACE
SERPINH1,MONOCLONAL ANTIBODY 11D10,17.4013,SURFACE
SLC38A4,GLYCINE,2.1752,SURFACE
SLC38A4,ALANINE,5.2204,SURFACE
SLC25A6,[3H]M-MPEP,1.0654,SURFACE
SLC25A6,CPPHA,1.0654,SURFACE
SLC25A6,COMPOUND 8 [PMID: 15482908],1.0654,SURFACE
SLC25A6,AZD9272,0.5327,SURFACE
SLC25A6,LSN2814617,1.0654,SURFACE
SLC25A6,GLUTAMIC ACID,0.1065,SURFACE
SLC25A6,BOMA,1.0654,SURFACE
SLC25A6,CHPG,1.0654,SURFACE
SLC25A6,COMPOUND 30 [PMID: 21757343],1.0654,SURFACE
SLC25A6,LSN2463359,1.0654,SURFACE
SLC25A6,ADX-47273,1.0654,SURFACE
SLC25A6,SIB-1757,0.1522,SURFACE
SLC25A6,COMPOUND 10 [PMID: 15482906],1.0654,SURFACE
SLC25A6,CDPPB,1.0654,SURFACE
SLC25A6,GSK2210875,1.0654,SURFACE
SLC25A6,COMPOUND 10 [PMID: 15482908],1.0654,SURFACE
SLC25A6,MTEB,1.0654,SURFACE
SLC25A6,VU0360172,1.0654,SURFACE
SLC25A6,[3H]CTEP,1.0654,SURFACE
SLC25A6,GRN-529,1.0654,SURFACE
SLC25A6,CLODRONIC ACID,0.0969,SURFACE
SLC25A6,AZD6538,0.5327,SURFACE
SLC25A6,FENOBAM ANHYDROUS,1.0654,SURFACE
SLC25A6,SIB-1893,0.2131,SURFACE
SLC25A6,"3,3'-DIFLUOROBENZALDAZINE",0.5327,SURFACE
SLC25A6,PTEB,1.0654,SURFACE
SLC25A6,CTEP,1.0654,SURFACE
SLC25A6,DIPRAGLURANT,0.5327,SURFACE
SLC25A6,CPPZ,1.0654,SURFACE
SLC25A6,VU0404251,1.0654,SURFACE
SLC25A6,ACDPP,1.0654,SURFACE
SLC25A6,COMPOUND 11A [PMID: 14697765],1.0654,SURFACE
SLC25A6,COMPOUND 16A [PMID: 14697765],1.0654,SURFACE
SLC25A6,VU-1545,1.0654,SURFACE
SLC25A6,5PAM523,1.0654,SURFACE
SLC25A6,COMPOUND 16M [PMID: 19931453],1.0654,SURFACE
SLC25A6,VU0409551,1.0654,SURFACE
SLC25A6,BASIMGLURANT,0.5327,SURFACE
SLC25A6,COMPOUND 13 [PMID: 15686941],1.0654,SURFACE
SLC25A6,MTEP,1.0654,SURFACE
SLC25A6,COMPOUND 41 [PMID: 23434029],1.0654,SURFACE
SLC25A6,COMPOUND 53 [PMID: 23434029],1.0654,SURFACE
SLC25A6,COMPOUND 47 [PMID: 21295468],1.0654,SURFACE
SLC25A6,COMPOUND 29B [PMID: 20809633],1.0654,SURFACE
SLC25A6,COMPOUND 24D [PMID: 23357634],1.0654,SURFACE
SLC25A6,MPEP,0.5327,SURFACE
SLC25A6,COMPOUND 24 [PMID: 23374867],1.0654,SURFACE
SLC25A6,LY341495,0.1522,SURFACE
SLC25A6,COMPOUND 18 [PMID: 21927650],1.0654,SURFACE
RUNX2,ANTISENSE OLIGONUCLEOTIDES,3.1639,DRIVER
SF3B1,H3B-8800,4.3503,SURFACE
SF3B1,ETOPOSIDE,0.3,SURFACE
SF3B1,OLAPARIB,0.3783,SURFACE
SLC39A6,LADIRATUZUMAB VEDOTIN,3.2627,SURFACE
PTPRM,COMPOUND 8A [PMID: 23713581],26.1019,SURFACE
SLK,CEDIRANIB,0.0311,SURFACE
SLK,CYC-116,0.0179,SURFACE
SLK,BAY 61-3606,0.0424,SURFACE
SLK,TOZASERTIB,0.0238,SURFACE
SLK,DASATINIB ANHYDROUS,0.0229,SURFACE
SLK,LADUVIGLUSIB,0.116,SURFACE
SLK,DOVITINIB,0.0172,SURFACE
SLK,SNS-314,0.0414,SURFACE
SLK,NVP-TAE684,0.0169,SURFACE
SLK,ILORASERTIB,0.015,SURFACE
SLK,SORAFENIB,0.0151,SURFACE
SLK,SOTRASTAURIN,0.0285,SURFACE
SLK,CP-547632,0.0395,SURFACE
SLK,LINIFANIB,0.0218,SURFACE
SLK,PHA-767491,0.0264,SURFACE
SLK,ALISERTIB,0.0363,SURFACE
SLK,ERLOTINIB,0.0311,SURFACE
SLK,GW843682X,0.0446,SURFACE
SLK,LY-2090314,0.0669,SURFACE
SLK,GEFITINIB,0.026,SURFACE
SLK,TAMATINIB,0.0215,SURFACE
SLK,GW441756X,0.0268,SURFACE
SLK,GSK-269962A,0.0395,SURFACE
SLK,ENTRECTINIB,0.0305,SURFACE
SLK,PF-562271,0.0161,SURFACE
SLK,HESPERADIN,0.0435,SURFACE
SLK,RG-1530,0.0185,SURFACE
SLK,SP-600125,0.0196,SURFACE
SLK,SB203580,0.06,SURFACE
SLK,TAK-715,0.0725,SURFACE
RALA,VITAMIN E,6.5255,SURFACE
RRM2B,FLUDARABINE,0.1535,SURFACE
RRM2B,GALLIUM NITRATE,0.7458,SURFACE
RRM2B,HYDROXYUREA,0.2486,SURFACE
RRM2B,CYTARABINE,0.1305,SURFACE
RRM2B,CLADRIBINE,0.6961,SURFACE
RRM2B,GEMCITABINE,0.1135,SURFACE
RRM2B,TRIAPINE,1.3051,SURFACE
RRM2B,TEZACITABINE,1.3051,SURFACE
RRM2B,CLOFARABINE,0.2748,SURFACE
RRM2B,MOTEXAFIN GADOLINIUM,1.4915,SURFACE
RHOA,QUINIDINE,0.3729,SURFACE
RHOA,PRAVASTATIN SODIUM,0.5524,SURFACE
RHOA,NS004,2.4859,SURFACE
RHOA,ROTTLERIN,1.1473,SURFACE
RHOA,CLAUSINE E,14.9154,SURFACE
RHOA,SIMVASTATIN,0.2983,SURFACE
RHOA,NS1619,1.4915,SURFACE
SLC38A2,ALANINE,10.4408,SURFACE
PTPRZ1,TETRADECANOYLPHORBOL ACETATE,0.7566,SURFACE
PTPRZ1,TRETINOIN,0.3824,SURFACE
PTPRZ1,VITAMIN D,2.6771,SURFACE
PTPRD,TRANDOLAPRIL,2.6102,SURFACE
PTPRD,TEPROTUMUMAB,2.1752,SURFACE
PTPRD,ANTIHYPERTENSIVE AGENT,1.6314,SURFACE
PTPRD,TEMSIROLIMUS,0.435,SURFACE
PTPRD,VERAPAMIL,0.29,SURFACE
PTPRD,7-BIA,3.2627,SURFACE
PTPRD,PIOGLITAZONE HYDROCHLORIDE,0.7677,SURFACE
PTPRD,CIXUTUMUMAB,3.2627,SURFACE
PTPRS,ETIDRONIC ACID,3.7288,SURFACE
SGPP1,SONEPCIZUMAB,26.1019,SURFACE
TGFBR2,IRINOTECAN HYDROCHLORIDE,0.8286,SURFACE
TGFBR2,HESPERETIN,5.8004,SURFACE
XPNPEP2,TOSEDOSTAT,2.6102,MUT
TXN,GAMBOGENIC ACID,13.0509,SURFACE
TXN,PX-12,39.1528,SURFACE
TXN,GAMBOGIC ACID,2.9002,SURFACE
TXN,BIOTINYLATED GAMBOGIC ACID,13.0509,SURFACE
UGCG,VENGLUSTAT,5.2204,SURFACE
UGCG,PRALICIGUAT,1.0441,SURFACE
UGCG,ADRIAMYCIN,0.5495,SURFACE
UGCG,ELIGLUSTAT,2.6102,SURFACE
UGCG,MIGLUSTAT,6.9605,SURFACE
UGCG,NITRIC OXIDE,0.522,SURFACE
UGCG,LUCERASTAT,5.2204,SURFACE
UGCG,ELIGLUSTAT TARTRATE,10.4408,SURFACE
UGCG,SODIUM NITROPRUSSIDE,1.0441,SURFACE
UGCG,NITROGLYCERIN,0.4016,SURFACE
TAOK1,RG-1530,0.0179,SURFACE
TAOK1,TAMATINIB,0.0208,SURFACE
TAOK1,SOTRASTAURIN,0.0276,SURFACE
TAOK1,CYC-116,0.0174,SURFACE
TAOK1,LINIFANIB,0.021,SURFACE
TAOK1,PALBOCICLIB,0.033,SURFACE
TAOK1,NVP-TAE684,0.0163,SURFACE
TAOK1,PD-0166285,0.0324,SURFACE
TAOK1,R-1487,0.1871,SURFACE
TAOK1,JNJ-7706621,0.0306,SURFACE
TAOK1,ENTRECTINIB,0.0295,SURFACE
TAOK1,LY-2090314,0.0648,SURFACE
TAOK1,ILORASERTIB,0.0145,SURFACE
TAOK1,PAZOPANIB,0.0295,SURFACE
TAOK1,DASATINIB ANHYDROUS,0.0222,SURFACE
TAOK1,SP-600125,0.0189,SURFACE
TAOK1,CEDIRANIB,0.0301,SURFACE
TAOK1,IMATINIB,0.0234,SURFACE
TAOK1,AST-487,0.0411,SURFACE
TAOK1,SORAFENIB,0.0146,SURFACE
TAOK1,TOZASERTIB,0.0231,SURFACE
TAOK1,BMS-387032,0.0991,SURFACE
TAOK1,CENISERTIB,0.0143,SURFACE
TAOK1,PF-562271,0.0156,SURFACE
TAOK1,CP-547632,0.0383,SURFACE
TAOK1,BMS-345541,0.1531,SURFACE
TAOK1,PHA-767491,0.0255,SURFACE
TAOK1,LADUVIGLUSIB,0.1123,SURFACE
TAOK1,ADAVOSERTIB,0.0601,SURFACE
TP53,VEMURAFENIB,0.0094,DRIVER
TP53,CHK1 INHIBITOR GDC-0575,0.231,DRIVER
TP53,FENTICLOR,0.0061,DRIVER
TP53,PACLITAXEL,0.0063,DRIVER
TP53,ERLOTINIB,0.0041,DRIVER
TP53,HEXACHLOROPHENE,0.0028,DRIVER
TP53,BORTEZOMIB,0.0014,DRIVER
TP53,IL-27 SUBUNIT &ALPHA;,0.231,DRIVER
TP53,PHA-680632,0.231,DRIVER
TP53,SERTRALINE HYDROCHLORIDE,0.0115,DRIVER
TP53,THIMEROSAL,0.005,DRIVER
TP53,ABIRATERONE ACETATE,0.0165,DRIVER
TP53,TRICLOCARBAN,0.0165,DRIVER
TP53,ENZALUTAMIDE,0.0144,DRIVER
TP53,ALRIZOMADLIN,0.1732,DRIVER
TP53,THIOUREIDOBUTYRONITRILE,0.3465,DRIVER
TP53,VENETOCLAX,0.021,DRIVER
TP53,PIMASERTIB,0.0289,DRIVER
TP53,EPIRUBICIN,0.0192,DRIVER
TP53,MDM2 INHIBITOR AMGMDS3,0.1155,DRIVER
TP53,SULCONAZOLE NITRATE,0.0385,DRIVER
TP53,TYRPHOSTIN A9,0.0052,DRIVER
TP53,GOSSYPOL,0.0072,DRIVER
TP53,LAPACHONE,0.0044,DRIVER
TP53,AZD6482,0.0257,DRIVER
TP53,SP600125,0.0577,DRIVER
TP53,SELICICLIB,0.0385,DRIVER
TP53,AZACITIDINE,0.0087,DRIVER
TP53,ALK INHIBITOR TAE684,0.0577,DRIVER
TP53,SN-38,0.0165,DRIVER
TP53,METHYLENE BLUE,0.0128,DRIVER
TP53,CINNARIZINE,0.021,DRIVER
TP53,"PAROXETINE HYDROCHLORIDE, HEMIHYDRATE",0.0046,DRIVER
TP53,IBRUTINIB,0.0136,DRIVER
TP53,CABOZANTINIB S-MALATE,0.0105,DRIVER
TP53,CAPIVASERTIB,0.0231,DRIVER
TP53,TAMOXIFEN,0.0036,DRIVER
TP53,PF-04217903,0.077,DRIVER
TP53,DOCETAXEL ANHYDROUS,0.0042,DRIVER
TP53,GALLIC ACID,0.0096,DRIVER
TP53,KINETIN RIBOSIDE,0.0289,DRIVER
TP53,MASOPROCOL,0.0025,DRIVER
TP53,INDOPROFEN,0.0096,DRIVER
TP53,LONTUCIREV,0.1155,DRIVER
TP53,SANGUINARIUM,0.0046,DRIVER
TP53,"7,8-DIHYDROXYFLAVONE",0.0144,DRIVER
TP53,CISPLATIN,0.0134,DRIVER
TP53,3-METHOXYCATECHOL,0.0115,DRIVER
TP53,EPRENETAPOPT,1.0395,DRIVER
TP53,NAVITOCLAX,0.0217,DRIVER
TP53,PYRITHIONE ZINC,0.0064,DRIVER
TP53,IDASANUTLIN,0.154,DRIVER
TP53,ASTEMIZOLE,0.0072,DRIVER
TP53,DOPAMINE,0.004,DRIVER
TP53,HOMIDIUM BROMIDE,0.004,DRIVER
TP53,SUNITINIB,0.0048,DRIVER
TP53,INDIRUBIN-3'-MONOXIME,0.0061,DRIVER
TP53,DECITABINE,0.0096,DRIVER
TP53,TRIFLUPROMAZINE,0.0144,DRIVER
TP53,TOPICAL CORTICOSTEROID,0.077,DRIVER
TP53,METHIMAZOLE,0.011,DRIVER
TP53,DENDRITIC CELL VACCINE,0.0577,DRIVER
TP53,TRIACETYLRESVERATROL,0.0577,DRIVER
TP53,BRIGATINIB,0.021,DRIVER
TP53,EMODIN,0.0044,DRIVER
TP53,VESNARINONE,0.0289,DRIVER
TP53,REBEMADLIN,0.462,DRIVER
TP53,NUTLIN-3,0.2887,DRIVER
TP53,DIMETHYL GAMBOGATE,0.0231,DRIVER
TP53,IOXYNIL,0.0385,DRIVER
TP53,IRINOTECAN HYDROCHLORIDE,0.0055,DRIVER
TP53,APOMORPHINE,0.0043,DRIVER
TP53,IDELALISIB,0.0257,DRIVER
TP53,TRAMETINIB DIMETHYL SULFOXIDE,0.0049,DRIVER
TP53,BENDAMUSTINE,0.077,DRIVER
TP53,CLIOQUINOL,0.0064,DRIVER
TP53,PUROMYCIN,0.0257,DRIVER
TP53,TRIFLOXYSTROBIN,0.0385,DRIVER
TP53,METHYL ROBUSTONE,0.0231,DRIVER
TP53,MPI-0479605,0.077,DRIVER
TP53,IPILIMUMAB,0.0154,DRIVER
TP53,OLAPARIB,0.0075,DRIVER
TP53,CLEMASTINE,0.0115,DRIVER
TP53,TEROXIRONE,0.0231,DRIVER
TP53,FLUPENTHIXOL,0.0077,DRIVER
TP53,SELUMETINIB,0.0105,DRIVER
TP53,OLEAMIDE,0.0577,DRIVER
TP53,P53-HDM2 INTERACTION INHIBITOR MI-773,0.2695,DRIVER
TP53,METHYLBENZETHONIUM CHLORIDE,0.0192,DRIVER
TP53,MERCURIC CHLORIDE,0.0058,DRIVER
TP53,RITUXIMAB,0.0321,DRIVER
TP53,CYTARABINE,0.0029,DRIVER
TP53,OSIMERTINIB,0.0165,DRIVER
TP53,FLAVANONE,0.0144,DRIVER
TP53,RALOXIFENE HYDROCHLORIDE,0.0023,DRIVER
TP53,PIMOZIDE,0.0034,DRIVER
TP53,AMOXAPINE,0.0077,DRIVER
TP53,ONONIN,0.0231,DRIVER
TP53,TARENFLURBIL,0.0192,DRIVER
TP53,FANCHININ,0.0289,DRIVER
TP53,MDM2 ANTAGONIST RO6839921,0.1155,DRIVER
TP53,VITAMIN K3,0.004,DRIVER
TP53,CYAZOFAMID,0.0577,DRIVER
TP53,NAVTEMADLIN,0.0962,DRIVER
TP53,[3H]GBR12935,0.0165,DRIVER
TP53,RIMCAZOLE,0.0192,DRIVER
TP53,VORINOSTAT,0.0082,DRIVER
TP53,EZABENLIMAB,0.1155,DRIVER
TP53,CLOTRIMAZOLE,0.0062,DRIVER
TP53,PERPHENAZINE,0.0044,DRIVER
TP53,FULVESTRANT,0.0092,DRIVER
TP53,PALBOCICLIB,0.0045,DRIVER
TP53,TANESPIMYCIN,0.0267,DRIVER
TP53,GENISTEIN,0.002,DRIVER
TP53,ETHOPROPAZINE HYDROCHLORIDE,0.0165,DRIVER
TP53,SULANEMADLIN,0.1155,DRIVER
TP53,HDM2 INHIBITOR MK-8242,0.1155,DRIVER
TP53,CRIZOTINIB,0.0231,DRIVER
TP53,FENOFIBRATE MICRONIZED,0.0089,DRIVER
TP53,OCHRATOXIN A,0.0128,DRIVER
TP53,IODOQUINOL,0.0128,DRIVER
TP53,NEBULARINE,0.0577,DRIVER
TP53,JQ1,0.0462,DRIVER
TP53,PEMBROLIZUMAB,0.014,DRIVER
TP53,DICHLOROPHEN,0.0064,DRIVER
TP53,LEVONORGESTREL,0.033,DRIVER
TP53,ZANUBRUTINIB,0.1155,DRIVER
TP53,IL-12,0.0257,DRIVER
TP53,SB 224289,0.0096,DRIVER
TP53,OXALIPLATIN,0.0091,DRIVER
TP53,ECONAZOLE NITRATE,0.0082,DRIVER
TP53,2-IODOACETAMIDE,0.0082,DRIVER
TP53,CAULIBUGULONE C,0.0385,DRIVER
TP53,INOSITOL,0.0154,DRIVER
TP53,ALECTINIB,0.0462,DRIVER
TP53,MAGROLIMAB,0.0577,DRIVER
TP53,PAZOPANIB,0.0081,DRIVER
TP53,MICHLER'S KETONE,0.0128,DRIVER
TP53,THIOTEPA,0.0231,DRIVER
TP53,KU-60019,0.0577,DRIVER
TP53,THIORIDAZINE,0.004,DRIVER
TP53,BENZALKONIUM CHLORIDE,0.0577,DRIVER
TP53,BAICALEIN,0.0046,DRIVER
TP53,DABRAFENIB,0.0171,DRIVER
TP53,CAULIBUGULONE D,0.0577,DRIVER
TP53,KRESOXIM-METHYL,0.0385,DRIVER
TP53,MELPHALAN,0.0058,DRIVER
TP53,(R)-INDOPROFEN,0.1155,DRIVER
TP53,PENTACHLOROPHENOL,0.0082,DRIVER
TP53,ATRACTYLENOLIDE I,0.231,DRIVER
TP53,CONTUSUGENE LADENOVEC,0.231,DRIVER
TP53,CYCLOPHOSPHAMIDE ANHYDROUS,0.0057,DRIVER
TP53,TAMOXIFEN CITRATE,0.0061,DRIVER
TP53,NORTRIPTYLINE,0.0036,DRIVER
TP53,NIGULDIPINE,0.0144,DRIVER
TP53,BENZO(K)FLUORANTHENE,0.0115,DRIVER
TP53,R547,0.033,DRIVER
TP53,BENZO[B]FLUORANTHENE,0.0165,DRIVER
TP53,LORLATINIB,0.0267,DRIVER
TP53,RUXOLITINIB,0.0144,DRIVER
TP53,STREPTONIGRIN,0.0115,DRIVER
TP53,RECOMBINANT VASCULAR ENDOTHELIAL GROWTH FACTOR,0.0247,DRIVER
TP53,RS-39604,0.0385,DRIVER
TP53,ALEMTUZUMAB,0.0385,DRIVER
TP53,SELINEXOR,0.0462,DRIVER
TP53,CADMIUM DICHLORIDE,0.0105,DRIVER
TP53,PATULIN,0.0257,DRIVER
TP53,DINOSEB,0.0289,DRIVER
TP53,AURORA KINASE INHIBITOR AMG 900,0.0577,DRIVER
TP53,MULTI-NEO-EPITOPE VACCINE OSE 2101,0.0289,DRIVER
TP53,"2,6-DIMETHOXYQUINONE",0.0165,DRIVER
TP53,SAPANISERTIB,0.0151,DRIVER
TP53,PROPYLTHIOURACIL,0.0115,DRIVER
TP53,CIS-RESVERATROL,0.0165,DRIVER
TP53,CHLORAMBUCIL,0.0115,DRIVER
TP53,RG7112,0.231,DRIVER
TP53,ADAVOSERTIB,0.0536,DRIVER
TP53,TRIFLURIDINE,0.077,DRIVER
TP53,PRODIGIOSIN,0.1155,DRIVER
TP53,MITOMYCIN,0.0096,DRIVER
TP53,CHLORFENAPYR,0.0289,DRIVER
TP53,(S)-FLUOXETINE,0.0128,DRIVER
TP53,CHIR-124,0.231,DRIVER
TP53,RECOMBINANT MONOCYTE CHEMOATTRACTANT PROTEIN-1,0.0289,DRIVER
TP53,OBINUTUZUMAB,0.077,DRIVER
TP53,LOPERAMIDE,0.0096,DRIVER
TP53,METHOTREXATE,0.0021,DRIVER
TP53,MERCAPTOPURINE,0.0026,DRIVER
TP53,POTASSIUM DICHROMATE,0.0231,DRIVER
TP53,ELLIPTECINE,0.0036,DRIVER
TP53,BUPARLISIB,0.0092,DRIVER
TP53,TRANSFERRIN RECEPTOR-TARGETED LIPOSOMAL P53 CDNA,0.1155,DRIVER
TP53,BENOMYL,0.1155,DRIVER
TP53,ZIRAM,0.0089,DRIVER
TP53,ZINC CHLORIDE,0.0462,DRIVER
TP53,AZATHIOPRINE,0.003,DRIVER
TP53,CAULIBUGULONE B,0.0385,DRIVER
TP53,TRIAMTERENE,0.0064,DRIVER
TP53,N6-BENZYLADENOSINE,0.1155,DRIVER
TP53,TEPRASIRAN,0.1155,DRIVER
TP53,NICLOSAMIDE,0.0043,DRIVER
TP53,LUXEPTINIB,0.0289,DRIVER
TP53,CLOFOCTOL,0.0192,DRIVER
TP53,FUROXAN,0.0231,DRIVER
TP53,SALMETEROL XINAFOATE,0.0165,DRIVER
TP53,"1,10-PHENANTHROLINE",0.0055,DRIVER
TP53,ENALAPRIL MALEATE,0.0122,DRIVER
TP53,SIROLIMUS,0.004,DRIVER
TP53,P53 Y220C MUTANT REACTIVATOR PC14586,0.1155,DRIVER
TP53,"(R,S)-INDATRALINE",0.0105,DRIVER
TP53,PIPERLONGUMINE,0.0128,DRIVER
TP53,ALPELISIB,0.0064,DRIVER
TP53,COTI-2,0.1155,DRIVER
TP53,IFOSFAMIDE,0.0165,DRIVER
TP53,GANETESPIB,0.0289,DRIVER
TP53,TEMOZOLOMIDE,0.0165,DRIVER
TP53,MITOXANTRONE,0.0026,DRIVER
TP53,M8891,0.0577,DRIVER
TP53,RHODOMYRTOXIN B,0.0577,DRIVER
TP53,VANOXERINE,0.0058,DRIVER
TP53,PYRACLOSTROBIN,0.0231,DRIVER
TP53,DIETHYLSTILBESTROL,0.007,DRIVER
TP53,TRANILAST,0.0105,DRIVER
TP53,OLVANIL,0.0192,DRIVER
TP53,TERPYRIDINE,0.0144,DRIVER
TP53,A77636,0.0192,DRIVER
TP53,DNA VACCINE,0.0462,DRIVER
TP53,PF-00477736,0.0577,DRIVER
TP53,SAR-405838,0.1155,DRIVER
TP53,CHLORANIL,0.0077,DRIVER
TP53,PHENYLMERCURIC ACETATE,0.0058,DRIVER
TP53,MITOXANTRONE HYDROCHLORIDE,0.0036,DRIVER
TP53,NSC-663284,0.0165,DRIVER
TP53,BOMEDEMSTAT,0.0577,DRIVER
TP53,MANGOSTIN,0.0115,DRIVER
TP53,BEVACIZUMAB,0.0087,DRIVER
TP53,PIRTOBRUTINIB,0.0577,DRIVER
TP53,NIVOLUMAB,0.0089,DRIVER
TP53,FLUPHENAZINE HYDROCHLORIDE,0.0052,DRIVER
TP53,CHLORPROMAZINE,0.0031,DRIVER
TP53,CETUXIMAB,0.0031,DRIVER
TP53,GARLIC,0.0231,DRIVER
TP53,ALPHA-NAPHTHOFLAVONE,0.0165,DRIVER
TP53,AHPN,0.0165,DRIVER
TP53,SAPONIN,0.0462,DRIVER
TP53,FAS LIGAND,0.0192,DRIVER
TP53,GEDATOLISIB,0.0128,DRIVER
TP53,AZD7648,0.0462,DRIVER
TP53,NAPABUCASIN,0.231,DRIVER
TP53,NITAZOXANIDE,0.0096,DRIVER
TP53,LY3009120,0.0231,DRIVER
TP53,INTERFERON ALFA-2B,0.0165,DRIVER
TP53,CLADRIBINE,0.0077,DRIVER
TP53,TRACAZOLATE,0.0144,DRIVER
TP53,CLOMIPRAMINE,0.003,DRIVER
TP53,ROBUSTIC ACID,0.0385,DRIVER
TP53,URSODIOL,0.0144,DRIVER
TP53,GLUTARAL,0.0577,DRIVER
TP53,CADMIUM ACETATE,0.0144,DRIVER
TP53,ROTENONE,0.0165,DRIVER
TP53,P53/HDM2 INTERACTION INHIBITOR CGM097,0.154,DRIVER
TP53,DEOXIEPINEPHRINE,0.0192,DRIVER
TP53,BROXYQUINOLINE,0.0231,DRIVER
TP53,CGP7930,0.0165,DRIVER
TP53,ABEMACICLIB,0.0061,DRIVER
TP53,ONC201,0.0577,DRIVER
TP53,AZD1390,0.0385,DRIVER
TP53,"L-733,060",0.0144,DRIVER
TP53,SANGUINARINE SULFATE,0.0089,DRIVER
TP53,DS-7423,0.0154,DRIVER
TP53,TRABECTEDIN,0.0462,DRIVER
TP53,DUVELISIB,0.0165,DRIVER
TP53,MECHLORETHAMINE HYDROCHLORIDE,0.0192,DRIVER
TP53,ZM336372,0.0165,DRIVER
TP53,FLUOROURACIL,0.008,DRIVER
TP53,IXAZOMIB,0.0055,DRIVER
TP53,CAMPTOTHECIN,0.0066,DRIVER
TP53,GDC-0425,0.1155,DRIVER
TP53,ACALABRUTINIB,0.0136,DRIVER
TP53,CHLOROXINE,0.0115,DRIVER
TP53,PROPACHLOR,0.0165,DRIVER
TP53,EMBELIN,0.0077,DRIVER
TP53,2-AMINOANTHRACENE,0.0289,DRIVER
TP53,DOXORUBICIN LIPOSOME,0.0385,DRIVER
TP53,RIBAVIRIN,0.003,DRIVER
TP53,PD166285,0.033,DRIVER
TP53,GSK2830371,0.1155,DRIVER
TP53,"DIBENZ[A,H]ANTHRACENE",0.0231,DRIVER
TP53,CHELERYTHRINE,0.0096,DRIVER
TP53,FURAZOLIDONE,0.0385,DRIVER
TP53,RS-17053,0.0128,DRIVER
TP53,CLOFIBRATE,0.0144,DRIVER
TP53,SR59230A,0.0192,DRIVER
TP53,TEBUFENPYRAD,0.0577,DRIVER
TP53,SB 206553,0.0082,DRIVER
TP53,TOPOTECAN HYDROCHLORIDE,0.0096,DRIVER
TP53,QUINALIZARIN,0.0077,DRIVER
TP53,BRIGIMADLIN,0.231,DRIVER
TP53,ENCORAFENIB,0.0128,DRIVER
TP53,HYDRALAZINE,0.0058,DRIVER
TP53,ALEXIDINE DIHYDROCHLORIDE,0.0289,DRIVER
TP53,CARBENDAZIM,0.0385,DRIVER
TP53,PLUMBAGIN,0.0089,DRIVER
TP53,THUNBERGINOL B,0.0115,DRIVER
TP53,DAIDZEIN,0.0061,DRIVER
TP53,PROPARGITE,0.0289,DRIVER
TP53,LENALIDOMIDE,0.0089,DRIVER
TP53,"L-744,832",0.1155,DRIVER
TP53,BENZETHONIUM CHLORIDE,0.0072,DRIVER
TP53,BLZ945,0.1155,DRIVER
TP53,PIRARUBICIN,0.0257,DRIVER
TP53,S(+)-APOMORPHINE,0.0144,DRIVER
TP53,U50488,0.0231,DRIVER
TP53,FENRETINIDE,0.0043,DRIVER
TP53,MPA,0.0231,DRIVER
TP53,ALVESPIMYCIN,0.077,DRIVER
TP53,PD-98059,0.0031,DRIVER
TP53,PANITUMUMAB,0.0115,DRIVER
TP53,GEMCITABINE,0.0075,DRIVER
TP53,AXITINIB,0.011,DRIVER
TP53,TIRAPAZAMINE,0.0577,DRIVER
TP53,PRAMLINTIDE,0.0165,DRIVER
TP53,TRIFLUOPERAZINE,0.0115,DRIVER
TP53,MUNDULONE,0.0289,DRIVER
TP53,ANISINDIONE,0.0192,DRIVER
TP53,CAPECITABINE,0.0068,DRIVER
TP53,N-OLEOYLDOPAMINE,0.0064,DRIVER
TP53,2-CHLOROADENOSINE,0.0105,DRIVER
TP53,RESVERATROL,0.0024,DRIVER
TP53,CEP-1347,0.0462,DRIVER
TP53,TPCK,0.0064,DRIVER
TP53,WARFARIN,0.0035,DRIVER
TP53,SORAFENIB,0.002,DRIVER
TP53,"3,4-DICHLOROBENZAMIL",0.0289,DRIVER
TP53,DOXORUBICIN HYDROCHLORIDE,0.0109,DRIVER
TP53,LB-100,0.0462,DRIVER
TP53,SIREMADLIN,0.231,DRIVER
TP53,ETOPOSIDE,0.006,DRIVER
TP53,CERALASERTIB,0.077,DRIVER
TP53,CERITINIB,0.0204,DRIVER
TP53,(Z)-PIPLARTINE,0.0577,DRIVER
TP53,GR 127935,0.004,DRIVER
TP53,ACEQUINOCYL,0.1155,DRIVER
TP53,PROCHLORPERAZINE,0.0041,DRIVER
TP53,SERDEMETAN,0.1155,DRIVER
TP53,ALT-801,0.1155,DRIVER
TP53,MAPROTILINE,0.0089,DRIVER
TP53,AUTOLOGOUS DENDRITIC CELLS TRANSDUCED WITH WILD-TYPE P53 ADENOVIRUS VACCINE,0.1155,DRIVER
TP53,CHLOROTHALONIL,0.0096,DRIVER
TP53,MIRDAMETINIB,0.0154,DRIVER
TP53,SELECTIVE ESTROGEN RECEPTOR MODULATOR,0.0257,DRIVER
TP53,QUINACRINE DIHYDROCHLORIDE,0.0096,DRIVER
TP53,AZD7762,0.0462,DRIVER
TP53,ANTIMYCIN A,0.0385,DRIVER
TP53,HALOPERIDOL DECANOATE,0.003,DRIVER
TP53,CARBOPLATIN,0.0094,DRIVER
TP53,BITHIONOL,0.0048,DRIVER
TP53,PHENETHYLISOTHIOCYANATE,0.0289,DRIVER
TP53,DAUNORUBICIN HYDROCHLORIDE,0.0035,DRIVER
TP53,GRANISETRON,0.0105,DRIVER
TP53,APG115,0.0577,DRIVER
TP53,4-METHOXYDALBERGIONE,0.0128,DRIVER
TP53,DIHYDROGAMBOGIC ACID,0.0105,DRIVER
TP53,METHYLPREDNISOLONE,0.0192,DRIVER
XPC,DOXORUBICIN HYDROCHLORIDE,0.7055,SURFACE
YBX1,ABIRATERONE ACETATE,7.4577,SURFACE
TGFB1,INTERFERON ALFA-2B,0.1264,SURFACE
TGFB1,PIOGLITAZONE HYDROCHLORIDE,0.1041,SURFACE
TGFB1,SILYMARIN,0.5899,SURFACE
TGFB1,RITUXIMAB,0.0983,SURFACE
TGFB1,VERAPAMIL,0.0197,SURFACE
TGFB1,PROTEASOME INHIBITOR,0.0885,SURFACE
TGFB1,FRESOLIMUMAB,0.8848,SURFACE
TGFB1,ATENOLOL,0.0492,SURFACE
TGFB1,BINTRAFUSP ALFA,0.3539,SURFACE
TGFB1,NISEVOKITUG,0.8848,SURFACE
TGFB1,LUSPATERCEPT,0.2212,SURFACE
TGFB1,TRETINOIN,0.0194,SURFACE
TGFB1,HYDROCORTISONE BUTYRATE,0.0421,SURFACE
TGFB1,VITAMIN E,0.1106,SURFACE
TGFB1,IRINOTECAN HYDROCHLORIDE,0.0281,SURFACE
TGFB1,INOSITOL,0.118,SURFACE
TGFB1,NICOTINE POLACRILEX,0.0385,SURFACE
TGFB1,FENRETINIDE,0.0655,SURFACE
TGFB1,MELATONIN,0.061,SURFACE
TGFB1,ISOTRETINOIN,0.1106,SURFACE
TGFB1,VACTOSERTIB,0.4424,SURFACE
TGFB1,TRIAMCINOLONE,0.0769,SURFACE
TGFB1,TAMOXIFEN,0.0272,SURFACE
TGFB1,ADRIAMYCIN,0.0931,SURFACE
TGFB1,HEPARAN SULFATE,0.1475,SURFACE
TGFB1,GOSSYPOL,0.0369,SURFACE
TGFB1,TCDD,0.0708,SURFACE
TGFB1,AMIFOSTINE ANHYDROUS,0.3539,SURFACE
TGFB1,RAMIPRIL,0.2949,SURFACE
TGFB1,ANTIOXIDANT,0.0843,SURFACE
TGFB1,SOTATERCEPT,0.2949,SURFACE
TGFB1,ASPIRIN,0.0199,SURFACE
TGFB1,GALUNISERTIB,0.1475,SURFACE
TGFB1,KEYHOLE LIMPET HEMOCYANIN,0.4424,SURFACE
TGFB1,PIRFENIDONE,0.3792,SURFACE
TGFB1,H2O2,0.0681,SURFACE
TGFB1,THERAPEUTIC ANDROGEN,0.1041,SURFACE
TGFB1,SANDOSTATIN,0.8848,SURFACE
TGFB1,BROXURIDINE,0.1475,SURFACE
TGFB1,DISITERTIDE,1.7696,SURFACE
TGFB1,ETOPOSIDE,0.0305,SURFACE
TGFB1,GALLIUM NITRATE,0.2528,SURFACE
TGFB1,TOREMIFENE,0.1361,SURFACE
TGFB1,FRESOLIMUMAB,0.2949,SURFACE
TGFB1,GENISTEIN,0.0305,SURFACE
TGFB1,TESTOSTERONE,0.0454,SURFACE
TGFB1,IDOXURIDINE,1.7696,SURFACE
TGFB1,RETINOIC ACID AGENT,0.0571,SURFACE
TGFB1,EMODIN,0.0681,SURFACE
TGFB1,DOXORUBICIN HYDROCHLORIDE,0.012,SURFACE
TGFB1,LY-2382770,0.4424,SURFACE
TGFB1,METELIMUMAB,0.4424,SURFACE
TGFB1,ALPHA-TOCOPHEROL,0.1609,SURFACE
TGFB1,GLATIRAMER,0.2528,SURFACE
TGFB1,ANTISENSE OLIGONUCLEOTIDES,0.0536,SURFACE
TGFB1,STREPTOZOCIN,0.0385,SURFACE
TGFB1,ESTRADIOL VALERATE,0.0377,SURFACE
TGFB1,BOVINE CARTILAGE,0.8848,SURFACE
TGFB1,CLADRIBINE,0.118,SURFACE
YES1,SB203580,0.0087,SURFACE
YES1,SB-633825,0.251,SURFACE
YES1,GW643971X,0.251,SURFACE
YES1,GSK-1023156A,0.251,SURFACE
YES1,GW300660X,0.251,SURFACE
YES1,GSK-1030061A,0.251,SURFACE
YES1,GW631581B,0.251,SURFACE
YES1,GW434756X,0.251,SURFACE
YES1,GW828525X,0.251,SURFACE
YES1,GW441756X,0.0039,SURFACE
YES1,GW779439X,0.251,SURFACE
YES1,GW795493X,0.251,SURFACE
YES1,GW780159X,0.251,SURFACE
YES1,GW581744X,0.251,SURFACE
YES1,SB220025,0.0081,SURFACE
YES1,SB202190,0.007,SURFACE
YES1,GW572401X,0.251,SURFACE
YES1,GW876790X,0.251,SURFACE
YES1,DASATINIB ANHYDROUS,0.0132,SURFACE
YES1,GW837331X,0.251,SURFACE
YES1,GW680191X,0.251,SURFACE
YES1,SKF-86002,0.1255,SURFACE
YES1,AZ628,0.0627,SURFACE
YES1,GW832467X,0.251,SURFACE
YES1,GW301784X,0.251,SURFACE
YES1,SORAFENIB,0.0022,SURFACE
YES1,GSK-586581A,0.251,SURFACE
YES1,GSK-466314A,0.251,SURFACE
YES1,GW621970X,0.251,SURFACE
YES1,NSC-663284,0.0359,SURFACE
YES1,GW642125X,0.251,SURFACE
YES1,GW678313X,0.251,SURFACE
YES1,QUERCETIN,0.0032,SURFACE
YES1,GW782612X,0.251,SURFACE
YES1,PICTILISIB,0.0076,SURFACE
YES1,GW300657X,0.251,SURFACE
YES1,CUDC-101,0.0179,SURFACE
YES1,5Z-7-OXOZEAENOL,0.1255,SURFACE
YES1,MP-412,0.0837,SURFACE
YES1,GW874091X,0.251,SURFACE
YES1,DORSOMORPHIN,0.251,SURFACE
YES1,JNJ-26483327,0.0558,SURFACE
YES1,GW279320X,0.251,SURFACE
YES1,GSK-711701A,0.251,SURFACE
YES1,PD-0166285,0.0048,SURFACE
YES1,GW559768X,0.0502,SURFACE
YES1,GSK-466317A,0.251,SURFACE
YES1,MOTESANIB,0.0228,SURFACE
YES1,BMS-509744,0.1255,SURFACE
YES1,GW786460X,0.251,SURFACE
YES1,TIVOZANIB,0.0279,SURFACE
YES1,LENVATINIB,0.0132,SURFACE
YES1,MITOXANTRONE,0.0057,SURFACE
YES1,GW785804X,0.251,SURFACE
YES1,VEMURAFENIB,0.0068,SURFACE
YES1,GW703087X,0.251,SURFACE
YES1,GSK-1030058A,0.251,SURFACE
YES1,GW282974X,0.0314,SURFACE
YES1,MASITINIB,0.0148,SURFACE
YES1,GW810372X,0.251,SURFACE
YES1,GW805758X,0.251,SURFACE
YES1,JNJ-7706621,0.0046,SURFACE
YES1,AXITINIB,0.012,SURFACE
YES1,GW809897X,0.251,SURFACE
YES1,PIOGLITAZONE HYDROCHLORIDE,0.0148,SURFACE
YES1,GSK-1030062A,0.251,SURFACE
YES1,PONATINIB,0.0097,SURFACE
YES1,BX-795,0.0279,SURFACE
YES1,GSK-270822A,0.251,SURFACE
YES1,CEDIRANIB,0.0045,SURFACE
YES1,AT-7519,0.012,SURFACE
YES1,BMS-777607,0.1255,SURFACE
YES1,GW589933X,0.251,SURFACE
YES1,GSK-319347A,0.251,SURFACE
YES1,DORAMAPIMOD,0.0109,SURFACE
YES1,SARACATINIB,0.0193,SURFACE
YES1,REBASTINIB,0.0502,SURFACE
YES1,GW827106X,0.251,SURFACE
YES1,VANDETANIB,0.0043,SURFACE
YES1,IMATINIB,0.0035,SURFACE
YES1,GW819077X,0.251,SURFACE
YES1,DOVITINIB,0.0025,SURFACE
YES1,NVP-TAE684,0.0024,SURFACE
YES1,GOSSYPOL,0.0052,SURFACE
YES1,GW695874X,0.251,SURFACE
YES1,GW827099X,0.251,SURFACE
YES1,GW827102X,0.251,SURFACE
YES1,SILMITASERTIB,0.0359,SURFACE
YES1,COMPOUND 27 [PMID: 24900635],0.1255,SURFACE
YES1,GW561436X,0.251,SURFACE
YES1,GW280670X,0.251,SURFACE
YES1,"(3Z)-N,N-DIMETHYL-2-OXO-3-(4,5,6,7-TETRAHYDRO-1H-INDOL-2-YLMETHYLIDENE)-2,3-DIHYDRO-1H-INDOLE-5-SULFONAMIDE",0.0105,SURFACE
YES1,PURVALANOL B,0.0627,SURFACE
YES1,IBRUTINIB,0.0074,SURFACE
YES1,MIDOSTAURIN,0.0072,SURFACE
YES1,GW827105X,0.251,SURFACE
YES1,SEMAXANIB,0.0148,SURFACE
YES1,ENMD-2076,0.0081,SURFACE
YES1,GSK-718429A,0.251,SURFACE
YES1,GW711782X,0.251,SURFACE
YES1,GW831090X,0.251,SURFACE
YES1,GSK-300014A,0.251,SURFACE
YES1,NAVITOCLAX,0.0157,SURFACE
YES1,TAMATINIB,0.0031,SURFACE
YES1,GW305074X,0.0627,SURFACE
YES1,GW861893X,0.251,SURFACE
YES1,CLADRIBINE,0.0167,SURFACE
YES1,TOFACITINIB,0.0179,SURFACE
YES1,MLKL COMPOUND 1,0.0837,SURFACE
YES1,GSK-299115A,0.251,SURFACE
YES1,ENTINOSTAT,0.012,SURFACE
YES1,PLX-4720,0.251,SURFACE
YES1,FORETINIB,0.0132,SURFACE
YES1,GW819230X,0.251,SURFACE
YES1,XL-228,0.0209,SURFACE
YES1,PAZOPANIB,0.0044,SURFACE
YES1,TG100-801,0.0157,SURFACE
YES1,GW831091X,0.251,SURFACE
YES1,GW621431X,0.251,SURFACE
YES1,GW784684X,0.251,SURFACE
YES1,GW780056X,0.251,SURFACE
YES1,TOZASERTIB,0.0034,SURFACE
YES1,GW801372X,0.251,SURFACE
YES1,GW580509X,0.251,SURFACE
YES1,PD173074,0.0314,SURFACE
YES1,GW679410X,0.251,SURFACE
YES1,PF-562271,0.0023,SURFACE
YES1,LINIFANIB,0.0031,SURFACE
YES1,GSK-312948A,0.251,SURFACE
YES1,GW775608X,0.1255,SURFACE
YES1,PHA-793887,0.012,SURFACE
YES1,CANERTINIB,0.0359,SURFACE
YES1,GW833373X,0.251,SURFACE
YES1,GW680975X,0.251,SURFACE
YES1,CYC-116,0.0026,SURFACE
YES1,LAPATINIB,0.0081,SURFACE
YES1,REGORAFENIB,0.0076,SURFACE
YES1,GSK-1000163A,0.251,SURFACE
YES1,CHIR-265,0.0502,SURFACE
YES1,GW612286X,0.251,SURFACE
YES1,CP-547632,0.0057,SURFACE
YES1,GW829115X,0.251,SURFACE
YES1,HESPERADIN,0.0063,SURFACE
YES1,CABOZANTINIB S-MALATE,0.0114,SURFACE
YES1,GSK-180736A,0.251,SURFACE
YES1,GW301888X,0.251,SURFACE
YES1,GW852849X,0.251,SURFACE
YES1,SUNITINIB,0.0052,SURFACE
YES1,ILORASERTIB,0.0022,SURFACE
YES1,GW642138X,0.251,SURFACE
YES1,FALNIDAMOL,0.0502,SURFACE
YES1,ALISERTIB,0.0052,SURFACE
YES1,GEFITINIB,0.0037,SURFACE
YES1,ADAVOSERTIB,0.009,SURFACE
YES1,SGI-1776,0.0418,SURFACE
YES1,GSK-625137A,0.251,SURFACE
YES1,GW827396X,0.251,SURFACE
YES1,GW284372X,0.251,SURFACE
YES1,GW290597X,0.251,SURFACE
YES1,ENMD-981693,0.0132,SURFACE
YES1,GW829055X,0.251,SURFACE
YES1,GW829906X,0.251,SURFACE
YES1,AG14361,0.1255,SURFACE
YES1,AZD-7762,0.1255,SURFACE
YES1,MOMELOTINIB,0.0193,SURFACE
YES1,GW682841X,0.251,SURFACE
YES1,RUCAPARIB,0.0105,SURFACE
YES1,GW856804X,0.251,SURFACE
YES1,GW627512B,0.251,SURFACE
YES1,GW795486X,0.251,SURFACE
YES1,AT9283,0.0228,SURFACE
YES1,ABT702,0.0627,SURFACE
YES1,NERATINIB,0.0167,SURFACE
YES1,ERLOTINIB,0.0045,SURFACE
YES1,GW513184X,0.251,SURFACE
XBP1,ANGUSTIBALIN,0.2373,SURFACE
XBP1,PROTOAPIGENONE,0.1864,SURFACE
XBP1,DITHIAZANINE IODIDE,0.2008,SURFACE
XBP1,VALPROIC ACID,0.0916,SURFACE
XBP1,ISOVELLERAL,0.1631,SURFACE
XBP1,GARCINONE E,0.261,SURFACE
XBP1,CALCIMYCIN,0.1374,SURFACE
XBP1,GRINIMIBINE,0.522,SURFACE
XBP1,HELENALIN,0.1631,SURFACE
XBP1,FLUSPIRILENE,0.1186,SURFACE
XBP1,PIMOZIDE,0.0768,SURFACE
TMEM167A,FLUOROURACIL,0.9001,SURFACE
UTRN,ENZYME INHIBITOR,4.3503,SURFACE
UTRN,EZUTROMID,26.1019,SURFACE
UBE2K,HISTIDINE,2.1752,SURFACE
UBE2K,DEXTROAMPHETAMINE SULFATE,0.9159,SURFACE
UBE2K,HISTAMINE,1.3386,SURFACE
TXNIP,RECOMBINANT FAS LIGAND,26.1019,SURFACE
TPP1,CERLIPONASE ALFA,156.6114,SURFACE
TEP1,HTERT VACCINE V934/V935,17.4013,MUT
TGFBR1,4-(3-PYRIDIN-2-YL-1H-PYRAZOL-4-YL)QUINOLINE,2.9831,SURFACE
TGFBR1,VACTOSERTIB,7.4577,SURFACE
TGFBR1,LY-2382770,3.7288,SURFACE
TGFBR1,METELIMUMAB,3.7288,SURFACE
TGFBR1,HESPERADIN,0.1864,SURFACE
TGFBR1,TGFBETA INHIBITOR LY3200882,7.4577,SURFACE
TGFBR1,GALUNISERTIB,2.4859,SURFACE
