gene,score,tier,modalities,mutated,tpm,surface,n_drugs,top_drugs,civic_levels,civic_therapies,cosmic_role,n_trials,driver,evidence_summary
PTEN,13,A,5,,106.6,YES,149,"BUPARLISIB, PP-242, PANITUMUMAB","B,C,D","Everolimus, Epidermal Growth Factor Receptor Tyrosine Kinase Inhibitor",TSG,1,YES,"Overexpressed (107 TPM, p97) | Surface protein (HPA) | Druggable (149 drugs) | CIViC (60 items, levels B,C,D) | COSMIC (TSG) | Known Osteosarcoma driver | 1 recruiting trial(s)"
CTNNB1,12,A,5,,1234.3,YES,62,"PP1, PF-670462, MPI-0479605","B,C,D","Anti-CTLA-4 Monoclonal Antibody, Anti-PD-L1 Monoclonal Antibody, Meloxicam","oncogene, fusion",2,,"Overexpressed (1234 TPM, p100) | Surface protein (HPA) | Druggable (62 drugs) | CIViC (15 items, levels B,C,D) | COSMIC (oncogene, fusion) | 2 recruiting trial(s)"
PDGFRA,12,A,5,,318.4,YES,60,"IMATINIB, TOVETUMAB, DASATINIB ANHYDROUS","B,C,D","Sunitinib, Crenolanib","oncogene, fusion",2,,"Overexpressed (318 TPM, p99) | Surface protein (HPA) | Druggable (60 drugs) | CIViC (30 items, levels B,C,D) | COSMIC (oncogene, fusion) | 2 recruiting trial(s)"
CALR,11,A,4,,971.9,YES,8,"TRETINOIN, PEGINTERFERON ALFA-2A, ANGIOGENESIS INHIBITOR","A,B",Peginterferon Alfa-2a,oncogene,0,,"Overexpressed (972 TPM, p100) | Surface protein (HPA) | Druggable (8 drugs) | CIViC (4 items, levels A,B) | COSMIC (oncogene)"
GNAS,11,A,4,,216.6,YES,15,"AMITRIPTYLINE HYDROCHLORIDE, FLUOROURACIL, NICLOSAMIDE","B,C","Radioactive Iodine, Cisplatin, Fluorouracil",oncogene,0,,"Overexpressed (217 TPM, p99) | Surface protein (HPA) | Druggable (15 drugs) | CIViC (11 items, levels B,C) | COSMIC (oncogene)"
IGF1R,11,A,4,,170.0,YES,48,"MECASERMIN, AEW-541, ERLOTINIB","B,D","Gefitinib, IGF1R Monoclonal Antibody",,1,,"Overexpressed (170 TPM, p98) | Surface protein (HPA) | Druggable (48 drugs) | CIViC (3 items, levels B,D) | 1 recruiting trial(s)"
SF3B1,11,A,4,,345.4,YES,3,"H3B-8800, ETOPOSIDE, OLAPARIB","A,B,D","Spliceostatin A, Olaparib, Etoposide",oncogene,0,,"Overexpressed (345 TPM, p100) | Surface protein (HPA) | Druggable (3 drugs) | CIViC (8 items, levels A,B,D) | COSMIC (oncogene)"
MDM2,10,A,5,,530.2,,25,"DIPLAMINE B, NUTLIN-3, TCDD",B,"Pemetrexed, Cisplatin",oncogene,4,YES,"Overexpressed (530 TPM, p100) | Druggable (25 drugs) | CIViC (4 items, levels B) | COSMIC (oncogene) | Known Osteosarcoma driver | 4 recruiting trial(s)"
RB1,10,A,5,,140.8,,36,"BAY 61-3606, PALBOCICLIB, TOPOTECAN HYDROCHLORIDE","B,D","Palbociclib, Chemotherapy",TSG,6,YES,"Overexpressed (141 TPM, p98) | Druggable (36 drugs) | CIViC (7 items, levels B,D) | COSMIC (TSG) | Known Osteosarcoma driver | 6 recruiting trial(s)"
HLA-DRA,10,A,3,,1534.4,YES,7,"NIVOLUMAB, CLAVULANIC ACID, FLOXACILLIN",B,"Nivolumab, Pembrolizumab, Atezolizumab",,0,,"Overexpressed (1534 TPM, p100) | Surface protein (HPA) | Druggable (7 drugs) | CIViC (1 items, levels B)"
HSPA5,10,A,3,,1663.7,YES,13,"MIANSERIN, 4-METHYLDAPHNETIN, AG 490",B,Fluorouracil,,0,,"Overexpressed (1664 TPM, p100) | Surface protein (HPA) | Druggable (13 drugs) | CIViC (1 items, levels B)"
ATRX,9,A,4,,196.3,,12,"CISPLATIN, TEMOZOLOMIDE, FLUOROURACIL","B,D","Fluorouracil, Cisplatin, Temozolomide, PCV Regimen",TSG,0,YES,"Overexpressed (196 TPM, p99) | Druggable (12 drugs) | CIViC (5 items, levels B,D) | COSMIC (TSG) | Known Osteosarcoma driver"
B2M,9,A,4,,1190.8,YES,4,"THYROGLOBULIN, AMIKACIN, ANTI-PD-L1 MONOCLONAL ANTIBODY",C,Pembrolizumab,TSG,0,,"Overexpressed (1191 TPM, p100) | Surface protein (HPA) | Druggable (4 drugs) | CIViC (1 items, levels C) | COSMIC (TSG)"
CSF1R,9,A,4,,188.0,YES,52,"CEDIRANIB, CABIRALIZUMAB, PEXIDARTINIB",,,oncogene,2,,"Overexpressed (188 TPM, p99) | Surface protein (HPA) | Druggable (52 drugs) | COSMIC (oncogene) | 2 recruiting trial(s)"
PDGFRB,9,A,4,,168.2,YES,78,"IMATINIB, REGORAFENIB, PETROSIOL A",C,Sunitinib,"oncogene, fusion",0,,"Overexpressed (168 TPM, p98) | Surface protein (HPA) | Druggable (78 drugs) | CIViC (1 items, levels C) | COSMIC (oncogene, fusion)"
PTPRD,9,A,4,,371.7,YES,8,"TRANDOLAPRIL, TEPROTUMUMAB, ANTIHYPERTENSIVE AGENT","C,D","JSI-124, Cixutumumab, Teprotumumab",TSG,0,,"Overexpressed (372 TPM, p100) | Surface protein (HPA) | Druggable (8 drugs) | CIViC (2 items, levels C,D) | COSMIC (TSG)"
RHOA,9,A,4,,183.5,YES,7,"QUINIDINE, PRAVASTATIN SODIUM, NS004",E,,"oncogene, TSG",0,,"Overexpressed (183 TPM, p99) | Surface protein (HPA) | Druggable (7 drugs) | CIViC (1 items, levels E) | COSMIC (oncogene, TSG)"
EDNRB,9,A,3,YES,73.1,YES,14,"ENDOTHELIN-1, ENRASENTAN, MACITENTAN",,,,0,,"Mutated (MODERATE) | Overexpressed (73 TPM, p96) | Surface protein (HPA) | Druggable (14 drugs)"
CDKN2A,8,A,4,,0.5,,28,"RIBOCICLIB, PACLITAXEL, ULIXERTINIB","A,B,C,D","Palbociclib, Alvocidib",TSG,4,YES,"Druggable (28 drugs) | CIViC (27 items, levels A,B,C,D) | COSMIC (TSG) | Known Osteosarcoma driver | 4 recruiting trial(s)"
TP53,8,A,4,,40.2,,364,"VEMURAFENIB, CHK1 INHIBITOR GDC-0575, FENTICLOR","B,D,E","Carboplatin, Cisplatin, Tamoxifen","oncogene, TSG, fusion",6,YES,"Expressed (40 TPM) | Druggable (364 drugs) | CIViC (52 items, levels B,D,E) | COSMIC (oncogene, TSG, fusion) | Known Osteosarcoma driver | 6 recruiting trial(s)"
ABI1,8,A,3,,219.8,YES,4,"DASATINIB ANHYDROUS, IMATINIB, NILOTINIB",,,"TSG, fusion",0,,"Overexpressed (220 TPM, p99) | Surface protein (HPA) | Druggable (4 drugs) | COSMIC (TSG, fusion)"
CD276,8,A,3,,194.8,YES,5,"ENOBLITUZUMAB, 8H9 131I, OMBURTAMAB I-131",,,,1,,"Overexpressed (195 TPM, p99) | Surface protein (HPA) | Druggable (5 drugs) | 1 recruiting trial(s)"
CD74,8,A,3,,960.6,YES,5,"DIOA, MILATUZUMAB, VU0240551",,,"oncogene, fusion",0,,"Overexpressed (961 TPM, p100) | Surface protein (HPA) | Druggable (5 drugs) | COSMIC (oncogene, fusion)"
CTNNA1,8,A,3,,166.5,YES,13,"EDAXETERKIB, RAVOXERTINIB, SCH772984",,,"TSG, fusion",0,,"Overexpressed (167 TPM, p98) | Surface protein (HPA) | Druggable (13 drugs) | COSMIC (TSG, fusion)"
DDX6,8,A,3,,225.3,YES,1,INCB3619,,,"oncogene, fusion",0,,"Overexpressed (225 TPM, p99) | Surface protein (HPA) | Druggable (1 drugs) | COSMIC (oncogene, fusion)"
EZR,8,A,3,,303.0,YES,2,"RO 31-8220, TNF-ALPHA",,,fusion,0,,"Overexpressed (303 TPM, p99) | Surface protein (HPA) | Druggable (2 drugs) | COSMIC (fusion)"
FAT1,8,A,3,,1268.5,YES,1,CAPECITABINE,,,TSG,0,,"Overexpressed (1268 TPM, p100) | Surface protein (HPA) | Druggable (1 drugs) | COSMIC (TSG)"
FLNA,8,A,3,,413.0,YES,2,"SIMUFILAM, SIMUFILAM",,,,0,,"Overexpressed (413 TPM, p100) | Surface protein (HPA) | Druggable (2 drugs) | COSMIC (nan)"
HNRNPA2B1,8,A,3,,552.8,YES,5,"LOBELINE, STM2457, STC-15",,,"oncogene, fusion",0,,"Overexpressed (553 TPM, p100) | Surface protein (HPA) | Druggable (5 drugs) | COSMIC (oncogene, fusion)"
HSP90AB1,8,A,3,,1876.1,YES,43,"SILIBININ, NOVOBIOCIN, TANESPIMYCIN",,,fusion,0,,"Overexpressed (1876 TPM, p100) | Surface protein (HPA) | Druggable (43 drugs) | COSMIC (fusion)"
IFNGR1,8,A,3,,252.2,YES,2,"INTERFERON GAMMA-1B, INDOLE-3-CARBINOL",D,Ipilimumab,,0,,"Overexpressed (252 TPM, p99) | Surface protein (HPA) | Druggable (2 drugs) | CIViC (1 items, levels D)"
IL6ST,8,A,3,,618.7,YES,3,"BAZEDOXIFENE, RALOXIFENE HYDROCHLORIDE, SATRALIZUMAB",,,oncogene,0,,"Overexpressed (619 TPM, p100) | Surface protein (HPA) | Druggable (3 drugs) | COSMIC (oncogene)"
ITGB1,8,A,3,,722.0,YES,12,"VOLOCIXIMAB, NATALIZUMAB, FIRATEGRAST",,,,0,,"Overexpressed (722 TPM, p100) | Surface protein (HPA) | Druggable (12 drugs) | COSMIC (nan)"
LIFR,8,A,3,,826.8,YES,1,EMFILERMIN,,,fusion,0,,"Overexpressed (827 TPM, p100) | Surface protein (HPA) | Druggable (1 drugs) | COSMIC (fusion)"
MERTK,8,A,3,,337.0,YES,5,"HESPERADIN, NINGETINIB, TAMNORZATINIB",D,UNC1062,,0,,"Overexpressed (337 TPM, p99) | Surface protein (HPA) | Druggable (5 drugs) | CIViC (1 items, levels D)"
NCOA1,8,A,3,,158.8,YES,3,"TAMOXIFEN, METHYLENE BLUE ANHYDROUS, ETOPOSIDE",,,fusion,0,,"Overexpressed (159 TPM, p98) | Surface protein (HPA) | Druggable (3 drugs) | COSMIC (fusion)"
NOTCH2,8,A,3,,289.1,YES,7,"TAREXTUMAB, NOTCH SIGNALING PATHWAY INHIBITOR MK0752, MK-0752",,,"oncogene, TSG",0,,"Overexpressed (289 TPM, p99) | Surface protein (HPA) | Druggable (7 drugs) | COSMIC (oncogene, TSG)"
PTPN13,8,A,3,,207.1,YES,1,ANTIESTROGEN,,,TSG,0,,"Overexpressed (207 TPM, p99) | Surface protein (HPA) | Druggable (1 drugs) | COSMIC (TSG)"
RNF213,8,A,3,YES,98.7,YES,0,,,,fusion,0,,"Mutated (MODERATE) | Overexpressed (99 TPM, p97) | Surface protein (HPA) | COSMIC (fusion)"
TGFBR1,8,A,3,,534.6,YES,7,"4-(3-PYRIDIN-2-YL-1H-PYRAZOL-4-YL)QUINOLINE, VACTOSERTIB, LY-2382770",,,,0,,"Overexpressed (535 TPM, p100) | Surface protein (HPA) | Druggable (7 drugs) | COSMIC (nan)"
TGFBR2,8,A,3,,604.8,YES,2,"IRINOTECAN HYDROCHLORIDE, HESPERETIN",,,TSG,0,,"Overexpressed (605 TPM, p100) | Surface protein (HPA) | Druggable (2 drugs) | COSMIC (TSG)"
XPC,8,A,3,,186.1,YES,1,DOXORUBICIN HYDROCHLORIDE,,,TSG,0,,"Overexpressed (186 TPM, p99) | Surface protein (HPA) | Druggable (1 drugs) | COSMIC (TSG)"
CKAP4,8,B,2,YES,304.5,YES,0,,,,,0,,"Mutated (HIGH) | Overexpressed (304 TPM, p99) | Surface protein (HPA)"
PIP5K1A,8,B,2,YES,106.4,YES,0,,,,,0,,"Mutated (HIGH) | Overexpressed (106 TPM, p97) | Surface protein (HPA)"
SUCO,8,B,2,YES,122.5,YES,0,,,,,0,,"Mutated (HIGH) | Overexpressed (122 TPM, p98) | Surface protein (HPA)"
MYC,7,A,4,,89.5,,70,"UBENIMEX, DIETHYLSTILBESTROL, METHYLPREDNISOLONE",D,"Prexasertib, Olaparib, Cisplatin, JQ-1","oncogene, fusion",0,YES,"Overexpressed (90 TPM, p97) | Druggable (70 drugs) | CIViC (2 items, levels D) | COSMIC (oncogene, fusion) | Known Osteosarcoma driver"
ABCA1,7,B,2,,355.3,YES,104,"MRS1066, PBF-509, CYCLOSPORINE",,,,0,,"Overexpressed (355 TPM, p100) | Surface protein (HPA) | Druggable (104 drugs)"
ADAM10,7,B,2,,267.1,YES,16,"GI254023X, MARIMASTAT, ILOMASTAT",,,,0,,"Overexpressed (267 TPM, p99) | Surface protein (HPA) | Druggable (16 drugs)"
ADAM17,7,B,2,,181.7,YES,5,"APRATASTAT, MARIMASTAT, INFLIXIMAB",,,,0,,"Overexpressed (182 TPM, p99) | Surface protein (HPA) | Druggable (5 drugs)"
ADD3,7,B,2,,204.6,YES,20,"3-HYDROXY CAPRIC ACID, 3-HYDROXYLAURIC ACID, DL-175",,,,0,,"Overexpressed (205 TPM, p99) | Surface protein (HPA) | Druggable (20 drugs)"
ANXA1,7,B,2,,348.8,YES,44,"METHYLPREDNISOLONE, EFWSLAAPQRF-NH2, BIBP3226",,,,0,,"Overexpressed (349 TPM, p100) | Surface protein (HPA) | Druggable (44 drugs)"
APLP2,7,B,2,,531.0,YES,20,"2-O-ETHYL-PAF C-16, SDZ 64-412, ENANTIO PAF C-16",,,,0,,"Overexpressed (531 TPM, p100) | Surface protein (HPA) | Druggable (20 drugs)"
APOD,7,B,2,,183.8,YES,8,"RWJ-56110, F16357, TFLLR-NH2",,,,0,,"Overexpressed (184 TPM, p99) | Surface protein (HPA) | Druggable (8 drugs)"
APP,7,B,2,,548.2,YES,64,"VALILTRAMIPROSATE, CLIOQUINOL, PROPOFOL",,,,0,,"Overexpressed (548 TPM, p100) | Surface protein (HPA) | Druggable (64 drugs)"
APPL1,7,B,2,,182.7,YES,23,"EUROPIUM-LABELLED INSL3, (DES 1-8) A-CHAIN INSL3 ANALOGUE, NANOLUC-INSL3",,,,0,,"Overexpressed (183 TPM, p99) | Surface protein (HPA) | Druggable (23 drugs)"
ARF1,7,B,2,,213.2,YES,3,"GEFITINIB, AFATINIB, ERLOTINIB",,,,0,,"Overexpressed (213 TPM, p99) | Surface protein (HPA) | Druggable (3 drugs)"
ARHGEF11,7,B,2,YES,76.7,YES,0,,,,,0,,"Mutated (MODERATE) | Overexpressed (77 TPM, p96) | Surface protein (HPA)"
ARID5B,7,B,2,,268.9,YES,3,"HALOPERIDOL DECANOATE, GLUCARPIDASE, IMATINIB",,,,0,,"Overexpressed (269 TPM, p99) | Surface protein (HPA) | Druggable (3 drugs)"
ASPH,7,B,2,,196.9,YES,21,"WARFARIN, LY404187, [3H]AMPA",,,,0,,"Overexpressed (197 TPM, p99) | Surface protein (HPA) | Druggable (21 drugs)"
ATP2B1,7,B,2,,601.5,YES,32,"METHYLPREDNISOLONE, CHLORPROMAZINE, DAIDZEIN",,,,0,,"Overexpressed (602 TPM, p100) | Surface protein (HPA) | Druggable (32 drugs)"
BMPR2,7,B,2,,168.2,YES,6,"L-TRP-TRP-TRP, L-PHE-PHE-PHE, EPTOTERMIN ALFA",,,,0,,"Overexpressed (168 TPM, p98) | Surface protein (HPA) | Druggable (6 drugs)"
BNIP3L,7,B,2,,1049.8,YES,3,"OFLOXACIN, PIRENZEPINE, PROCAINAMIDE",,,,0,,"Overexpressed (1050 TPM, p100) | Surface protein (HPA) | Druggable (3 drugs)"
BST2,7,B,2,,204.7,YES,19,"ZN2+, PB2+, ETHYLISOPROPYLAMILORIDE",,,,0,,"Overexpressed (205 TPM, p99) | Surface protein (HPA) | Druggable (19 drugs)"
CALU,7,B,2,,607.5,YES,1,ACENOCOUMAROL,,,,0,,"Overexpressed (608 TPM, p100) | Surface protein (HPA) | Druggable (1 drugs)"
CAMK2D,7,B,2,,385.4,YES,14,"SNS-314, GEFITINIB, ILORASERTIB",,,,0,,"Overexpressed (385 TPM, p100) | Surface protein (HPA) | Druggable (14 drugs)"
CANX,7,B,2,,585.6,YES,1,LERIDISTIM,,,,0,,"Overexpressed (586 TPM, p100) | Surface protein (HPA) | Druggable (1 drugs)"
CCT3,7,B,2,,213.4,YES,2,"BEVACIZUMAB, RANIBIZUMAB",,,,0,,"Overexpressed (213 TPM, p99) | Surface protein (HPA) | Druggable (2 drugs)"
CD109,7,B,2,YES,204.4,YES,0,,,,,0,,"Mutated (MODERATE) | Overexpressed (204 TPM, p99) | Surface protein (HPA)"
CD163,7,B,2,,1232.2,YES,2,"THERAPEUTIC GLUCOCORTICOID, FLUTICASONE",,,,0,,"Overexpressed (1232 TPM, p100) | Surface protein (HPA) | Druggable (2 drugs)"
CD47,7,B,2,,186.5,YES,9,"MAGROLIMAB, THROMBOSPONDIN 1, ANTI-CD47 MONOCLONAL ANTIBODY CC-90002",,,,0,,"Overexpressed (186 TPM, p99) | Surface protein (HPA) | Druggable (9 drugs)"
CD63,7,B,2,,1251.2,YES,2,"COMPOUND 6B [PMID: 22749870], NONSTEROIDAL ANTIINFLAMMATORY DRUG",,,,0,,"Overexpressed (1251 TPM, p100) | Surface protein (HPA) | Druggable (2 drugs)"
CD9,7,B,2,,206.3,YES,44,"DESIPRAMINE, MILNACIPRAN, PAROXETINE HYDROCHLORIDE, HEMIHYDRATE",,,,0,,"Overexpressed (206 TPM, p99) | Surface protein (HPA) | Druggable (44 drugs)"
CDC42BPA,7,B,2,,165.6,YES,11,"PF-562271, ALSTERPAULLONE, LAUROGUADINE",,,,0,,"Overexpressed (166 TPM, p98) | Surface protein (HPA) | Druggable (11 drugs)"
CERS6,7,B,2,,211.3,YES,4,"CERTOLIZUMAB PEGOL, INFLIXIMAB, ADALIMUMAB",,,,0,,"Overexpressed (211 TPM, p99) | Surface protein (HPA) | Druggable (4 drugs)"
CLK1,7,B,2,,237.2,YES,4,"HARMINE, LEUCETTAMINE B, CDC2-LIKE KINASE INHIBITOR",,,,0,,"Overexpressed (237 TPM, p99) | Surface protein (HPA) | Druggable (4 drugs)"
CMPK1,7,B,2,,358.0,YES,1,LAMIVUDINE,,,,0,,"Overexpressed (358 TPM, p100) | Surface protein (HPA) | Druggable (1 drugs)"
COL6A2,7,B,2,,184.8,YES,3,"COLLAGENASE CLOSTRIDIUM HISTOLYTICUM, OCRIPLASMIN, ESI-09",,,,0,,"Overexpressed (185 TPM, p99) | Surface protein (HPA) | Druggable (3 drugs)"
CPD,7,B,2,,170.0,YES,11,"ENDOXIFEN, ANASTROZOLE, EXEMESTANE",,,,0,,"Overexpressed (170 TPM, p98) | Surface protein (HPA) | Druggable (11 drugs)"
CSPG4,7,B,2,,181.3,YES,5,"LEUCOVORIN CALCIUM, ALTEPLASE, IRINOTECAN HYDROCHLORIDE",,,,0,,"Overexpressed (181 TPM, p99) | Surface protein (HPA) | Druggable (5 drugs)"
CTSK,7,B,2,,185.6,YES,7,"MIV-701, RELACATIB, ONO-5334",,,,0,,"Overexpressed (186 TPM, p99) | Surface protein (HPA) | Druggable (7 drugs)"
CYBB,7,B,2,,230.9,YES,5,"COMPOUND 14N [PMID: 25589934], APIGENIN, SANOFI-14H",,,,0,,"Overexpressed (231 TPM, p99) | Surface protein (HPA) | Druggable (5 drugs)"
DIAPH1,7,B,2,YES,83.4,YES,0,,,,,0,,"Mutated (MODERATE) | Overexpressed (83 TPM, p96) | Surface protein (HPA)"
DPYSL2,7,B,2,,196.3,YES,40,"LACOSAMIDE, DERAZANTINIB, COMPOUND 29 [PMID: 36356320]",,,,0,,"Overexpressed (196 TPM, p99) | Surface protein (HPA) | Druggable (40 drugs)"
DYRK2,7,B,2,,335.2,YES,2,"HARMINE, LEUCETTAMINE B",,,,0,,"Overexpressed (335 TPM, p99) | Surface protein (HPA) | Druggable (2 drugs)"
EDNRA,7,B,2,,514.2,YES,23,"NEBENTAN, ATRASENTAN, TBC-3711",,,,0,,"Overexpressed (514 TPM, p100) | Surface protein (HPA) | Druggable (23 drugs)"
EEF2,7,B,2,,3325.9,YES,18,"LMB-100, CYCLOHEXIMIDE, BI-847325",,,,0,,"Overexpressed (3326 TPM, p100) | Surface protein (HPA) | Druggable (18 drugs)"
EFR3A,7,B,2,,350.6,YES,2,"ASPIRIN, CLOPIDOGREL",,,,0,,"Overexpressed (351 TPM, p100) | Surface protein (HPA) | Druggable (2 drugs)"
EIF4B,7,B,2,,428.2,YES,2,"RGB-286638, ZOTIRACICLIB",,,,0,,"Overexpressed (428 TPM, p100) | Surface protein (HPA) | Druggable (2 drugs)"
EIF5,7,B,2,,252.0,YES,1,URMC-099,,,,0,,"Overexpressed (252 TPM, p99) | Surface protein (HPA) | Druggable (1 drugs)"
EMP1,7,B,2,,176.6,YES,5,"COMPOUND 20 [PMID: 30998356], COMPOUND 1A [PMID: 24900749], GEFITINIB",,,,0,,"Overexpressed (177 TPM, p99) | Surface protein (HPA) | Druggable (5 drugs)"
ENO1,7,B,2,,272.1,YES,3,"LORLATINIB, COMPOUND 8E [PMID: 24432909], COMPOUND 25B [PMID: 22564207]",,,,0,,"Overexpressed (272 TPM, p99) | Surface protein (HPA) | Druggable (3 drugs)"
ENPEP,7,B,2,,195.5,YES,4,"FIRIBASTAT, QGC-001, SGI-1776",,,,0,,"Overexpressed (196 TPM, p99) | Surface protein (HPA) | Druggable (4 drugs)"
EPB41L2,7,B,2,,607.3,YES,1,HSL119,,,,0,,"Overexpressed (607 TPM, p100) | Surface protein (HPA) | Druggable (1 drugs)"
EPS8,7,B,2,,171.8,YES,21,"PF-06447475, GSK2646264, URMC-099",,,,0,,"Overexpressed (172 TPM, p99) | Surface protein (HPA) | Druggable (21 drugs)"
ESYT2,7,B,2,,381.7,YES,1,METHYLPHENIDATE HYDROCHLORIDE,,,,0,,"Overexpressed (382 TPM, p100) | Surface protein (HPA) | Druggable (1 drugs)"
FBN1,7,B,2,,372.6,YES,2,"RN486, DANUSERTIB",,,,0,,"Overexpressed (373 TPM, p100) | Surface protein (HPA) | Druggable (2 drugs)"
GALNT3,7,B,2,,244.7,YES,2,"GSK-264220A, COMPOUND 12 [PMID: 31990537]",,,,0,,"Overexpressed (245 TPM, p99) | Surface protein (HPA) | Druggable (2 drugs)"
GANAB,7,B,2,,191.4,YES,1,MIGLUSTAT,,,,0,,"Overexpressed (191 TPM, p99) | Surface protein (HPA) | Druggable (1 drugs)"
GDI2,7,B,2,,564.3,YES,1,PF-9363,,,,0,,"Overexpressed (564 TPM, p100) | Surface protein (HPA) | Druggable (1 drugs)"
GJA1,7,B,2,,991.1,YES,11,"SELENIUM, CARVEDILOL, PROPYLTHIOURACIL",,,,0,,"Overexpressed (991 TPM, p100) | Surface protein (HPA) | Druggable (11 drugs)"
GLG1,7,B,2,,282.0,YES,9,"CBPD-409, TTK21, COMPOUND 50 [PMID: 24313754]",,,,0,,"Overexpressed (282 TPM, p99) | Surface protein (HPA) | Druggable (9 drugs)"
GLO1,7,B,2,,640.5,YES,6,"N-METHYLFORMAMIDE, SMD-3040, GNE-235",,,,0,,"Overexpressed (641 TPM, p100) | Surface protein (HPA) | Druggable (6 drugs)"
GPNMB,7,B,2,,707.2,YES,2,"GLEMBATUMUMAB, GLEMBATUMUMAB VEDOTIN",,,,0,,"Overexpressed (707 TPM, p100) | Surface protein (HPA) | Druggable (2 drugs)"
GPR34,7,B,2,,362.6,YES,3,"AMG28, APILIMOD, COMPOUND 17 [PMID: 36111834]",,,,0,,"Overexpressed (363 TPM, p100) | Surface protein (HPA) | Druggable (3 drugs)"
GUSB,7,B,2,,210.0,YES,2,"RITONAVIR, VESTRONIDASE ALFA",,,,0,,"Overexpressed (210 TPM, p99) | Surface protein (HPA) | Druggable (2 drugs)"
HEXB,7,B,2,,484.2,YES,9,"CORTISONE, GENTAMICIN, THYROXINE",,,,0,,"Overexpressed (484 TPM, p100) | Surface protein (HPA) | Druggable (9 drugs)"
HIPK2,7,B,2,,224.0,YES,15,"ILORASERTIB, BAY 61-3606, TAMATINIB",,,,0,,"Overexpressed (224 TPM, p99) | Surface protein (HPA) | Druggable (15 drugs)"
HLA-E,7,B,2,,348.0,YES,6,"ETANERCEPT, CEDAZURIDINE, METHOTREXATE",,,,0,,"Overexpressed (348 TPM, p100) | Surface protein (HPA) | Druggable (6 drugs)"
HSP90B1,7,B,2,,241.3,YES,1,VIAGENPUMATUCEL-L,,,,0,,"Overexpressed (241 TPM, p99) | Surface protein (HPA) | Druggable (1 drugs)"
HSPA1A,7,B,2,,3420.0,YES,4,"CD24FC, CARBAMAZEPINE, AG-858",,,,0,,"Overexpressed (3420 TPM, p100) | Surface protein (HPA) | Druggable (4 drugs)"
HTRA1,7,B,2,,515.9,YES,2,"GALEGENIMAB, HYDROGEN PEROXIDE",,,,0,,"Overexpressed (516 TPM, p100) | Surface protein (HPA) | Druggable (2 drugs)"
IGF2R,7,B,2,,182.5,YES,2,"MANNOSE 6-PHOSPHATE, ALBUTEROL SULFATE",,,,0,,"Overexpressed (182 TPM, p99) | Surface protein (HPA) | Druggable (2 drugs)"
IL1R1,7,B,2,,317.3,YES,13,"THERAPEUTIC CORTICOSTEROID, ANAKINRA, EPOETIN ALFA",,,,0,,"Overexpressed (317 TPM, p99) | Surface protein (HPA) | Druggable (13 drugs)"
INSR,7,B,2,,277.9,YES,71,"TESOFENSINE, INSULIN SUSP ISOPHANE SEMISYNTHETIC PURIFIED HUMAN, GO-6976",,,,0,,"Overexpressed (278 TPM, p99) | Surface protein (HPA) | Druggable (71 drugs)"
ITGA2,7,B,2,,277.7,YES,2,"E-7820, VATELIZUMAB",,,,0,,"Overexpressed (278 TPM, p99) | Surface protein (HPA) | Druggable (2 drugs)"
ITGB5,7,B,2,,353.3,YES,4,"CILENGITIDE, INTETUMUMAB, ABITUZUMAB",,,,0,,"Overexpressed (353 TPM, p100) | Surface protein (HPA) | Druggable (4 drugs)"
JAG1,7,B,2,,232.1,YES,3,"MARALIXIBAT, ODEVIXIBAT, HYDROCORTISONE BUTYRATE",,,,0,,"Overexpressed (232 TPM, p99) | Surface protein (HPA) | Druggable (3 drugs)"
KCNJ2,7,B,2,,185.5,YES,1,DRONEDARONE HYDROCHLORIDE,,,,0,,"Overexpressed (186 TPM, p99) | Surface protein (HPA) | Druggable (1 drugs)"
KCNK2,7,B,2,,182.5,YES,6,"SEVOFLURANE, ISOFLURANE, ENFLURANE",,,,0,,"Overexpressed (182 TPM, p99) | Surface protein (HPA) | Druggable (6 drugs)"
KLF9,7,B,2,,772.1,YES,1,HG2+,,,,0,,"Overexpressed (772 TPM, p100) | Surface protein (HPA) | Druggable (1 drugs)"
KMT2E,7,B,2,,312.3,YES,1,DULOXETINE HYDROCHLORIDE,,,,0,,"Overexpressed (312 TPM, p99) | Surface protein (HPA) | Druggable (1 drugs)"
LAMA4,7,B,2,,491.8,YES,1,OCRIPLASMIN,,,,0,,"Overexpressed (492 TPM, p100) | Surface protein (HPA) | Druggable (1 drugs)"
LAMC1,7,B,2,,390.4,YES,1,OCRIPLASMIN,,,,0,,"Overexpressed (390 TPM, p100) | Surface protein (HPA) | Druggable (1 drugs)"
LAMP1,7,B,2,,296.9,YES,1,DIMETHYL SULFOXIDE,,,,0,,"Overexpressed (297 TPM, p99) | Surface protein (HPA) | Druggable (1 drugs)"
LGALS3,7,B,2,,221.2,YES,4,"OLITIGALTIN, DAVANAT, BELAPECTIN",,,,0,,"Overexpressed (221 TPM, p99) | Surface protein (HPA) | Druggable (4 drugs)"
LIPA,7,B,2,,217.3,YES,6,"THERAPEUTIC HORMONE, SEBELIPASE ALFA, LOVASTATIN",,,,0,,"Overexpressed (217 TPM, p99) | Surface protein (HPA) | Druggable (6 drugs)"
LNPEP,7,B,2,,344.5,YES,3,"TOSEDOSTAT, COMPOUND 17 [PMID: 23916253], INHIBITOR 19 [PMID: 21476495]",,,,0,,"Overexpressed (345 TPM, p100) | Surface protein (HPA) | Druggable (3 drugs)"
LPAR1,7,B,2,,565.6,YES,4,"BMS-986202, SAR100842, BMS-986020",,,,0,,"Overexpressed (566 TPM, p100) | Surface protein (HPA) | Druggable (4 drugs)"
LRP1,7,B,2,,1276.9,YES,3,"WARFARIN, ANG1005, ANTISENSE OLIGONUCLEOTIDES",,,,0,,"Overexpressed (1277 TPM, p100) | Surface protein (HPA) | Druggable (3 drugs)"
MAOB,7,B,2,,210.8,YES,33,"SAFINAMIDE, LEVODOPA, MOCLOBEMIDE",,,,0,,"Overexpressed (211 TPM, p99) | Surface protein (HPA) | Druggable (33 drugs)"
METAP2,7,B,2,,165.3,YES,8,"TOSEDOSTAT, BELORANIB, PPI-2458",,,,0,,"Overexpressed (165 TPM, p98) | Surface protein (HPA) | Druggable (8 drugs)"
MMP14,7,B,2,,498.2,YES,7,"CTS-1027, EPIGALLOCATECHIN GALLATE, PYROGALLOL RED",,,,0,,"Overexpressed (498 TPM, p100) | Surface protein (HPA) | Druggable (7 drugs)"
MSR1,7,B,2,,166.1,YES,1,H2O2,,,,0,,"Overexpressed (166 TPM, p98) | Surface protein (HPA) | Druggable (1 drugs)"
NDUFA1,7,B,2,,866.3,YES,3,"NV-128, METFORMIN HYDROCHLORIDE, ME-344",,,,0,,"Overexpressed (866 TPM, p100) | Surface protein (HPA) | Druggable (3 drugs)"
NRP1,7,B,2,,300.6,YES,3,"PEGAPTANIB, VESENCUMAB, PALIFERMIN",,,,0,,"Overexpressed (301 TPM, p99) | Surface protein (HPA) | Druggable (3 drugs)"
P4HA1,7,B,2,,658.9,YES,3,"SAFIRONIL, PYRIDINE-2,5-DICARBOXYLIC ACID, LUFIRONIL",,,,0,,"Overexpressed (659 TPM, p100) | Surface protein (HPA) | Druggable (3 drugs)"
P4HB,7,B,2,,251.1,YES,11,"LOMITAPIDE MESYLATE, LIQUIRITIN, ASTRAGALIN",,,,0,,"Overexpressed (251 TPM, p99) | Surface protein (HPA) | Druggable (11 drugs)"
PAK1,7,B,2,,184.1,YES,10,"MLN-8054, CENISERTIB, NVP-TAE684",,,,0,,"Overexpressed (184 TPM, p99) | Surface protein (HPA) | Druggable (10 drugs)"
PANX3,7,B,2,,2089.5,YES,2,"CARBENOXOLONE, FLUFENAMIC ACID",,,,0,,"Overexpressed (2090 TPM, p100) | Surface protein (HPA) | Druggable (2 drugs)"
PAPOLA,7,B,2,,214.4,YES,1,ETOPOSIDE,,,,0,,"Overexpressed (214 TPM, p99) | Surface protein (HPA) | Druggable (1 drugs)"
PDGFC,7,B,2,,328.2,YES,1,SUNITINIB,,,,0,,"Overexpressed (328 TPM, p99) | Surface protein (HPA) | Druggable (1 drugs)"
PECAM1,7,B,2,,163.3,YES,1,RESVERATROL,,,,0,,"Overexpressed (163 TPM, p98) | Surface protein (HPA) | Druggable (1 drugs)"
PHOSPHO1,7,B,2,,250.6,YES,2,"LANSOPRAZOLE, EBSELEN",,,,0,,"Overexpressed (251 TPM, p99) | Surface protein (HPA) | Druggable (2 drugs)"
PIP4K2A,7,B,2,,166.5,YES,1,FLUPIRTINE MALEATE,,,,0,,"Overexpressed (166 TPM, p98) | Surface protein (HPA) | Druggable (1 drugs)"
PKD2,7,B,2,,225.8,YES,1,ALLOPURINOL,,,,0,,"Overexpressed (226 TPM, p99) | Surface protein (HPA) | Druggable (1 drugs)"
PPP6R3,7,B,2,YES,199.8,YES,0,,,,,0,,"Mutated (MODERATE) | Overexpressed (200 TPM, p99) | Surface protein (HPA)"
PPT1,7,B,2,,457.3,YES,2,"PLITIDEPSIN, LAMOTRIGINE",,,,0,,"Overexpressed (457 TPM, p100) | Surface protein (HPA) | Druggable (2 drugs)"
PRDX4,7,B,2,,243.7,YES,1,DOCETAXEL ANHYDROUS,,,,0,,"Overexpressed (244 TPM, p99) | Surface protein (HPA) | Druggable (1 drugs)"
PRKD3,7,B,2,,197.8,YES,39,"DOVITINIB, TIGILANOL TIGLATE, GW441756X",,,,0,,"Overexpressed (198 TPM, p99) | Surface protein (HPA) | Druggable (39 drugs)"
PRNP,7,B,2,,456.6,YES,1,BREFELDIN A,,,,0,,"Overexpressed (457 TPM, p100) | Surface protein (HPA) | Druggable (1 drugs)"
PTH1R,7,B,2,,695.5,YES,12,"9-AMINOCAMPTOTHECIN, PARATHYROID HORMONE, ABALOPARATIDE",,,,0,,"Overexpressed (696 TPM, p100) | Surface protein (HPA) | Druggable (12 drugs)"
PTPN12,7,B,2,,604.7,YES,2,"CRIZOTINIB, SUNITINIB",,,,0,,"Overexpressed (605 TPM, p100) | Surface protein (HPA) | Druggable (2 drugs)"
PTPRM,7,B,2,,158.9,YES,1,COMPOUND 8A [PMID: 23713581],,,,0,,"Overexpressed (159 TPM, p98) | Surface protein (HPA) | Druggable (1 drugs)"
PTPRS,7,B,2,,172.9,YES,1,ETIDRONIC ACID,,,,0,,"Overexpressed (173 TPM, p99) | Surface protein (HPA) | Druggable (1 drugs)"
PTPRZ1,7,B,2,,271.3,YES,3,"TETRADECANOYLPHORBOL ACETATE, TRETINOIN, VITAMIN D",,,,0,,"Overexpressed (271 TPM, p99) | Surface protein (HPA) | Druggable (3 drugs)"
RALA,7,B,2,,161.0,YES,1,VITAMIN E,,,,0,,"Overexpressed (161 TPM, p98) | Surface protein (HPA) | Druggable (1 drugs)"
RRM2B,7,B,2,,190.6,YES,10,"FLUDARABINE, GALLIUM NITRATE, HYDROXYUREA",,,,0,,"Overexpressed (191 TPM, p99) | Surface protein (HPA) | Druggable (10 drugs)"
RTN4,7,B,2,,482.9,YES,5,"ATI-355, ANTISENSE OLIGONUCLEOTIDES, ATINUMAB",,,,0,,"Overexpressed (483 TPM, p100) | Surface protein (HPA) | Druggable (5 drugs)"
S100A10,7,B,2,,1055.3,YES,2,"DEXAMETHASONE, THERAPEUTIC GONADOTROPIN",,,,0,,"Overexpressed (1055 TPM, p100) | Surface protein (HPA) | Druggable (2 drugs)"
SDC2,7,B,2,,381.3,YES,1,HEPARAN SULFATE,,,,0,,"Overexpressed (381 TPM, p100) | Surface protein (HPA) | Druggable (1 drugs)"
SERPINH1,7,B,2,,188.1,YES,6,"DL-TBOA, ANTISENSE OLIGONUCLEOTIDES, ASPARTIC ACID",,,,0,,"Overexpressed (188 TPM, p99) | Surface protein (HPA) | Druggable (6 drugs)"
SGPP1,7,B,2,,161.1,YES,1,SONEPCIZUMAB,,,,0,,"Overexpressed (161 TPM, p98) | Surface protein (HPA) | Druggable (1 drugs)"
SLC30A9,7,B,2,,202.9,YES,1,ASPIRIN,,,,0,,"Overexpressed (203 TPM, p99) | Surface protein (HPA) | Druggable (1 drugs)"
SLC38A2,7,B,2,,695.3,YES,1,ALANINE,,,,0,,"Overexpressed (695 TPM, p100) | Surface protein (HPA) | Druggable (1 drugs)"
SLC38A4,7,B,2,,252.2,YES,2,"GLYCINE, ALANINE",,,,0,,"Overexpressed (252 TPM, p99) | Surface protein (HPA) | Druggable (2 drugs)"
SLC39A6,7,B,2,,330.0,YES,1,LADIRATUZUMAB VEDOTIN,,,,0,,"Overexpressed (330 TPM, p99) | Surface protein (HPA) | Druggable (1 drugs)"
SLK,7,B,2,,300.7,YES,30,"CEDIRANIB, CYC-116, BAY 61-3606",,,,0,,"Overexpressed (301 TPM, p99) | Surface protein (HPA) | Druggable (30 drugs)"
SORT1,7,B,2,YES,124.7,YES,0,,,,,0,,"Mutated (MODERATE) | Overexpressed (125 TPM, p98) | Surface protein (HPA)"
STK17A,7,B,2,,198.0,YES,16,"AZD-1080, CYC-116, RG-1530",,,,0,,"Overexpressed (198 TPM, p99) | Surface protein (HPA) | Druggable (16 drugs)"
STOM,7,B,2,,263.9,YES,9,"SR8185, MPI-0485520, BX-795",,,,0,,"Overexpressed (264 TPM, p99) | Surface protein (HPA) | Druggable (9 drugs)"
TAOK1,7,B,2,,236.5,YES,29,"RG-1530, TAMATINIB, SOTRASTAURIN",,,,0,,"Overexpressed (236 TPM, p99) | Surface protein (HPA) | Druggable (29 drugs)"
TGFB1,7,B,2,,389.8,YES,59,"INTERFERON ALFA-2B, PIOGLITAZONE HYDROCHLORIDE, SILYMARIN",,,,0,,"Overexpressed (390 TPM, p100) | Surface protein (HPA) | Druggable (59 drugs)"
TMEM167A,7,B,2,,211.1,YES,1,FLUOROURACIL,,,,0,,"Overexpressed (211 TPM, p99) | Surface protein (HPA) | Druggable (1 drugs)"
TPP1,7,B,2,,323.1,YES,1,CERLIPONASE ALFA,,,,0,,"Overexpressed (323 TPM, p99) | Surface protein (HPA) | Druggable (1 drugs)"
TXN,7,B,2,,210.4,YES,4,"GAMBOGENIC ACID, PX-12, GAMBOGIC ACID",,,,0,,"Overexpressed (210 TPM, p99) | Surface protein (HPA) | Druggable (4 drugs)"
TXNIP,7,B,2,,2812.7,YES,1,RECOMBINANT FAS LIGAND,,,,0,,"Overexpressed (2813 TPM, p100) | Surface protein (HPA) | Druggable (1 drugs)"
UBE2K,7,B,2,,181.7,YES,3,"HISTIDINE, DEXTROAMPHETAMINE SULFATE, HISTAMINE",,,,0,,"Overexpressed (182 TPM, p99) | Surface protein (HPA) | Druggable (3 drugs)"
UGCG,7,B,2,,269.7,YES,10,"VENGLUSTAT, PRALICIGUAT, ADRIAMYCIN",,,,0,,"Overexpressed (270 TPM, p99) | Surface protein (HPA) | Druggable (10 drugs)"
UTRN,7,B,2,,391.9,YES,2,"ENZYME INHIBITOR, EZUTROMID",,,,0,,"Overexpressed (392 TPM, p100) | Surface protein (HPA) | Druggable (2 drugs)"
XBP1,7,B,2,,170.5,YES,11,"ANGUSTIBALIN, PROTOAPIGENONE, DITHIAZANINE IODIDE",,,,0,,"Overexpressed (170 TPM, p98) | Surface protein (HPA) | Druggable (11 drugs)"
YBX1,7,B,2,,293.7,YES,1,ABIRATERONE ACETATE,,,,0,,"Overexpressed (294 TPM, p99) | Surface protein (HPA) | Druggable (1 drugs)"
YES1,7,B,2,,343.7,YES,175,"SB203580, SB-633825, GW643971X",,,,0,,"Overexpressed (344 TPM, p100) | Surface protein (HPA) | Druggable (175 drugs)"
PRKCB,6,B,4,YES,3.2,,16,"RUBOXISTAURIN, CEP-2563 DIHYDROCHLORIDE, QUERCETIN",D,,,0,,"Mutated (MODERATE) | Expressed (3 TPM) | Druggable (16 drugs) | CIViC (1 items, levels D) | COSMIC (nan)"
BMP1,6,B,3,YES,85.5,,1,COMPOUND 2 [PMID: 11934595],,,,0,,"Mutated (MODERATE) | Overexpressed (86 TPM, p96) | Druggable (1 drugs)"
COL4A2,6,B,3,YES,83.0,,3,"OCRIPLASMIN, COLLAGENASE CLOSTRIDIUM HISTOLYTICUM, NAVOXIMOD",,,,0,,"Mutated (MODERATE) | Overexpressed (83 TPM, p96) | Druggable (3 drugs)"
H1-2,6,B,3,YES,880.0,,8,"DASA-58, COMPOUND 16 [PMID: 31977207], COMPOUND 1 [PMID: 31465224]",,,,0,,"Mutated (MODERATE) | Overexpressed (880 TPM, p100) | Druggable (8 drugs)"
AFDN,6,B,2,,203.8,YES,0,,,,"oncogene, fusion",0,,"Overexpressed (204 TPM, p99) | Surface protein (HPA) | COSMIC (oncogene, fusion)"
ARHGEF12,6,B,2,,188.4,YES,0,,,,"TSG, fusion",0,,"Overexpressed (188 TPM, p99) | Surface protein (HPA) | COSMIC (TSG, fusion)"
CREB3L2,6,B,2,,225.7,YES,0,,,,"oncogene, fusion",0,,"Overexpressed (226 TPM, p99) | Surface protein (HPA) | COSMIC (oncogene, fusion)"
DDX3X,6,B,2,,301.0,YES,0,,,,TSG,0,,"Overexpressed (301 TPM, p99) | Surface protein (HPA) | COSMIC (TSG)"
EIF3E,6,B,2,,165.1,YES,0,,,,"TSG, fusion",0,,"Overexpressed (165 TPM, p98) | Surface protein (HPA) | COSMIC (TSG, fusion)"
EVC,6,B,2,YES,36.8,YES,1,COMPOUND 22 [PMID: 20462760],,,,0,,Mutated (HIGH) | Expressed (37 TPM) | Surface protein (HPA) | Druggable (1 drugs)
FAT3,6,B,2,,192.1,YES,0,,,,,0,,"Overexpressed (192 TPM, p99) | Surface protein (HPA) | COSMIC (nan)"
FAT4,6,B,2,,204.5,YES,0,,,,TSG,0,,"Overexpressed (204 TPM, p99) | Surface protein (HPA) | COSMIC (TSG)"
GOLGA5,6,B,2,,208.3,YES,0,,,,fusion,0,,"Overexpressed (208 TPM, p99) | Surface protein (HPA) | COSMIC (fusion)"
HERPUD1,6,B,2,,194.5,YES,0,,,,fusion,0,,"Overexpressed (195 TPM, p99) | Surface protein (HPA) | COSMIC (fusion)"
IL1RL2,6,B,2,YES,3.2,YES,3,"IMSIDOLIMAB, SPESOLIMAB, SPESOLIMAB",,,,0,,Mutated (HIGH) | Expressed (3 TPM) | Surface protein (HPA) | Druggable (3 drugs)
KTN1,6,B,2,,206.7,YES,0,,,,fusion,0,,"Overexpressed (207 TPM, p99) | Surface protein (HPA) | COSMIC (fusion)"
LPP,6,B,2,,175.6,YES,0,,,,"oncogene, fusion",0,,"Overexpressed (176 TPM, p99) | Surface protein (HPA) | COSMIC (oncogene, fusion)"
MLLT10,6,B,2,,157.6,YES,0,,,,"oncogene, fusion",0,,"Overexpressed (158 TPM, p98) | Surface protein (HPA) | COSMIC (oncogene, fusion)"
MSN,6,B,2,,160.3,YES,0,,,,fusion,0,,"Overexpressed (160 TPM, p98) | Surface protein (HPA) | COSMIC (fusion)"
MYH9,6,B,2,,332.3,YES,0,,,,"TSG, fusion",0,,"Overexpressed (332 TPM, p99) | Surface protein (HPA) | COSMIC (TSG, fusion)"
RPN1,6,B,2,,225.9,YES,0,,,,fusion,0,,"Overexpressed (226 TPM, p99) | Surface protein (HPA) | COSMIC (fusion)"
NR2F2,5,B,3,YES,28.4,,3,"PYRIDABEN, RESACTIN A, CYCLOHEXIMIDE",,,,0,,Mutated (MODERATE) | Expressed (28 TPM) | Druggable (3 drugs) | COSMIC (nan)
ACE,5,B,2,YES,3.0,YES,59,"SALVIANOLIC ACID B, CANDOXATRIL, CILAZAPRIL",,,,0,,Mutated (MODERATE) | Expressed (3 TPM) | Surface protein (HPA) | Druggable (59 drugs)
ATP1A2,5,B,2,YES,0.3,YES,7,"OLANZAPINE, DESLANOSIDE, DIGITOXIN",,,,0,,Mutated (MODERATE) | Surface protein (HPA) | Druggable (7 drugs)
BAZ1B,5,B,2,YES,562.0,,0,,,,,0,,"Mutated (HIGH) | Overexpressed (562 TPM, p100)"
CNTRL,5,B,2,YES,20.2,YES,0,,,,fusion,0,,Mutated (HIGH) | Expressed (20 TPM) | Surface protein (HPA) | COSMIC (fusion)
DAB2IP,5,B,2,YES,68.0,,0,,,,,0,,"Mutated (HIGH) | Overexpressed (68 TPM, p95)"
DBH,5,B,2,YES,1.2,YES,15,"ETAMICASTAT, DISULFIRAM, SUMATRIPTAN",,,,0,,Mutated (MODERATE) | Expressed (1 TPM) | Surface protein (HPA) | Druggable (15 drugs)
DOT1L,5,B,2,YES,29.7,,1,CANDESARTAN CILEXETIL,,,,0,,Mutated (HIGH) | Expressed (30 TPM) | Druggable (1 drugs)
DRD1,5,B,2,YES,0.4,YES,187,"PEXIDARTINIB, PROPIOMAZINE, LINIFANIB",,,,0,,Mutated (MODERATE) | Surface protein (HPA) | Druggable (187 drugs)
KCNH4,5,B,2,YES,0.5,YES,6,"NERISPIRDINE, AMIFAMPRIDINE PHOSPHATE, AMIFAMPRIDINE",,,,0,,Mutated (MODERATE) | Surface protein (HPA) | Druggable (6 drugs)
LY75,5,B,2,YES,2.3,YES,1,RASDEGAFUSP ALFA,,,,0,,Mutated (MODERATE) | Expressed (2 TPM) | Surface protein (HPA) | Druggable (1 drugs)
NLGN1,5,B,2,YES,3.6,YES,1,FLUOROURACIL,,,,0,,Mutated (MODERATE) | Expressed (4 TPM) | Surface protein (HPA) | Druggable (1 drugs)
NTF3,5,B,2,YES,1.7,,26,"ALTEPLASE, RISPERIDONE, NALOXONE HYDROCHLORIDE",,,,0,,Mutated (HIGH) | Expressed (2 TPM) | Druggable (26 drugs)
OR10P1,5,B,2,YES,,YES,2,"METOPROLOL, ATENOLOL",,,,0,,Mutated (MODERATE) | Surface protein (HPA) | Druggable (2 drugs)
RUNX2,5,B,2,,1142.6,,1,ANTISENSE OLIGONUCLEOTIDES,,,,0,YES,"Overexpressed (1143 TPM, p100) | Druggable (1 drugs) | Known Osteosarcoma driver"
XPNPEP2,5,B,2,YES,,YES,1,TOSEDOSTAT,,,,0,,Mutated (MODERATE) | Surface protein (HPA) | Druggable (1 drugs)
ADNP,5,C,1,,299.3,YES,0,,,,,0,,"Overexpressed (299 TPM, p99) | Surface protein (HPA)"
AHNAK,5,C,1,,2747.9,YES,0,,,,,0,,"Overexpressed (2748 TPM, p100) | Surface protein (HPA)"
AKAP11,5,C,1,,188.0,YES,0,,,,,0,,"Overexpressed (188 TPM, p99) | Surface protein (HPA)"
ANO6,5,C,1,,416.4,YES,0,,,,,0,,"Overexpressed (416 TPM, p100) | Surface protein (HPA)"
ANTXR1,5,C,1,,213.6,YES,0,,,,,0,,"Overexpressed (214 TPM, p99) | Surface protein (HPA)"
ANTXR2,5,C,1,,247.1,YES,0,,,,,0,,"Overexpressed (247 TPM, p99) | Surface protein (HPA)"
APMAP,5,C,1,,218.2,YES,0,,,,,0,,"Overexpressed (218 TPM, p99) | Surface protein (HPA)"
APOL2,5,C,1,,253.4,YES,0,,,,,0,,"Overexpressed (253 TPM, p99) | Surface protein (HPA)"
APOLD1,5,C,1,,159.8,YES,0,,,,,0,,"Overexpressed (160 TPM, p98) | Surface protein (HPA)"
ARHGAP18,5,C,1,,214.9,YES,0,,,,,0,,"Overexpressed (215 TPM, p99) | Surface protein (HPA)"
ARHGAP21,5,C,1,,243.8,YES,0,,,,,0,,"Overexpressed (244 TPM, p99) | Surface protein (HPA)"
ARHGEF6,5,C,1,,274.1,YES,0,,,,,0,,"Overexpressed (274 TPM, p99) | Surface protein (HPA)"
ARL6IP5,5,C,1,,259.9,YES,0,,,,,0,,"Overexpressed (260 TPM, p99) | Surface protein (HPA)"
ASAP1,5,C,1,,406.1,YES,0,,,,,0,,"Overexpressed (406 TPM, p100) | Surface protein (HPA)"
ATG14,5,C,1,,186.3,YES,0,,,,,0,,"Overexpressed (186 TPM, p99) | Surface protein (HPA)"
ATL3,5,C,1,,252.9,YES,0,,,,,0,,"Overexpressed (253 TPM, p99) | Surface protein (HPA)"
ATP11B,5,C,1,,157.2,YES,0,,,,,0,,"Overexpressed (157 TPM, p98) | Surface protein (HPA)"
ATP6V0E1,5,C,1,,231.0,YES,0,,,,,0,,"Overexpressed (231 TPM, p99) | Surface protein (HPA)"
ATRN,5,C,1,,181.6,YES,0,,,,,0,,"Overexpressed (182 TPM, p99) | Surface protein (HPA)"
ATXN10,5,C,1,,158.7,YES,0,,,,,0,,"Overexpressed (159 TPM, p98) | Surface protein (HPA)"
BAG5,5,C,1,,255.7,YES,0,,,,,0,,"Overexpressed (256 TPM, p99) | Surface protein (HPA)"
BAMBI,5,C,1,,366.7,YES,0,,,,,0,,"Overexpressed (367 TPM, p100) | Surface protein (HPA)"
BPNT2,5,C,1,,632.4,YES,0,,,,,0,,"Overexpressed (632 TPM, p100) | Surface protein (HPA)"
C1QB,5,C,1,,189.8,YES,0,,,,,0,,"Overexpressed (190 TPM, p99) | Surface protein (HPA)"
C1orf43,5,C,1,,209.2,YES,0,,,,,0,,"Overexpressed (209 TPM, p99) | Surface protein (HPA)"
C3orf38,5,C,1,,163.3,YES,0,,,,,0,,"Overexpressed (163 TPM, p98) | Surface protein (HPA)"
C4orf3,5,C,1,,473.0,YES,0,,,,,0,,"Overexpressed (473 TPM, p100) | Surface protein (HPA)"
C5orf15,5,C,1,,266.2,YES,0,,,,,0,,"Overexpressed (266 TPM, p99) | Surface protein (HPA)"
CADM1,5,C,1,,196.9,YES,0,,,,,0,,"Overexpressed (197 TPM, p99) | Surface protein (HPA)"
CALD1,5,C,1,,393.5,YES,0,,,,,0,,"Overexpressed (393 TPM, p100) | Surface protein (HPA)"
CAVIN1,5,C,1,,225.7,YES,0,,,,,0,,"Overexpressed (226 TPM, p99) | Surface protein (HPA)"
CCDC47,5,C,1,,223.2,YES,0,,,,,0,,"Overexpressed (223 TPM, p99) | Surface protein (HPA)"
CD164,5,C,1,,185.3,YES,0,,,,,0,,"Overexpressed (185 TPM, p99) | Surface protein (HPA)"
CD93,5,C,1,,201.5,YES,0,,,,,0,,"Overexpressed (202 TPM, p99) | Surface protein (HPA)"
CDC42EP3,5,C,1,,375.5,YES,0,,,,,0,,"Overexpressed (375 TPM, p100) | Surface protein (HPA)"
CDV3,5,C,1,,411.3,YES,0,,,,,0,,"Overexpressed (411 TPM, p100) | Surface protein (HPA)"
CEMIP2,5,C,1,,540.5,YES,0,,,,,0,,"Overexpressed (540 TPM, p100) | Surface protein (HPA)"
CHML,5,C,1,,300.5,YES,0,,,,,0,,"Overexpressed (300 TPM, p99) | Surface protein (HPA)"
CKAP5,5,C,1,,252.7,YES,0,,,,,0,,"Overexpressed (253 TPM, p99) | Surface protein (HPA)"
CLDN12,5,C,1,,239.9,YES,0,,,,,0,,"Overexpressed (240 TPM, p99) | Surface protein (HPA)"
CLEC2B,5,C,1,,381.2,YES,0,,,,,0,,"Overexpressed (381 TPM, p100) | Surface protein (HPA)"
CLIC4,5,C,1,,354.9,YES,0,,,,,0,,"Overexpressed (355 TPM, p100) | Surface protein (HPA)"
CLMP,5,C,1,,209.3,YES,0,,,,,0,,"Overexpressed (209 TPM, p99) | Surface protein (HPA)"
CLSTN1,5,C,1,,195.9,YES,0,,,,,0,,"Overexpressed (196 TPM, p99) | Surface protein (HPA)"
CLTA,5,C,1,,221.4,YES,0,,,,,0,,"Overexpressed (221 TPM, p99) | Surface protein (HPA)"
CMTM6,5,C,1,,175.7,YES,0,,,,,0,,"Overexpressed (176 TPM, p99) | Surface protein (HPA)"
CNOT1,5,C,1,,160.6,YES,0,,,,,0,,"Overexpressed (161 TPM, p98) | Surface protein (HPA)"
COLEC12,5,C,1,,313.2,YES,0,,,,,0,,"Overexpressed (313 TPM, p99) | Surface protein (HPA)"
COX7C,5,C,1,,259.7,YES,0,,,,,0,,"Overexpressed (260 TPM, p99) | Surface protein (HPA)"
CRIM1,5,C,1,,241.1,YES,0,,,,,0,,"Overexpressed (241 TPM, p99) | Surface protein (HPA)"
CSDE1,5,C,1,,723.0,YES,0,,,,,0,,"Overexpressed (723 TPM, p100) | Surface protein (HPA)"
CYBRD1,5,C,1,,222.4,YES,0,,,,,0,,"Overexpressed (222 TPM, p99) | Surface protein (HPA)"
DAB2,5,C,1,,515.5,YES,0,,,,,0,,"Overexpressed (516 TPM, p100) | Surface protein (HPA)"
DAD1,5,C,1,,220.4,YES,0,,,,,0,,"Overexpressed (220 TPM, p99) | Surface protein (HPA)"
DDX17,5,C,1,,555.6,YES,0,,,,,0,,"Overexpressed (556 TPM, p100) | Surface protein (HPA)"
DDX3Y,5,C,1,,461.6,YES,0,,,,,0,,"Overexpressed (462 TPM, p100) | Surface protein (HPA)"
DEGS1,5,C,1,,183.6,YES,0,,,,,0,,"Overexpressed (184 TPM, p99) | Surface protein (HPA)"
DIO2,5,C,1,,511.7,YES,0,,,,,0,,"Overexpressed (512 TPM, p100) | Surface protein (HPA)"
DNAJB9,5,C,1,,213.8,YES,0,,,,,0,,"Overexpressed (214 TPM, p99) | Surface protein (HPA)"
DNAJC1,5,C,1,,199.7,YES,0,,,,,0,,"Overexpressed (200 TPM, p99) | Surface protein (HPA)"
DNAJC3,5,C,1,,235.0,YES,0,,,,,0,,"Overexpressed (235 TPM, p99) | Surface protein (HPA)"
DOCK1,5,C,1,,163.7,YES,0,,,,,0,,"Overexpressed (164 TPM, p98) | Surface protein (HPA)"
DSTN,5,C,1,,1702.2,YES,0,,,,,0,,"Overexpressed (1702 TPM, p100) | Surface protein (HPA)"
EDIL3,5,C,1,,1035.0,YES,0,,,,,0,,"Overexpressed (1035 TPM, p100) | Surface protein (HPA)"
EIF3L,5,C,1,,257.4,YES,0,,,,,0,,"Overexpressed (257 TPM, p99) | Surface protein (HPA)"
EIF5B,5,C,1,,195.2,YES,0,,,,,0,,"Overexpressed (195 TPM, p99) | Surface protein (HPA)"
ELOVL5,5,C,1,,412.2,YES,0,,,,,0,,"Overexpressed (412 TPM, p100) | Surface protein (HPA)"
EMC7,5,C,1,,262.6,YES,0,,,,,0,,"Overexpressed (263 TPM, p99) | Surface protein (HPA)"
ENAH,5,C,1,,374.4,YES,0,,,,,0,,"Overexpressed (374 TPM, p100) | Surface protein (HPA)"
ENTPD4,5,C,1,,158.0,YES,0,,,,,0,,"Overexpressed (158 TPM, p98) | Surface protein (HPA)"
ERBIN,5,C,1,,267.7,YES,0,,,,,0,,"Overexpressed (268 TPM, p99) | Surface protein (HPA)"
ERGIC2,5,C,1,,180.4,YES,0,,,,,0,,"Overexpressed (180 TPM, p99) | Surface protein (HPA)"
EVI2A,5,C,1,,340.1,YES,0,,,,,0,,"Overexpressed (340 TPM, p99) | Surface protein (HPA)"
EVI2B,5,C,1,,324.0,YES,0,,,,,0,,"Overexpressed (324 TPM, p99) | Surface protein (HPA)"
FAM241A,5,C,1,,166.4,YES,0,,,,,0,,"Overexpressed (166 TPM, p98) | Surface protein (HPA)"
FAM8A1,5,C,1,,170.9,YES,0,,,,,0,,"Overexpressed (171 TPM, p98) | Surface protein (HPA)"
FCHSD2,5,C,1,,200.4,YES,0,,,,,0,,"Overexpressed (200 TPM, p99) | Surface protein (HPA)"
FKBP10,5,C,1,,369.7,YES,0,,,,,0,,"Overexpressed (370 TPM, p100) | Surface protein (HPA)"
FNDC3A,5,C,1,,240.1,YES,0,,,,,0,,"Overexpressed (240 TPM, p99) | Surface protein (HPA)"
FNDC3B,5,C,1,,277.2,YES,0,,,,,0,,"Overexpressed (277 TPM, p99) | Surface protein (HPA)"
FRS2,5,C,1,,209.5,YES,0,,,,,0,,"Overexpressed (209 TPM, p99) | Surface protein (HPA)"
GABARAPL1,5,C,1,,225.1,YES,0,,,,,0,,"Overexpressed (225 TPM, p99) | Surface protein (HPA)"
GASK1B,5,C,1,,183.7,YES,0,,,,,0,,"Overexpressed (184 TPM, p99) | Surface protein (HPA)"
GINM1,5,C,1,,210.1,YES,0,,,,,0,,"Overexpressed (210 TPM, p99) | Surface protein (HPA)"
GNS,5,C,1,,456.4,YES,0,,,,,0,,"Overexpressed (456 TPM, p100) | Surface protein (HPA)"
GOLIM4,5,C,1,,584.5,YES,0,,,,,0,,"Overexpressed (584 TPM, p100) | Surface protein (HPA)"
GPBP1,5,C,1,,223.0,YES,0,,,,,0,,"Overexpressed (223 TPM, p99) | Surface protein (HPA)"
GPX4,5,C,1,,355.6,YES,0,,,,,0,,"Overexpressed (356 TPM, p100) | Surface protein (HPA)"
GTF3C1,5,C,1,,183.7,YES,0,,,,,0,,"Overexpressed (184 TPM, p99) | Surface protein (HPA)"
HEG1,5,C,1,,169.3,YES,0,,,,,0,,"Overexpressed (169 TPM, p98) | Surface protein (HPA)"
HELZ,5,C,1,,242.3,YES,0,,,,,0,,"Overexpressed (242 TPM, p99) | Surface protein (HPA)"
HILPDA,5,C,1,,282.0,YES,0,,,,,0,,"Overexpressed (282 TPM, p99) | Surface protein (HPA)"
HIPK1,5,C,1,,228.3,YES,0,,,,,0,,"Overexpressed (228 TPM, p99) | Surface protein (HPA)"
HIPK3,5,C,1,,328.3,YES,0,,,,,0,,"Overexpressed (328 TPM, p99) | Surface protein (HPA)"
HUWE1,5,C,1,,479.2,YES,0,,,,,0,,"Overexpressed (479 TPM, p100) | Surface protein (HPA)"
IFITM5,5,C,1,,235.3,YES,0,,,,,0,,"Overexpressed (235 TPM, p99) | Surface protein (HPA)"
IGHA1,5,C,1,,553.9,YES,0,,,,,0,,"Overexpressed (554 TPM, p100) | Surface protein (HPA)"
IGHG1,5,C,1,,160.5,YES,0,,,,,0,,"Overexpressed (160 TPM, p98) | Surface protein (HPA)"
INSIG2,5,C,1,,175.3,YES,0,,,,,0,,"Overexpressed (175 TPM, p99) | Surface protein (HPA)"
IQGAP1,5,C,1,,395.3,YES,0,,,,,0,,"Overexpressed (395 TPM, p100) | Surface protein (HPA)"
ITGA10,5,C,1,,616.1,YES,0,,,,,0,,"Overexpressed (616 TPM, p100) | Surface protein (HPA)"
ITGA6,5,C,1,,161.9,YES,0,,,,,0,,"Overexpressed (162 TPM, p98) | Surface protein (HPA)"
ITM2B,5,C,1,,267.3,YES,0,,,,,0,,"Overexpressed (267 TPM, p99) | Surface protein (HPA)"
ITPR2,5,C,1,,418.2,YES,0,,,,,0,,"Overexpressed (418 TPM, p100) | Surface protein (HPA)"
KDELR2,5,C,1,,301.5,YES,0,,,,,0,,"Overexpressed (301 TPM, p99) | Surface protein (HPA)"
KIDINS220,5,C,1,,289.1,YES,0,,,,,0,,"Overexpressed (289 TPM, p99) | Surface protein (HPA)"
KIRREL1,5,C,1,,216.3,YES,0,,,,,0,,"Overexpressed (216 TPM, p99) | Surface protein (HPA)"
LAPTM4A,5,C,1,,1362.9,YES,0,,,,,0,,"Overexpressed (1363 TPM, p100) | Surface protein (HPA)"
LEMD3,5,C,1,,169.9,YES,0,,,,,0,,"Overexpressed (170 TPM, p98) | Surface protein (HPA)"
LGMN,5,C,1,,196.8,YES,0,,,,,0,,"Overexpressed (197 TPM, p99) | Surface protein (HPA)"
LMAN1,5,C,1,,799.2,YES,0,,,,,0,,"Overexpressed (799 TPM, p100) | Surface protein (HPA)"
LRP4,5,C,1,,483.8,YES,0,,,,,0,,"Overexpressed (484 TPM, p100) | Surface protein (HPA)"
LYSMD3,5,C,1,,171.9,YES,0,,,,,0,,"Overexpressed (172 TPM, p99) | Surface protein (HPA)"
MAN1A2,5,C,1,,179.5,YES,0,,,,,0,,"Overexpressed (180 TPM, p99) | Surface protein (HPA)"
MAP4,5,C,1,,342.1,YES,0,,,,,0,,"Overexpressed (342 TPM, p99) | Surface protein (HPA)"
MARCHF7,5,C,1,,184.0,YES,0,,,,,0,,"Overexpressed (184 TPM, p99) | Surface protein (HPA)"
MCFD2,5,C,1,,211.6,YES,0,,,,,0,,"Overexpressed (212 TPM, p99) | Surface protein (HPA)"
MCL1,5,C,1,,746.6,YES,0,,,,,0,,"Overexpressed (747 TPM, p100) | Surface protein (HPA)"
MFSD1,5,C,1,,267.6,YES,0,,,,,0,,"Overexpressed (268 TPM, p99) | Surface protein (HPA)"
MFSD14B,5,C,1,,236.9,YES,0,,,,,0,,"Overexpressed (237 TPM, p99) | Surface protein (HPA)"
MKLN1,5,C,1,,245.2,YES,0,,,,,0,,"Overexpressed (245 TPM, p99) | Surface protein (HPA)"
MPEG1,5,C,1,,218.0,YES,0,,,,,0,,"Overexpressed (218 TPM, p99) | Surface protein (HPA)"
MRC1,5,C,1,,499.4,YES,0,,,,,0,,"Overexpressed (499 TPM, p100) | Surface protein (HPA)"
MRC2,5,C,1,,995.6,YES,0,,,,,0,,"Overexpressed (996 TPM, p100) | Surface protein (HPA)"
MS4A7,5,C,1,,189.4,YES,0,,,,,0,,"Overexpressed (189 TPM, p99) | Surface protein (HPA)"
MSRB3,5,C,1,,194.5,YES,0,,,,,0,,"Overexpressed (195 TPM, p99) | Surface protein (HPA)"
MTDH,5,C,1,,272.5,YES,0,,,,,0,,"Overexpressed (272 TPM, p99) | Surface protein (HPA)"
MTPN,5,C,1,,392.5,YES,0,,,,,0,,"Overexpressed (392 TPM, p100) | Surface protein (HPA)"
MUC15,5,C,1,,166.9,YES,0,,,,,0,,"Overexpressed (167 TPM, p98) | Surface protein (HPA)"
MXRA8,5,C,1,,181.7,YES,0,,,,,0,,"Overexpressed (182 TPM, p99) | Surface protein (HPA)"
MYO1B,5,C,1,,279.3,YES,0,,,,,0,,"Overexpressed (279 TPM, p99) | Surface protein (HPA)"
MYO1E,5,C,1,,223.2,YES,0,,,,,0,,"Overexpressed (223 TPM, p99) | Surface protein (HPA)"
NDFIP1,5,C,1,,252.8,YES,0,,,,,0,,"Overexpressed (253 TPM, p99) | Surface protein (HPA)"
NEO1,5,C,1,,310.7,YES,0,,,,,0,,"Overexpressed (311 TPM, p99) | Surface protein (HPA)"
NEXN,5,C,1,,209.6,YES,0,,,,,0,,"Overexpressed (210 TPM, p99) | Surface protein (HPA)"
NFE2L1,5,C,1,,191.1,YES,0,,,,,0,,"Overexpressed (191 TPM, p99) | Surface protein (HPA)"
NKTR,5,C,1,,240.5,YES,0,,,,,0,,"Overexpressed (240 TPM, p99) | Surface protein (HPA)"
NSUN2,5,C,1,,178.7,YES,0,,,,,0,,"Overexpressed (179 TPM, p99) | Surface protein (HPA)"
ODR4,5,C,1,,169.4,YES,0,,,,,0,,"Overexpressed (169 TPM, p98) | Surface protein (HPA)"
OGT,5,C,1,,345.9,YES,0,,,,,0,,"Overexpressed (346 TPM, p100) | Surface protein (HPA)"
OS9,5,C,1,,293.5,YES,0,,,,,0,,"Overexpressed (293 TPM, p99) | Surface protein (HPA)"
OSBPL8,5,C,1,,559.0,YES,0,,,,,0,,"Overexpressed (559 TPM, p100) | Surface protein (HPA)"
OST4,5,C,1,,308.6,YES,0,,,,,0,,"Overexpressed (309 TPM, p99) | Surface protein (HPA)"
OSTC,5,C,1,,180.6,YES,0,,,,,0,,"Overexpressed (181 TPM, p99) | Surface protein (HPA)"
PALLD,5,C,1,,408.8,YES,0,,,,,0,,"Overexpressed (409 TPM, p100) | Surface protein (HPA)"
PAM,5,C,1,,374.9,YES,0,,,,,0,,"Overexpressed (375 TPM, p100) | Surface protein (HPA)"
PCDH18,5,C,1,,410.2,YES,0,,,,,0,,"Overexpressed (410 TPM, p100) | Surface protein (HPA)"
PCDHGC3,5,C,1,,164.5,YES,0,,,,,0,,"Overexpressed (165 TPM, p98) | Surface protein (HPA)"
PDAP1,5,C,1,,259.8,YES,0,,,,,0,,"Overexpressed (260 TPM, p99) | Surface protein (HPA)"
PDCD6IP,5,C,1,,198.2,YES,0,,,,,0,,"Overexpressed (198 TPM, p99) | Surface protein (HPA)"
PDIA3,5,C,1,,386.1,YES,0,,,,,0,,"Overexpressed (386 TPM, p100) | Surface protein (HPA)"
PDIA4,5,C,1,,549.8,YES,0,,,,,0,,"Overexpressed (550 TPM, p100) | Surface protein (HPA)"
PDIA6,5,C,1,,340.4,YES,0,,,,,0,,"Overexpressed (340 TPM, p99) | Surface protein (HPA)"
PDLIM5,5,C,1,,326.6,YES,0,,,,,0,,"Overexpressed (327 TPM, p99) | Surface protein (HPA)"
PDZD8,5,C,1,,190.1,YES,0,,,,,0,,"Overexpressed (190 TPM, p99) | Surface protein (HPA)"
PLOD2,5,C,1,,286.6,YES,0,,,,,0,,"Overexpressed (287 TPM, p99) | Surface protein (HPA)"
PLP2,5,C,1,,348.1,YES,0,,,,,0,,"Overexpressed (348 TPM, p100) | Surface protein (HPA)"
PLS3,5,C,1,,434.4,YES,0,,,,,0,,"Overexpressed (434 TPM, p100) | Surface protein (HPA)"
PLVAP,5,C,1,,411.6,YES,0,,,,,0,,"Overexpressed (412 TPM, p100) | Surface protein (HPA)"
PLXNB2,5,C,1,,420.0,YES,0,,,,,0,,"Overexpressed (420 TPM, p100) | Surface protein (HPA)"
PNISR,5,C,1,,455.5,YES,0,,,,,0,,"Overexpressed (456 TPM, p100) | Surface protein (HPA)"
PPP1R12A,5,C,1,,252.0,YES,0,,,,,0,,"Overexpressed (252 TPM, p99) | Surface protein (HPA)"
PPTC7,5,C,1,,164.8,YES,0,,,,,0,,"Overexpressed (165 TPM, p98) | Surface protein (HPA)"
PRDX6,5,C,1,,483.0,YES,0,,,,,0,,"Overexpressed (483 TPM, p100) | Surface protein (HPA)"
PSAP,5,C,1,,1307.5,YES,0,,,,,0,,"Overexpressed (1307 TPM, p100) | Surface protein (HPA)"
PTAR1,5,C,1,,201.2,YES,0,,,,,0,,"Overexpressed (201 TPM, p99) | Surface protein (HPA)"
PTPRA,5,C,1,,283.2,YES,0,,,,,0,,"Overexpressed (283 TPM, p99) | Surface protein (HPA)"
PTTG1IP,5,C,1,,608.9,YES,0,,,,,0,,"Overexpressed (609 TPM, p100) | Surface protein (HPA)"
PXK,5,C,1,,158.9,YES,0,,,,,0,,"Overexpressed (159 TPM, p98) | Surface protein (HPA)"
RABGAP1,5,C,1,,213.4,YES,0,,,,,0,,"Overexpressed (213 TPM, p99) | Surface protein (HPA)"
RAPGEF2,5,C,1,,188.6,YES,0,,,,,0,,"Overexpressed (189 TPM, p99) | Surface protein (HPA)"
RASAL2,5,C,1,,184.5,YES,0,,,,,0,,"Overexpressed (184 TPM, p99) | Surface protein (HPA)"
RASSF3,5,C,1,,210.1,YES,0,,,,,0,,"Overexpressed (210 TPM, p99) | Surface protein (HPA)"
RC3H1,5,C,1,,184.7,YES,0,,,,,0,,"Overexpressed (185 TPM, p99) | Surface protein (HPA)"
RCN3,5,C,1,,313.9,YES,0,,,,,0,,"Overexpressed (314 TPM, p99) | Surface protein (HPA)"
RDX,5,C,1,,202.0,YES,0,,,,,0,,"Overexpressed (202 TPM, p99) | Surface protein (HPA)"
REEP3,5,C,1,,318.5,YES,0,,,,,0,,"Overexpressed (318 TPM, p99) | Surface protein (HPA)"
RNF139,5,C,1,,205.8,YES,0,,,,,0,,"Overexpressed (206 TPM, p99) | Surface protein (HPA)"
RNF144A,5,C,1,,350.1,YES,0,,,,,0,,"Overexpressed (350 TPM, p100) | Surface protein (HPA)"
RNF145,5,C,1,,199.3,YES,0,,,,,0,,"Overexpressed (199 TPM, p99) | Surface protein (HPA)"
RNF149,5,C,1,,188.5,YES,0,,,,,0,,"Overexpressed (188 TPM, p99) | Surface protein (HPA)"
RNF19A,5,C,1,,429.8,YES,0,,,,,0,,"Overexpressed (430 TPM, p100) | Surface protein (HPA)"
ROBO1,5,C,1,,475.7,YES,0,,,,,0,,"Overexpressed (476 TPM, p100) | Surface protein (HPA)"
RPL36AL,5,C,1,,1864.6,YES,0,,,,,0,,"Overexpressed (1865 TPM, p100) | Surface protein (HPA)"
RPN2,5,C,1,,338.9,YES,0,,,,,0,,"Overexpressed (339 TPM, p99) | Surface protein (HPA)"
RRBP1,5,C,1,,708.2,YES,0,,,,,0,,"Overexpressed (708 TPM, p100) | Surface protein (HPA)"
RYK,5,C,1,,175.6,YES,0,,,,,0,,"Overexpressed (176 TPM, p99) | Surface protein (HPA)"
S100A6,5,C,1,,158.8,YES,0,,,,,0,,"Overexpressed (159 TPM, p98) | Surface protein (HPA)"
SARAF,5,C,1,,465.8,YES,0,,,,,0,,"Overexpressed (466 TPM, p100) | Surface protein (HPA)"
SCAF11,5,C,1,,295.8,YES,0,,,,,0,,"Overexpressed (296 TPM, p99) | Surface protein (HPA)"
SCD5,5,C,1,,202.8,YES,0,,,,,0,,"Overexpressed (203 TPM, p99) | Surface protein (HPA)"
SDC3,5,C,1,,216.2,YES,0,,,,,0,,"Overexpressed (216 TPM, p99) | Surface protein (HPA)"
SDCBP,5,C,1,,167.0,YES,0,,,,,0,,"Overexpressed (167 TPM, p98) | Surface protein (HPA)"
SEC11A,5,C,1,,212.0,YES,0,,,,,0,,"Overexpressed (212 TPM, p99) | Surface protein (HPA)"
SEC62,5,C,1,,171.8,YES,0,,,,,0,,"Overexpressed (172 TPM, p99) | Surface protein (HPA)"
SEC63,5,C,1,,178.9,YES,0,,,,,0,,"Overexpressed (179 TPM, p99) | Surface protein (HPA)"
SEL1L,5,C,1,,310.9,YES,0,,,,,0,,"Overexpressed (311 TPM, p99) | Surface protein (HPA)"
SELENOF,5,C,1,,185.1,YES,0,,,,,0,,"Overexpressed (185 TPM, p99) | Surface protein (HPA)"
SEMA5A,5,C,1,,295.1,YES,0,,,,,0,,"Overexpressed (295 TPM, p99) | Surface protein (HPA)"
SEPTIN2,5,C,1,,223.7,YES,0,,,,,0,,"Overexpressed (224 TPM, p99) | Surface protein (HPA)"
SERINC1,5,C,1,,625.2,YES,0,,,,,0,,"Overexpressed (625 TPM, p100) | Surface protein (HPA)"
SERINC3,5,C,1,,478.2,YES,0,,,,,0,,"Overexpressed (478 TPM, p100) | Surface protein (HPA)"
SGCB,5,C,1,,355.9,YES,0,,,,,0,,"Overexpressed (356 TPM, p100) | Surface protein (HPA)"
SGMS2,5,C,1,,730.8,YES,0,,,,,0,,"Overexpressed (731 TPM, p100) | Surface protein (HPA)"
SH3PXD2B,5,C,1,,297.3,YES,0,,,,,0,,"Overexpressed (297 TPM, p99) | Surface protein (HPA)"
SLC17A5,5,C,1,,193.9,YES,0,,,,,0,,"Overexpressed (194 TPM, p99) | Surface protein (HPA)"
SLC20A1,5,C,1,,186.4,YES,0,,,,,0,,"Overexpressed (186 TPM, p99) | Surface protein (HPA)"
SLC25A36,5,C,1,,194.0,YES,0,,,,,0,,"Overexpressed (194 TPM, p99) | Surface protein (HPA)"
SLC35F5,5,C,1,,211.7,YES,0,,,,,0,,"Overexpressed (212 TPM, p99) | Surface protein (HPA)"
SLC39A7,5,C,1,,254.8,YES,0,,,,,0,,"Overexpressed (255 TPM, p99) | Surface protein (HPA)"
SLC39A9,5,C,1,,185.8,YES,0,,,,,0,,"Overexpressed (186 TPM, p99) | Surface protein (HPA)"
SLC44A1,5,C,1,,423.1,YES,0,,,,,0,,"Overexpressed (423 TPM, p100) | Surface protein (HPA)"
SLC44A2,5,C,1,,182.8,YES,0,,,,,0,,"Overexpressed (183 TPM, p99) | Surface protein (HPA)"
SLC4A7,5,C,1,,161.0,YES,0,,,,,0,,"Overexpressed (161 TPM, p98) | Surface protein (HPA)"
SLC5A3,5,C,1,,296.6,YES,0,,,,,0,,"Overexpressed (297 TPM, p99) | Surface protein (HPA)"
SNRK,5,C,1,,169.9,YES,0,,,,,0,,"Overexpressed (170 TPM, p98) | Surface protein (HPA)"
SNX25,5,C,1,,158.3,YES,0,,,,,0,,"Overexpressed (158 TPM, p98) | Surface protein (HPA)"
SPAG9,5,C,1,,324.1,YES,0,,,,,0,,"Overexpressed (324 TPM, p99) | Surface protein (HPA)"
SPRED1,5,C,1,,230.1,YES,0,,,,,0,,"Overexpressed (230 TPM, p99) | Surface protein (HPA)"
SSR1,5,C,1,,330.3,YES,0,,,,,0,,"Overexpressed (330 TPM, p99) | Surface protein (HPA)"
SSR3,5,C,1,,380.0,YES,0,,,,,0,,"Overexpressed (380 TPM, p100) | Surface protein (HPA)"
STAB1,5,C,1,,158.5,YES,0,,,,,0,,"Overexpressed (159 TPM, p98) | Surface protein (HPA)"
STK17B,5,C,1,,232.5,YES,0,,,,,0,,"Overexpressed (232 TPM, p99) | Surface protein (HPA)"
STRN3,5,C,1,,269.4,YES,0,,,,,0,,"Overexpressed (269 TPM, p99) | Surface protein (HPA)"
STT3A,5,C,1,,471.1,YES,0,,,,,0,,"Overexpressed (471 TPM, p100) | Surface protein (HPA)"
STT3B,5,C,1,,844.1,YES,0,,,,,0,,"Overexpressed (844 TPM, p100) | Surface protein (HPA)"
SURF4,5,C,1,,302.8,YES,0,,,,,0,,"Overexpressed (303 TPM, p99) | Surface protein (HPA)"
SUSD5,5,C,1,,1130.9,YES,0,,,,,0,,"Overexpressed (1131 TPM, p100) | Surface protein (HPA)"
SYPL1,5,C,1,,528.2,YES,0,,,,,0,,"Overexpressed (528 TPM, p100) | Surface protein (HPA)"
TENM3,5,C,1,,180.3,YES,0,,,,,0,,"Overexpressed (180 TPM, p99) | Surface protein (HPA)"
TGOLN2,5,C,1,,489.2,YES,0,,,,,0,,"Overexpressed (489 TPM, p100) | Surface protein (HPA)"
TIMM23,5,C,1,,481.6,YES,0,,,,,0,,"Overexpressed (482 TPM, p100) | Surface protein (HPA)"
TLN1,5,C,1,,511.8,YES,0,,,,,0,,"Overexpressed (512 TPM, p100) | Surface protein (HPA)"
TM9SF2,5,C,1,,239.3,YES,0,,,,,0,,"Overexpressed (239 TPM, p99) | Surface protein (HPA)"
TM9SF3,5,C,1,,471.6,YES,0,,,,,0,,"Overexpressed (472 TPM, p100) | Surface protein (HPA)"
TMBIM6,5,C,1,,400.7,YES,0,,,,,0,,"Overexpressed (401 TPM, p100) | Surface protein (HPA)"
TMCO1,5,C,1,,178.2,YES,0,,,,,0,,"Overexpressed (178 TPM, p99) | Surface protein (HPA)"
TMED10,5,C,1,,368.3,YES,0,,,,,0,,"Overexpressed (368 TPM, p100) | Surface protein (HPA)"
TMED2,5,C,1,,381.7,YES,0,,,,,0,,"Overexpressed (382 TPM, p100) | Surface protein (HPA)"
TMED7,5,C,1,,266.9,YES,0,,,,,0,,"Overexpressed (267 TPM, p99) | Surface protein (HPA)"
TMEM119,5,C,1,,581.8,YES,0,,,,,0,,"Overexpressed (582 TPM, p100) | Surface protein (HPA)"
TMEM123,5,C,1,,911.7,YES,0,,,,,0,,"Overexpressed (912 TPM, p100) | Surface protein (HPA)"
TMEM14C,5,C,1,,191.5,YES,0,,,,,0,,"Overexpressed (192 TPM, p99) | Surface protein (HPA)"
TMEM245,5,C,1,,185.2,YES,0,,,,,0,,"Overexpressed (185 TPM, p99) | Surface protein (HPA)"
TMEM248,5,C,1,,327.7,YES,0,,,,,0,,"Overexpressed (328 TPM, p99) | Surface protein (HPA)"
TMEM30A,5,C,1,,436.3,YES,0,,,,,0,,"Overexpressed (436 TPM, p100) | Surface protein (HPA)"
TMEM38B,5,C,1,,185.4,YES,0,,,,,0,,"Overexpressed (185 TPM, p99) | Surface protein (HPA)"
TMEM50A,5,C,1,,212.1,YES,0,,,,,0,,"Overexpressed (212 TPM, p99) | Surface protein (HPA)"
TMEM59,5,C,1,,181.2,YES,0,,,,,0,,"Overexpressed (181 TPM, p99) | Surface protein (HPA)"
TMTC2,5,C,1,,337.1,YES,0,,,,,0,,"Overexpressed (337 TPM, p99) | Surface protein (HPA)"
TNFRSF19,5,C,1,,290.1,YES,0,,,,,0,,"Overexpressed (290 TPM, p99) | Surface protein (HPA)"
TNFRSF21,5,C,1,,229.5,YES,0,,,,,0,,"Overexpressed (230 TPM, p99) | Surface protein (HPA)"
TOMM70,5,C,1,,170.9,YES,0,,,,,0,,"Overexpressed (171 TPM, p98) | Surface protein (HPA)"
TP53I11,5,C,1,,181.9,YES,0,,,,,0,,"Overexpressed (182 TPM, p99) | Surface protein (HPA)"
TPM1,5,C,1,,301.4,YES,0,,,,,0,,"Overexpressed (301 TPM, p99) | Surface protein (HPA)"
TPST1,5,C,1,,239.5,YES,0,,,,,0,,"Overexpressed (240 TPM, p99) | Surface protein (HPA)"
TRAM1,5,C,1,,542.3,YES,0,,,,,0,,"Overexpressed (542 TPM, p100) | Surface protein (HPA)"
TRIM4,5,C,1,,158.3,YES,0,,,,,0,,"Overexpressed (158 TPM, p98) | Surface protein (HPA)"
TRPM7,5,C,1,,259.6,YES,0,,,,,0,,"Overexpressed (260 TPM, p99) | Surface protein (HPA)"
TSPAN3,5,C,1,,184.9,YES,0,,,,,0,,"Overexpressed (185 TPM, p99) | Surface protein (HPA)"
TTC3,5,C,1,,178.1,YES,0,,,,,0,,"Overexpressed (178 TPM, p99) | Surface protein (HPA)"
TYROBP,5,C,1,,392.7,YES,0,,,,,0,,"Overexpressed (393 TPM, p100) | Surface protein (HPA)"
TYW1,5,C,1,,176.4,YES,0,,,,,0,,"Overexpressed (176 TPM, p99) | Surface protein (HPA)"
UBE2J1,5,C,1,,382.1,YES,0,,,,,0,,"Overexpressed (382 TPM, p100) | Surface protein (HPA)"
UBR2,5,C,1,,188.0,YES,0,,,,,0,,"Overexpressed (188 TPM, p99) | Surface protein (HPA)"
UBXN4,5,C,1,,223.5,YES,0,,,,,0,,"Overexpressed (223 TPM, p99) | Surface protein (HPA)"
UNC50,5,C,1,,173.8,YES,0,,,,,0,,"Overexpressed (174 TPM, p99) | Surface protein (HPA)"
UNC5B,5,C,1,,344.3,YES,0,,,,,0,,"Overexpressed (344 TPM, p100) | Surface protein (HPA)"
USP53,5,C,1,,330.5,YES,0,,,,,0,,"Overexpressed (330 TPM, p99) | Surface protein (HPA)"
VMP1,5,C,1,,246.5,YES,0,,,,,0,,"Overexpressed (246 TPM, p99) | Surface protein (HPA)"
VSIG4,5,C,1,,218.6,YES,0,,,,,0,,"Overexpressed (219 TPM, p99) | Surface protein (HPA)"
WAC,5,C,1,,223.1,YES,0,,,,,0,,"Overexpressed (223 TPM, p99) | Surface protein (HPA)"
XPR1,5,C,1,,315.5,YES,0,,,,,0,,"Overexpressed (316 TPM, p99) | Surface protein (HPA)"
XRN1,5,C,1,,157.2,YES,0,,,,,0,,"Overexpressed (157 TPM, p98) | Surface protein (HPA)"
YME1L1,5,C,1,,183.1,YES,0,,,,,0,,"Overexpressed (183 TPM, p99) | Surface protein (HPA)"
YTHDC1,5,C,1,,333.7,YES,0,,,,,0,,"Overexpressed (334 TPM, p99) | Surface protein (HPA)"
ZBED3,5,C,1,,230.9,YES,0,,,,,0,,"Overexpressed (231 TPM, p99) | Surface protein (HPA)"
ZDHHC17,5,C,1,,239.9,YES,0,,,,,0,,"Overexpressed (240 TPM, p99) | Surface protein (HPA)"
ZNF330,5,C,1,,205.3,YES,0,,,,,0,,"Overexpressed (205 TPM, p99) | Surface protein (HPA)"
ZNF655,5,C,1,,158.7,YES,0,,,,,0,,"Overexpressed (159 TPM, p98) | Surface protein (HPA)"
BTD,4,C,2,YES,4.3,,17,"AGMATINE, ASPIRIN, ARCAINE",,,,0,,Mutated (MODERATE) | Expressed (4 TPM) | Druggable (17 drugs)
C3,4,C,2,YES,19.7,,9,"CA2+, OCTANOL, AL-78898A",,,,0,,Mutated (MODERATE) | Expressed (20 TPM) | Druggable (9 drugs)
CDC40,4,C,2,YES,80.8,,0,,,,,0,,"Mutated (MODERATE) | Overexpressed (81 TPM, p96)"
DYNC1H1,4,C,2,YES,134.1,,0,,,,,0,,"Mutated (MODERATE) | Overexpressed (134 TPM, p98)"
EP400,4,C,2,YES,81.7,,0,,,,,0,,"Mutated (MODERATE) | Overexpressed (82 TPM, p96)"
EXOC4,4,C,2,YES,120.4,,0,,,,,0,,"Mutated (MODERATE) | Overexpressed (120 TPM, p98)"
GDF2,4,C,2,YES,0.1,,36,"CITARINOSTAT, VALPROIC ACID, PANOBINOSTAT",,,,0,,Mutated (MODERATE) | Druggable (36 drugs)
IVL,4,C,2,YES,2.4,,6,"RETINOIC ACID AGENT, PERILLYL ALCOHOL, INFLIXIMAB",,,,0,,Mutated (MODERATE) | Expressed (2 TPM) | Druggable (6 drugs)
MYH7B,4,C,2,YES,2.2,,3,"OMECAMTIV MECARBIL, MAVACAMTEN, DANICAMTIV",,,,0,,Mutated (MODERATE) | Expressed (2 TPM) | Druggable (3 drugs)
NME1,4,C,2,YES,27.9,,5,"LAMIVUDINE, LYCOPENE, TENOFOVIR",,,,0,,Mutated (MODERATE) | Expressed (28 TPM) | Druggable (5 drugs)
PUM1,4,C,2,YES,150.8,,0,,,,,0,,"Mutated (MODERATE) | Overexpressed (151 TPM, p98)"
ROBO2,4,C,2,YES,51.7,YES,0,,,,TSG,0,,Mutated (MODERATE) | Expressed (52 TPM) | Surface protein (HPA) | COSMIC (TSG)
SMC5,4,C,2,YES,319.7,,0,,,,,0,,"Mutated (MODERATE) | Overexpressed (320 TPM, p99)"
SRGAP3,4,C,2,YES,9.5,,0,,,,fusion,0,,Mutated (HIGH) | Expressed (10 TPM) | COSMIC (fusion)
TEP1,4,C,2,YES,42.8,,1,HTERT VACCINE V934/V935,,,,0,,Mutated (MODERATE) | Expressed (43 TPM) | Druggable (1 drugs)
VPS13B,4,C,2,YES,116.3,,0,,,,,0,,"Mutated (MODERATE) | Overexpressed (116 TPM, p97)"
CCDC15,4,C,1,YES,51.3,YES,0,,,,,0,,Mutated (HIGH) | Expressed (51 TPM) | Surface protein (HPA)
DLG2,4,C,1,,6.2,YES,1,ANASTROZOLE,,,,0,YES,Expressed (6 TPM) | Surface protein (HPA) | Druggable (1 drugs) | Known Osteosarcoma driver
JPH4,4,C,1,YES,0.5,YES,0,,,,,0,,Mutated (HIGH) | Surface protein (HPA)
OR10G8,4,C,1,YES,0.1,YES,0,,,,,0,,Mutated (HIGH) | Surface protein (HPA)
ABCA7,3,D,1,YES,6.8,YES,0,,,,,0,,Mutated (MODERATE) | Expressed (7 TPM) | Surface protein (HPA)
ABTB3,3,D,1,YES,2.5,,0,,,,,0,,Mutated (HIGH) | Expressed (2 TPM)
CAST,3,D,1,,0.0,YES,7,"DOXORUBICIN HYDROCHLORIDE, STAUROSPORINE, THERAPEUTIC ANDROSTANOLONE",,,,0,,Surface protein (HPA) | Druggable (7 drugs)
CASTOR1,3,D,1,YES,1.1,,0,,,,,0,,Mutated (HIGH) | Expressed (1 TPM)
CDHR18P,3,D,1,YES,,,0,,,,,0,,Mutated (HIGH)
CDHR2,3,D,1,YES,0.1,YES,0,,,,,0,,Mutated (MODERATE) | Surface protein (HPA)
CFAP221,3,D,1,YES,2.0,,0,,,,,0,,"Mutated (HIGH, MODERATE) | Expressed (2 TPM)"
CGNL1,3,D,1,YES,15.1,,0,,,,,0,,Mutated (HIGH) | Expressed (15 TPM)
CTSE,3,D,1,YES,,YES,0,,,,,0,,Mutated (MODERATE) | Surface protein (HPA)
DNAH8,3,D,1,YES,1.0,,0,,,,,0,,Mutated (HIGH)
EYS,3,D,1,YES,9.5,YES,0,,,,,0,,Mutated (MODERATE) | Expressed (10 TPM) | Surface protein (HPA)
FAM83H,3,D,1,YES,0.5,,0,,,,,0,,Mutated (HIGH)
FJX1,3,D,1,YES,2.2,YES,0,,,,,0,,Mutated (MODERATE) | Expressed (2 TPM) | Surface protein (HPA)
FZD9,3,D,1,YES,0.9,YES,0,,,,,0,,Mutated (MODERATE) | Surface protein (HPA)
GLIS3,3,D,1,YES,18.3,,0,,,,,0,,Mutated (HIGH) | Expressed (18 TPM)
ITPR3,3,D,1,YES,4.2,YES,0,,,,,0,,Mutated (MODERATE) | Expressed (4 TPM) | Surface protein (HPA)
OBSCN,3,D,1,YES,2.8,YES,0,,,,,0,,Mutated (MODERATE) | Expressed (3 TPM) | Surface protein (HPA)
OR10H1,3,D,1,YES,0.1,YES,0,,,,,0,,Mutated (MODERATE) | Surface protein (HPA)
OR2T12,3,D,1,YES,,YES,0,,,,,0,,Mutated (MODERATE) | Surface protein (HPA)
PCDH15,3,D,1,YES,3.4,YES,0,,,,,0,,Mutated (MODERATE) | Expressed (3 TPM) | Surface protein (HPA)
PCLO,3,D,1,YES,1.5,YES,0,,,,,0,,Mutated (MODERATE) | Expressed (2 TPM) | Surface protein (HPA)
RECK,3,D,1,YES,43.9,YES,0,,,,,0,,Mutated (MODERATE) | Expressed (44 TPM) | Surface protein (HPA)
SLC17A4,3,D,1,YES,0.3,YES,0,,,,,0,,Mutated (MODERATE) | Surface protein (HPA)
SLC25A6,3,D,1,,,YES,49,"[3H]M-MPEP, CPPHA, COMPOUND 8 [PMID: 15482908]",,,,0,,Surface protein (HPA) | Druggable (49 drugs)
SLC35G2,3,D,1,YES,9.9,YES,0,,,,,0,,Mutated (MODERATE) | Expressed (10 TPM) | Surface protein (HPA)
SLC7A1,3,D,1,YES,40.0,YES,0,,,,,0,,Mutated (MODERATE) | Expressed (40 TPM) | Surface protein (HPA)
SPAG1,3,D,1,YES,29.1,,0,,,,,0,,Mutated (HIGH) | Expressed (29 TPM)
TAF7L,3,D,1,YES,0.9,,0,,,,,0,,Mutated (HIGH)
TRABD2A,3,D,1,YES,0.5,YES,0,,,,,0,,Mutated (MODERATE) | Surface protein (HPA)
TVP23B,3,D,1,YES,9.8,YES,0,,,,,0,,Mutated (MODERATE) | Expressed (10 TPM) | Surface protein (HPA)
A2M,2,D,1,,3171.3,,0,,,,,0,,"Overexpressed (3171 TPM, p100)"
AAGAB,2,D,1,,185.0,,0,,,,,0,,"Overexpressed (185 TPM, p99)"
ABI3BP,2,D,1,YES,10.5,,0,,,,,0,,Mutated (MODERATE) | Expressed (10 TPM)
ACBD3,2,D,1,,277.7,,0,,,,,0,,"Overexpressed (278 TPM, p99)"
ACIN1,2,D,1,,189.7,,0,,,,,0,,"Overexpressed (190 TPM, p99)"
ACTB,2,D,1,,1287.4,,0,,,,,0,,"Overexpressed (1287 TPM, p100)"
ACTG1,2,D,1,,656.8,,0,,,,,0,,"Overexpressed (657 TPM, p100)"
ACTN4,2,D,1,,159.5,,0,,,,,0,,"Overexpressed (160 TPM, p98)"
ACTR2,2,D,1,,603.6,,0,,,,,0,,"Overexpressed (604 TPM, p100)"
ACTR3,2,D,1,,487.1,,0,,,,,0,,"Overexpressed (487 TPM, p100)"
ADAMTS9,2,D,1,,389.1,,0,,,,,0,,"Overexpressed (389 TPM, p100)"
ADAR,2,D,1,,234.6,,0,,,,,0,,"Overexpressed (235 TPM, p99)"
AFF1,2,D,1,,213.1,,0,,,,,0,,"Overexpressed (213 TPM, p99)"
AFF4,2,D,1,,400.1,,0,,,,,0,,"Overexpressed (400 TPM, p100)"
AGAP2,2,D,1,YES,2.8,,0,,,,,0,,Mutated (MODERATE) | Expressed (3 TPM)
AHCYL1,2,D,1,,248.8,,0,,,,,0,,"Overexpressed (249 TPM, p99)"
AHCYL2,2,D,1,,258.3,,0,,,,,0,,"Overexpressed (258 TPM, p99)"
AHSA1,2,D,1,,182.2,,0,,,,,0,,"Overexpressed (182 TPM, p99)"
ANGPT1,2,D,1,,415.6,,0,,,,,0,,"Overexpressed (416 TPM, p100)"
ANGPT2,2,D,1,,248.1,,0,,,,,0,,"Overexpressed (248 TPM, p99)"
ANKDD1A,2,D,1,YES,30.7,,0,,,,,0,,Mutated (MODERATE) | Expressed (31 TPM)
ANKRD17,2,D,1,,373.7,,0,,,,,0,,"Overexpressed (374 TPM, p100)"
ANKRD28,2,D,1,,253.8,,0,,,,,0,,"Overexpressed (254 TPM, p99)"
ANKRD50,2,D,1,,167.0,,0,,,,,0,,"Overexpressed (167 TPM, p98)"
ANP32B,2,D,1,,608.0,,0,,,,,0,,"Overexpressed (608 TPM, p100)"
ANP32E,2,D,1,,179.3,,0,,,,,0,,"Overexpressed (179 TPM, p99)"
ANXA5,2,D,1,,1684.1,,0,,,,,0,,"Overexpressed (1684 TPM, p100)"
AP3D1,2,D,1,,168.9,,0,,,,,0,,"Overexpressed (169 TPM, p98)"
APBB2,2,D,1,,243.2,,0,,,,,0,,"Overexpressed (243 TPM, p99)"
APEX1,2,D,1,,397.4,,0,,,,,0,,"Overexpressed (397 TPM, p100)"
ARB2A,2,D,1,,162.0,,0,,,,,0,,"Overexpressed (162 TPM, p98)"
ARCN1,2,D,1,,564.3,,0,,,,,0,,"Overexpressed (564 TPM, p100)"
ARF4,2,D,1,,440.6,,0,,,,,0,,"Overexpressed (441 TPM, p100)"
ARFGAP3,2,D,1,,182.4,,0,,,,,0,,"Overexpressed (182 TPM, p99)"
ARFGEF1,2,D,1,,260.9,,0,,,,,0,,"Overexpressed (261 TPM, p99)"
ARHGAP5,2,D,1,,284.2,,0,,,,,0,,"Overexpressed (284 TPM, p99)"
ARHGDIB,2,D,1,,189.7,,0,,,,,0,,"Overexpressed (190 TPM, p99)"
ARID2,2,D,1,,199.3,,0,,,,,0,,"Overexpressed (199 TPM, p99)"
ARL4A,2,D,1,,240.5,,0,,,,,0,,"Overexpressed (240 TPM, p99)"
ARNT,2,D,1,,176.6,,0,,,,,0,,"Overexpressed (177 TPM, p99)"
ARPC2,2,D,1,,214.6,,0,,,,,0,,"Overexpressed (215 TPM, p99)"
ARRDC3,2,D,1,,646.5,,0,,,,,0,,"Overexpressed (646 TPM, p100)"
ASH1L,2,D,1,,375.6,,0,,,,,0,,"Overexpressed (376 TPM, p100)"
ASPN,2,D,1,,303.7,,0,,,,,0,,"Overexpressed (304 TPM, p99)"
ATF4,2,D,1,,413.1,,0,,,,,0,,"Overexpressed (413 TPM, p100)"
ATF7IP,2,D,1,,157.5,,0,,,,,0,,"Overexpressed (158 TPM, p98)"
ATP5F1B,2,D,1,,848.9,,0,,,,,0,,"Overexpressed (849 TPM, p100)"
ATP5F1C,2,D,1,,180.8,,0,,,,,0,,"Overexpressed (181 TPM, p99)"
ATP5PDP4,2,D,1,,171.3,,0,,,,,0,,"Overexpressed (171 TPM, p98)"
ATP6V1C1,2,D,1,,296.7,,0,,,,,0,,"Overexpressed (297 TPM, p99)"
AZIN1,2,D,1,,393.4,,0,,,,,0,,"Overexpressed (393 TPM, p100)"
BAZ2A,2,D,1,,197.0,,0,,,,,0,,"Overexpressed (197 TPM, p99)"
BCAT1,2,D,1,,401.9,,0,,,,,0,,"Overexpressed (402 TPM, p100)"
BCL6,2,D,1,,235.0,,0,,,,,0,,"Overexpressed (235 TPM, p99)"
BCLAF1,2,D,1,,273.4,,0,,,,,0,,"Overexpressed (273 TPM, p99)"
BDP1,2,D,1,,235.4,,0,,,,,0,,"Overexpressed (235 TPM, p99)"
BGN,2,D,1,,1142.1,,0,,,,,0,,"Overexpressed (1142 TPM, p100)"
BHLHE40,2,D,1,,339.7,,0,,,,,0,,"Overexpressed (340 TPM, p99)"
BICC1,2,D,1,,292.1,,0,,,,,0,,"Overexpressed (292 TPM, p99)"
BIRC2,2,D,1,,191.6,,0,,,,,0,,"Overexpressed (192 TPM, p99)"
BIRC6,2,D,1,,300.1,,0,,,,,0,,"Overexpressed (300 TPM, p99)"
BNIP2,2,D,1,,239.5,,0,,,,,0,,"Overexpressed (239 TPM, p99)"
BOD1L1,2,D,1,,397.5,,0,,,,,0,,"Overexpressed (397 TPM, p100)"
BPTF,2,D,1,,204.1,,0,,,,,0,,"Overexpressed (204 TPM, p99)"
BRD1,2,D,1,,186.0,,0,,,,,0,,"Overexpressed (186 TPM, p99)"
BRD10,2,D,1,,179.0,,0,,,,,0,,"Overexpressed (179 TPM, p99)"
BRD2,2,D,1,,235.2,,0,,,,,0,,"Overexpressed (235 TPM, p99)"
BRK1,2,D,1,,223.1,,0,,,,,0,,"Overexpressed (223 TPM, p99)"
BTAF1,2,D,1,,191.4,,0,,,,,0,,"Overexpressed (191 TPM, p99)"
BTBD1,2,D,1,,175.2,,0,,,,,0,,"Overexpressed (175 TPM, p99)"
BTF3,2,D,1,,179.1,,0,,,,,0,,"Overexpressed (179 TPM, p99)"
BTG1,2,D,1,,377.0,,0,,,,,0,,"Overexpressed (377 TPM, p100)"
BTG3,2,D,1,,161.7,,0,,,,,0,,"Overexpressed (162 TPM, p98)"
BUD23,2,D,1,,170.3,,0,,,,,0,,"Overexpressed (170 TPM, p98)"
C1QC,2,D,1,,245.0,,0,,,,,0,,"Overexpressed (245 TPM, p99)"
C2CD5,2,D,1,,178.4,,0,,,,,0,,"Overexpressed (178 TPM, p99)"
C6orf62,2,D,1,,328.5,,0,,,,,0,,"Overexpressed (329 TPM, p99)"
C9orf78,2,D,1,,161.0,,0,,,,,0,,"Overexpressed (161 TPM, p98)"
CALCOCO1,2,D,1,,167.5,,0,,,,,0,,"Overexpressed (167 TPM, p98)"
CALM1,2,D,1,,162.3,,0,,,,,0,,"Overexpressed (162 TPM, p98)"
CALM2,2,D,1,,230.8,,0,,,,,0,,"Overexpressed (231 TPM, p99)"
CAMSAP2,2,D,1,,158.9,,0,,,,,0,,"Overexpressed (159 TPM, p98)"
CAP1,2,D,1,,169.8,,0,,,,,0,,"Overexpressed (170 TPM, p98)"
CAPN14,2,D,1,YES,1.9,,0,,,,,0,,Mutated (MODERATE) | Expressed (2 TPM)
CAPN7,2,D,1,,215.3,,0,,,,,0,,"Overexpressed (215 TPM, p99)"
CAPRIN1,2,D,1,,215.4,,0,,,,,0,,"Overexpressed (215 TPM, p99)"
CASC3,2,D,1,,170.9,,0,,,,,0,,"Overexpressed (171 TPM, p98)"
CBR4,2,D,1,,181.5,,0,,,,,0,,"Overexpressed (182 TPM, p99)"
CBX5,2,D,1,,234.8,,0,,,,,0,,"Overexpressed (235 TPM, p99)"
CCAR1,2,D,1,,212.7,,0,,,,,0,,"Overexpressed (213 TPM, p99)"
CCDC14,2,D,1,,157.5,,0,,,,,0,,"Overexpressed (157 TPM, p98)"
CCDC50,2,D,1,,189.3,,0,,,,,0,,"Overexpressed (189 TPM, p99)"
CCDC80,2,D,1,,314.0,,0,,,,,0,,"Overexpressed (314 TPM, p99)"
CCN1,2,D,1,,1739.5,,0,,,,,0,,"Overexpressed (1740 TPM, p100)"
CCN2,2,D,1,,4237.4,,0,,,,,0,,"Overexpressed (4237 TPM, p100)"
CCN4,2,D,1,,451.5,,0,,,,,0,,"Overexpressed (451 TPM, p100)"
CCNG1,2,D,1,,276.1,,0,,,,,0,,"Overexpressed (276 TPM, p99)"
CCNG2,2,D,1,,281.6,,0,,,,,0,,"Overexpressed (282 TPM, p99)"
CCNI,2,D,1,,938.5,,0,,,,,0,,"Overexpressed (938 TPM, p100)"
CCNT1,2,D,1,,177.0,,0,,,,,0,,"Overexpressed (177 TPM, p99)"
CCT2,2,D,1,,361.1,,0,,,,,0,,"Overexpressed (361 TPM, p100)"
CCT4,2,D,1,,426.0,,0,,,,,0,,"Overexpressed (426 TPM, p100)"
CCT5,2,D,1,,162.0,,0,,,,,0,,"Overexpressed (162 TPM, p98)"
CCT6A,2,D,1,,249.1,,0,,,,,0,,"Overexpressed (249 TPM, p99)"
CCT7,2,D,1,,249.5,,0,,,,,0,,"Overexpressed (249 TPM, p99)"
CCT8,2,D,1,,198.3,,0,,,,,0,,"Overexpressed (198 TPM, p99)"
CDC37,2,D,1,,163.5,,0,,,,,0,,"Overexpressed (164 TPM, p98)"
CDC5L,2,D,1,,158.3,,0,,,,,0,,"Overexpressed (158 TPM, p98)"
CDK14,2,D,1,,429.9,,0,,,,,0,,"Overexpressed (430 TPM, p100)"
CDK6,2,D,1,,171.0,,0,,,,,0,,"Overexpressed (171 TPM, p98)"
CEBPB,2,D,1,,191.2,,0,,,,,0,,"Overexpressed (191 TPM, p99)"
CEBPD,2,D,1,,548.9,,0,,,,,0,,"Overexpressed (549 TPM, p100)"
CEBPZ,2,D,1,,165.5,,0,,,,,0,,"Overexpressed (166 TPM, p98)"
CENPF,2,D,1,,165.8,,0,,,,,0,,"Overexpressed (166 TPM, p98)"
CENPL,2,D,1,YES,13.1,,0,,,,,0,,Mutated (MODERATE) | Expressed (13 TPM)
CEP70,2,D,1,,226.4,,0,,,,,0,,"Overexpressed (226 TPM, p99)"
CFAP97,2,D,1,,193.7,,0,,,,,0,,"Overexpressed (194 TPM, p99)"
CHD1,2,D,1,,181.2,,0,,,,,0,,"Overexpressed (181 TPM, p99)"
CHD9,2,D,1,,169.6,,0,,,,,0,,"Overexpressed (170 TPM, p98)"
CHMP4B,2,D,1,,187.6,,0,,,,,0,,"Overexpressed (188 TPM, p99)"
CHP1,2,D,1,,169.4,,0,,,,,0,,"Overexpressed (169 TPM, p98)"
CIRBP,2,D,1,,212.1,,0,,,,,0,,"Overexpressed (212 TPM, p99)"
CKAP2,2,D,1,,160.0,,0,,,,,0,,"Overexpressed (160 TPM, p98)"
CLIC1,2,D,1,,252.6,,0,,,,,0,,"Overexpressed (253 TPM, p99)"
CLINT1,2,D,1,,210.9,,0,,,,,0,,"Overexpressed (211 TPM, p99)"
CLNS1A,2,D,1,,168.1,,0,,,,,0,,"Overexpressed (168 TPM, p98)"
CLOCK,2,D,1,,179.5,,0,,,,,0,,"Overexpressed (179 TPM, p99)"
CLTC,2,D,1,,377.1,,0,,,,,0,,"Overexpressed (377 TPM, p100)"
CMAS,2,D,1,,171.5,,0,,,,,0,,"Overexpressed (171 TPM, p99)"
CNBP,2,D,1,,530.5,,0,,,,,0,,"Overexpressed (531 TPM, p100)"
CNN2,2,D,1,,204.8,,0,,,,,0,,"Overexpressed (205 TPM, p99)"
CNN3,2,D,1,,538.2,,0,,,,,0,,"Overexpressed (538 TPM, p100)"
CNOT4,2,D,1,,172.0,,0,,,,,0,,"Overexpressed (172 TPM, p99)"
COL10A1,2,D,1,,2430.7,,0,,,,,0,,"Overexpressed (2431 TPM, p100)"
COL11A2,2,D,1,,486.4,,0,,,,,0,,"Overexpressed (486 TPM, p100)"
COL1A1,2,D,1,,7658.5,,0,,,,,0,,"Overexpressed (7659 TPM, p100)"
COL1A2,2,D,1,,8074.9,,0,,,,,0,,"Overexpressed (8075 TPM, p100)"
COL22A1,2,D,1,,212.8,,0,,,,,0,,"Overexpressed (213 TPM, p99)"
COL3A1,2,D,1,,3436.5,,0,,,,,0,,"Overexpressed (3436 TPM, p100)"
COL4A1,2,D,1,,279.9,,0,,,,,0,,"Overexpressed (280 TPM, p99)"
COL5A1,2,D,1,,716.1,,0,,,,,0,,"Overexpressed (716 TPM, p100)"
COL5A2,2,D,1,,521.2,,0,,,,,0,,"Overexpressed (521 TPM, p100)"
COL6A1,2,D,1,,226.9,,0,,,,,0,,"Overexpressed (227 TPM, p99)"
COL6A3,2,D,1,,210.8,,0,,,,,0,,"Overexpressed (211 TPM, p99)"
COPB1,2,D,1,,243.9,,0,,,,,0,,"Overexpressed (244 TPM, p99)"
COPG1,2,D,1,,159.4,,0,,,,,0,,"Overexpressed (159 TPM, p98)"
COX5A,2,D,1,,192.8,,0,,,,,0,,"Overexpressed (193 TPM, p99)"
COX5B,2,D,1,,165.9,,0,,,,,0,,"Overexpressed (166 TPM, p98)"
CPEB4,2,D,1,,191.5,,0,,,,,0,,"Overexpressed (192 TPM, p99)"
CPNE3,2,D,1,,169.0,,0,,,,,0,,"Overexpressed (169 TPM, p98)"
CPQ,2,D,1,,159.8,,0,,,,,0,,"Overexpressed (160 TPM, p98)"
CPSF6,2,D,1,,324.2,,0,,,,,0,,"Overexpressed (324 TPM, p99)"
CREBBP,2,D,1,,247.4,,0,,,,,0,,"Overexpressed (247 TPM, p99)"
CREG1,2,D,1,,213.0,,0,,,,,0,,"Overexpressed (213 TPM, p99)"
CRISPLD1,2,D,1,,263.9,,0,,,,,0,,"Overexpressed (264 TPM, p99)"
CRTAP,2,D,1,,421.8,,0,,,,,0,,"Overexpressed (422 TPM, p100)"
CSE1L,2,D,1,,164.5,,0,,,,,0,,"Overexpressed (164 TPM, p98)"
CSNK1G3,2,D,1,,227.0,,0,,,,,0,,"Overexpressed (227 TPM, p99)"
CST3,2,D,1,,373.4,,0,,,,,0,,"Overexpressed (373 TPM, p100)"
CSTB,2,D,1,,205.9,,0,,,,,0,,"Overexpressed (206 TPM, p99)"
CTNNAL1,2,D,1,,289.3,,0,,,,,0,,"Overexpressed (289 TPM, p99)"
CTSB,2,D,1,,551.3,,0,,,,,0,,"Overexpressed (551 TPM, p100)"
CWF19L2,2,D,1,,188.0,,0,,,,,0,,"Overexpressed (188 TPM, p99)"
CXCL14,2,D,1,,429.8,,0,,,,,0,,"Overexpressed (430 TPM, p100)"
DAP,2,D,1,,513.5,,0,,,,,0,,"Overexpressed (514 TPM, p100)"
DAZAP2,2,D,1,,245.3,,0,,,,,0,,"Overexpressed (245 TPM, p99)"
DBI,2,D,1,,229.4,,0,,,,,0,,"Overexpressed (229 TPM, p99)"
DCAF5,2,D,1,,170.0,,0,,,,,0,,"Overexpressed (170 TPM, p98)"
DCAF6,2,D,1,,258.8,,0,,,,,0,,"Overexpressed (259 TPM, p99)"
DCN,2,D,1,,550.5,,0,,,,,0,,"Overexpressed (550 TPM, p100)"
DDIT3,2,D,1,,236.7,,0,,,,,0,,"Overexpressed (237 TPM, p99)"
DDIT4,2,D,1,,1105.7,,0,,,,,0,,"Overexpressed (1106 TPM, p100)"
DDX21,2,D,1,,201.0,,0,,,,,0,,"Overexpressed (201 TPM, p99)"
DDX24,2,D,1,,165.2,,0,,,,,0,,"Overexpressed (165 TPM, p98)"
DDX42,2,D,1,,198.8,,0,,,,,0,,"Overexpressed (199 TPM, p99)"
DDX5,2,D,1,,474.2,,0,,,,,0,,"Overexpressed (474 TPM, p100)"
DDX54,2,D,1,YES,30.1,,0,,,,,0,,Mutated (MODERATE) | Expressed (30 TPM)
DECR1,2,D,1,,190.1,,0,,,,,0,,"Overexpressed (190 TPM, p99)"
DEFB131A,2,D,1,YES,,,0,,,,,0,,Mutated (MODERATE)
DEK,2,D,1,,387.0,,0,,,,,0,,"Overexpressed (387 TPM, p100)"
DENND11,2,D,1,,226.5,,0,,,,,0,,"Overexpressed (226 TPM, p99)"
DHX15,2,D,1,,157.2,,0,,,,,0,,"Overexpressed (157 TPM, p98)"
DHX9,2,D,1,,245.6,,0,,,,,0,,"Overexpressed (246 TPM, p99)"
DIPK2A,2,D,1,,233.5,,0,,,,,0,,"Overexpressed (233 TPM, p99)"
DLC1,2,D,1,,187.1,,0,,,,,0,,"Overexpressed (187 TPM, p99)"
DLD,2,D,1,,160.0,,0,,,,,0,,"Overexpressed (160 TPM, p98)"
DLX3,2,D,1,,262.9,,0,,,,,0,,"Overexpressed (263 TPM, p99)"
DLX5,2,D,1,,528.3,,0,,,,,0,,"Overexpressed (528 TPM, p100)"
DMP1,2,D,1,,267.6,,0,,,,,0,,"Overexpressed (268 TPM, p99)"
DMTF1,2,D,1,,181.6,,0,,,,,0,,"Overexpressed (182 TPM, p99)"
DNAJA1,2,D,1,,201.0,,0,,,,,0,,"Overexpressed (201 TPM, p99)"
DROSHA,2,D,1,,182.3,,0,,,,,0,,"Overexpressed (182 TPM, p99)"
DST,2,D,1,,601.3,,0,,,,,0,,"Overexpressed (601 TPM, p100)"
DUSP1,2,D,1,,230.9,,0,,,,,0,,"Overexpressed (231 TPM, p99)"
EAPP,2,D,1,,255.7,,0,,,,,0,,"Overexpressed (256 TPM, p99)"
EBF1,2,D,1,,225.4,,0,,,,,0,,"Overexpressed (225 TPM, p99)"
EBF2,2,D,1,YES,5.6,,0,,,,,0,,Mutated (MODERATE) | Expressed (6 TPM)
ECPAS,2,D,1,,322.3,,0,,,,,0,,"Overexpressed (322 TPM, p99)"
EDF1,2,D,1,,373.6,,0,,,,,0,,"Overexpressed (374 TPM, p100)"
EEA1,2,D,1,,253.7,,0,,,,,0,,"Overexpressed (254 TPM, p99)"
EEF1A1,2,D,1,,1181.2,,0,,,,,0,,"Overexpressed (1181 TPM, p100)"
EEF1B2,2,D,1,,501.4,,0,,,,,0,,"Overexpressed (501 TPM, p100)"
EFHD2,2,D,1,YES,47.8,,0,,,,,0,,Mutated (MODERATE) | Expressed (48 TPM)
EGR1,2,D,1,,366.0,,0,,,,,0,,"Overexpressed (366 TPM, p100)"
EID1,2,D,1,,553.7,,0,,,,,0,,"Overexpressed (554 TPM, p100)"
EIF1,2,D,1,,610.1,,0,,,,,0,,"Overexpressed (610 TPM, p100)"
EIF2A,2,D,1,,197.6,,0,,,,,0,,"Overexpressed (198 TPM, p99)"
EIF2AK1,2,D,1,,183.9,,0,,,,,0,,"Overexpressed (184 TPM, p99)"
EIF2AK2,2,D,1,,332.6,,0,,,,,0,,"Overexpressed (333 TPM, p99)"
EIF2S1,2,D,1,,229.1,,0,,,,,0,,"Overexpressed (229 TPM, p99)"
EIF2S2,2,D,1,,203.6,,0,,,,,0,,"Overexpressed (204 TPM, p99)"
EIF2S3,2,D,1,,778.1,,0,,,,,0,,"Overexpressed (778 TPM, p100)"
EIF3A,2,D,1,,622.4,,0,,,,,0,,"Overexpressed (622 TPM, p100)"
EIF3D,2,D,1,,330.7,,0,,,,,0,,"Overexpressed (331 TPM, p99)"
EIF3FP1,2,D,1,,161.0,,0,,,,,0,,"Overexpressed (161 TPM, p98)"
EIF3H,2,D,1,,441.1,,0,,,,,0,,"Overexpressed (441 TPM, p100)"
EIF3J,2,D,1,,174.7,,0,,,,,0,,"Overexpressed (175 TPM, p99)"
EIF4A2,2,D,1,,233.7,,0,,,,,0,,"Overexpressed (234 TPM, p99)"
EIF4G1,2,D,1,,166.7,,0,,,,,0,,"Overexpressed (167 TPM, p98)"
EIF4G2,2,D,1,,599.3,,0,,,,,0,,"Overexpressed (599 TPM, p100)"
EIF4G3,2,D,1,,184.9,,0,,,,,0,,"Overexpressed (185 TPM, p99)"
ELF1,2,D,1,,245.4,,0,,,,,0,,"Overexpressed (245 TPM, p99)"
ELK3,2,D,1,,163.3,,0,,,,,0,,"Overexpressed (163 TPM, p98)"
ELK4,2,D,1,,304.5,,0,,,,,0,,"Overexpressed (304 TPM, p99)"
ELL2,2,D,1,,475.2,,0,,,,,0,,"Overexpressed (475 TPM, p100)"
EMILIN1,2,D,1,,185.9,,0,,,,,0,,"Overexpressed (186 TPM, p99)"
EML4,2,D,1,,384.7,,0,,,,,0,,"Overexpressed (385 TPM, p100)"
ENPP2,2,D,1,,271.7,,0,,,,,0,,"Overexpressed (272 TPM, p99)"
ENSG00000185641,2,D,1,,191.6,,0,,,,,0,,"Overexpressed (192 TPM, p99)"
EPAS1,2,D,1,,342.2,,0,,,,,0,,"Overexpressed (342 TPM, p99)"
EPDR1,2,D,1,,165.8,,0,,,,,0,,"Overexpressed (166 TPM, p98)"
EPRS1,2,D,1,,266.2,,0,,,,,0,,"Overexpressed (266 TPM, p99)"
EPS15,2,D,1,,169.8,,0,,,,,0,,"Overexpressed (170 TPM, p98)"
EPYC,2,D,1,,176.5,,0,,,,,0,,"Overexpressed (176 TPM, p99)"
ERH,2,D,1,,309.1,,0,,,,,0,,"Overexpressed (309 TPM, p99)"
ERRFI1,2,D,1,,1256.4,,0,,,,,0,,"Overexpressed (1256 TPM, p100)"
ESCO1,2,D,1,,163.4,,0,,,,,0,,"Overexpressed (163 TPM, p98)"
ESF1,2,D,1,,309.6,,0,,,,,0,,"Overexpressed (310 TPM, p99)"
ESM1,2,D,1,,268.2,,0,,,,,0,,"Overexpressed (268 TPM, p99)"
ETS1,2,D,1,,628.9,,0,,,,,0,,"Overexpressed (629 TPM, p100)"
F13A1,2,D,1,,572.9,,0,,,,,0,,"Overexpressed (573 TPM, p100)"
FAM114A2,2,D,1,,234.0,,0,,,,,0,,"Overexpressed (234 TPM, p99)"
FAM120A,2,D,1,,224.7,,0,,,,,0,,"Overexpressed (225 TPM, p99)"
FAM120B,2,D,1,,200.7,,0,,,,,0,,"Overexpressed (201 TPM, p99)"
FAM13B,2,D,1,,198.0,,0,,,,,0,,"Overexpressed (198 TPM, p99)"
FAM20C,2,D,1,,192.3,,0,,,,,0,,"Overexpressed (192 TPM, p99)"
FAM3C,2,D,1,,260.6,,0,,,,,0,,"Overexpressed (261 TPM, p99)"
FAU,2,D,1,,246.5,,0,,,,,0,,"Overexpressed (246 TPM, p99)"
FBXL5,2,D,1,,260.1,,0,,,,,0,,"Overexpressed (260 TPM, p99)"
FBXO32,2,D,1,,523.9,,0,,,,,0,,"Overexpressed (524 TPM, p100)"
FBXO33,2,D,1,YES,39.9,,0,,,,,0,,Mutated (MODERATE) | Expressed (40 TPM)
FBXW7,2,D,1,,194.4,,0,,,,,0,,"Overexpressed (194 TPM, p99)"
FEM1B,2,D,1,,284.7,,0,,,,,0,,"Overexpressed (285 TPM, p99)"
FEM1C,2,D,1,,165.0,,0,,,,,0,,"Overexpressed (165 TPM, p98)"
FERMT2,2,D,1,,190.8,,0,,,,,0,,"Overexpressed (191 TPM, p99)"
FGL2,2,D,1,,167.8,,0,,,,,0,,"Overexpressed (168 TPM, p98)"
FHOD3,2,D,1,,177.1,,0,,,,,0,,"Overexpressed (177 TPM, p99)"
FKBP5,2,D,1,,2504.8,,0,,,,,0,,"Overexpressed (2505 TPM, p100)"
FMN1,2,D,1,,162.0,,0,,,,,0,,"Overexpressed (162 TPM, p98)"
FN1,2,D,1,,3998.0,,0,,,,,0,,"Overexpressed (3998 TPM, p100)"
FNBP4,2,D,1,,186.8,,0,,,,,0,,"Overexpressed (187 TPM, p99)"
FNIP1,2,D,1,,232.8,,0,,,,,0,,"Overexpressed (233 TPM, p99)"
FOSL2,2,D,1,,330.8,,0,,,,,0,,"Overexpressed (331 TPM, p99)"
FOXC1,2,D,1,,290.8,,0,,,,,0,,"Overexpressed (291 TPM, p99)"
FOXJ3,2,D,1,,291.0,,0,,,,,0,,"Overexpressed (291 TPM, p99)"
FRMPD1,2,D,1,YES,0.0,,0,,,,,0,,Mutated (MODERATE)
FRMPD4,2,D,1,YES,0.0,,0,,,,,0,,Mutated (MODERATE)
FSTL1,2,D,1,,206.3,,0,,,,,0,,"Overexpressed (206 TPM, p99)"
FTL,2,D,1,,237.5,,0,,,,,0,,"Overexpressed (238 TPM, p99)"
FUBP1,2,D,1,,185.7,,0,,,,,0,,"Overexpressed (186 TPM, p99)"
FUBP3,2,D,1,,287.1,,0,,,,,0,,"Overexpressed (287 TPM, p99)"
FUS,2,D,1,,195.9,,0,,,,,0,,"Overexpressed (196 TPM, p99)"
FXR1,2,D,1,,168.4,,0,,,,,0,,"Overexpressed (168 TPM, p98)"
GABARAPL2,2,D,1,,185.0,,0,,,,,0,,"Overexpressed (185 TPM, p99)"
GADD45B,2,D,1,,222.6,,0,,,,,0,,"Overexpressed (223 TPM, p99)"
GATAD2B,2,D,1,,201.6,,0,,,,,0,,"Overexpressed (202 TPM, p99)"
GBE1,2,D,1,,317.1,,0,,,,,0,,"Overexpressed (317 TPM, p99)"
GLCE,2,D,1,,201.4,,0,,,,,0,,"Overexpressed (201 TPM, p99)"
GNL3,2,D,1,,248.0,,0,,,,,0,,"Overexpressed (248 TPM, p99)"
GOLGA4,2,D,1,,353.2,,0,,,,,0,,"Overexpressed (353 TPM, p100)"
GOLM1,2,D,1,,196.3,,0,,,,,0,,"Overexpressed (196 TPM, p99)"
GOLPH3,2,D,1,,541.0,,0,,,,,0,,"Overexpressed (541 TPM, p100)"
GOPC,2,D,1,,189.5,,0,,,,,0,,"Overexpressed (190 TPM, p99)"
GPKOW,2,D,1,,165.7,,0,,,,,0,,"Overexpressed (166 TPM, p98)"
GRN,2,D,1,,291.0,,0,,,,,0,,"Overexpressed (291 TPM, p99)"
GSN,2,D,1,,170.8,,0,,,,,0,,"Overexpressed (171 TPM, p98)"
GSPT1,2,D,1,,169.5,,0,,,,,0,,"Overexpressed (170 TPM, p98)"
GSR,2,D,1,,253.4,,0,,,,,0,,"Overexpressed (253 TPM, p99)"
GTF2A1,2,D,1,,182.5,,0,,,,,0,,"Overexpressed (182 TPM, p99)"
GTF3C5,2,D,1,YES,42.1,,0,,,,,0,,Mutated (MODERATE) | Expressed (42 TPM)
GXYLT2,2,D,1,,508.5,,0,,,,,0,,"Overexpressed (509 TPM, p100)"
H1-3,2,D,1,,174.7,,0,,,,,0,,"Overexpressed (175 TPM, p99)"
H1-4,2,D,1,,531.0,,0,,,,,0,,"Overexpressed (531 TPM, p100)"
H2AC12,2,D,1,,431.5,,0,,,,,0,,"Overexpressed (432 TPM, p100)"
H2AC14,2,D,1,,295.8,,0,,,,,0,,"Overexpressed (296 TPM, p99)"
H2AC20,2,D,1,,631.0,,0,,,,,0,,"Overexpressed (631 TPM, p100)"
H2AC6,2,D,1,,402.4,,0,,,,,0,,"Overexpressed (402 TPM, p100)"
H2BC12,2,D,1,,396.0,,0,,,,,0,,"Overexpressed (396 TPM, p100)"
H2BC21,2,D,1,,225.8,,0,,,,,0,,"Overexpressed (226 TPM, p99)"
H2BC5,2,D,1,,484.0,,0,,,,,0,,"Overexpressed (484 TPM, p100)"
H2BC8,2,D,1,,236.0,,0,,,,,0,,"Overexpressed (236 TPM, p99)"
H3C2,2,D,1,,542.4,,0,,,,,0,,"Overexpressed (542 TPM, p100)"
H4C3,2,D,1,,170.5,,0,,,,,0,,"Overexpressed (170 TPM, p98)"
H4C4,2,D,1,,181.0,,0,,,,,0,,"Overexpressed (181 TPM, p99)"
H4C5,2,D,1,,218.7,,0,,,,,0,,"Overexpressed (219 TPM, p99)"
HADHA,2,D,1,,340.6,,0,,,,,0,,"Overexpressed (341 TPM, p99)"
HADHB,2,D,1,,159.5,,0,,,,,0,,"Overexpressed (160 TPM, p98)"
HAPLN1,2,D,1,,557.3,,0,,,,,0,,"Overexpressed (557 TPM, p100)"
HBP1,2,D,1,,199.5,,0,,,,,0,,"Overexpressed (199 TPM, p99)"
HDGF,2,D,1,,249.3,,0,,,,,0,,"Overexpressed (249 TPM, p99)"
HDLBP,2,D,1,,343.0,,0,,,,,0,,"Overexpressed (343 TPM, p99)"
HECA,2,D,1,,309.3,,0,,,,,0,,"Overexpressed (309 TPM, p99)"
HERC1,2,D,1,,226.5,,0,,,,,0,,"Overexpressed (226 TPM, p99)"
HIF1A,2,D,1,,982.5,,0,,,,,0,,"Overexpressed (982 TPM, p100)"
HIVEP2,2,D,1,,208.1,,0,,,,,0,,"Overexpressed (208 TPM, p99)"
HMGA2-AS1,2,D,1,,338.7,,0,,,,,0,,"Overexpressed (339 TPM, p99)"
HMGB2,2,D,1,,440.1,,0,,,,,0,,"Overexpressed (440 TPM, p100)"
HMGN3,2,D,1,,268.8,,0,,,,,0,,"Overexpressed (269 TPM, p99)"
HMGN4,2,D,1,,281.7,,0,,,,,0,,"Overexpressed (282 TPM, p99)"
HNRNPA1,2,D,1,,1112.6,,0,,,,,0,,"Overexpressed (1113 TPM, p100)"
HNRNPAB,2,D,1,,270.2,,0,,,,,0,,"Overexpressed (270 TPM, p99)"
HNRNPC,2,D,1,,539.4,,0,,,,,0,,"Overexpressed (539 TPM, p100)"
HNRNPD,2,D,1,,277.0,,0,,,,,0,,"Overexpressed (277 TPM, p99)"
HNRNPDL,2,D,1,,483.9,,0,,,,,0,,"Overexpressed (484 TPM, p100)"
HNRNPF,2,D,1,,262.4,,0,,,,,0,,"Overexpressed (262 TPM, p99)"
HNRNPH1,2,D,1,,523.9,,0,,,,,0,,"Overexpressed (524 TPM, p100)"
HNRNPH2,2,D,1,,250.3,,0,,,,,0,,"Overexpressed (250 TPM, p99)"
HNRNPH3,2,D,1,,279.0,,0,,,,,0,,"Overexpressed (279 TPM, p99)"
HNRNPK,2,D,1,,341.4,,0,,,,,0,,"Overexpressed (341 TPM, p99)"
HNRNPM,2,D,1,,239.4,,0,,,,,0,,"Overexpressed (239 TPM, p99)"
HNRNPR,2,D,1,,257.9,,0,,,,,0,,"Overexpressed (258 TPM, p99)"
HNRNPU,2,D,1,,166.4,,0,,,,,0,,"Overexpressed (166 TPM, p98)"
HP1BP3,2,D,1,,198.0,,0,,,,,0,,"Overexpressed (198 TPM, p99)"
HSP90AA1,2,D,1,,2607.9,,0,,,,,0,,"Overexpressed (2608 TPM, p100)"
HSPA1B,2,D,1,,2292.4,,0,,,,,0,,"Overexpressed (2292 TPM, p100)"
HSPA4,2,D,1,,305.0,,0,,,,,0,,"Overexpressed (305 TPM, p99)"
HSPA6,2,D,1,,212.6,,0,,,,,0,,"Overexpressed (213 TPM, p99)"
HSPA8,2,D,1,,1519.7,,0,,,,,0,,"Overexpressed (1520 TPM, p100)"
HSPA9,2,D,1,,186.0,,0,,,,,0,,"Overexpressed (186 TPM, p99)"
HSPG2,2,D,1,,234.2,,0,,,,,0,,"Overexpressed (234 TPM, p99)"
HSPH1,2,D,1,,262.3,,0,,,,,0,,"Overexpressed (262 TPM, p99)"
HTATSF1,2,D,1,,223.6,,0,,,,,0,,"Overexpressed (224 TPM, p99)"
IBSP,2,D,1,,4344.0,,0,,,,,0,,"Overexpressed (4344 TPM, p100)"
ID1,2,D,1,,208.5,,0,,,,,0,,"Overexpressed (209 TPM, p99)"
ID3,2,D,1,,190.2,,0,,,,,0,,"Overexpressed (190 TPM, p99)"
IFI16,2,D,1,,270.3,,0,,,,,0,,"Overexpressed (270 TPM, p99)"
IFI44,2,D,1,,237.6,,0,,,,,0,,"Overexpressed (238 TPM, p99)"
IGFBP3,2,D,1,,237.6,,0,,,,,0,,"Overexpressed (238 TPM, p99)"
IGFBP7,2,D,1,,852.3,,0,,,,,0,,"Overexpressed (852 TPM, p100)"
IGKC,2,D,1,,1447.2,,0,,,,,0,,"Overexpressed (1447 TPM, p100)"
IGLC2,2,D,1,,208.5,,0,,,,,0,,"Overexpressed (209 TPM, p99)"
IGSF10,2,D,1,,223.8,,0,,,,,0,,"Overexpressed (224 TPM, p99)"
IK,2,D,1,,170.6,,0,,,,,0,,"Overexpressed (171 TPM, p98)"
ILF2,2,D,1,,307.1,,0,,,,,0,,"Overexpressed (307 TPM, p99)"
IMMT,2,D,1,,294.9,,0,,,,,0,,"Overexpressed (295 TPM, p99)"
INSC,2,D,1,,225.0,,0,,,,,0,,"Overexpressed (225 TPM, p99)"
INTS13,2,D,1,,188.5,,0,,,,,0,,"Overexpressed (189 TPM, p99)"
IPO7,2,D,1,,289.1,,0,,,,,0,,"Overexpressed (289 TPM, p99)"
IREB2,2,D,1,,165.9,,0,,,,,0,,"Overexpressed (166 TPM, p98)"
IRF2BP2,2,D,1,,182.1,,0,,,,,0,,"Overexpressed (182 TPM, p99)"
IRX5,2,D,1,,169.9,,0,,,,,0,,"Overexpressed (170 TPM, p98)"
IVNS1ABP,2,D,1,,226.5,,0,,,,,0,,"Overexpressed (226 TPM, p99)"
JAK1,2,D,1,,163.6,,0,,,,,0,,"Overexpressed (164 TPM, p98)"
JMJD1C,2,D,1,,837.9,,0,,,,,0,,"Overexpressed (838 TPM, p100)"
JMY,2,D,1,,189.9,,0,,,,,0,,"Overexpressed (190 TPM, p99)"
JUN,2,D,1,,273.4,,0,,,,,0,,"Overexpressed (273 TPM, p99)"
KCTD12,2,D,1,,1610.6,,0,,,,,0,,"Overexpressed (1611 TPM, p100)"
KCTD20,2,D,1,,278.3,,0,,,,,0,,"Overexpressed (278 TPM, p99)"
KCTD3,2,D,1,,249.2,,0,,,,,0,,"Overexpressed (249 TPM, p99)"
KDM7A,2,D,1,,192.9,,0,,,,,0,,"Overexpressed (193 TPM, p99)"
KERA,2,D,1,,915.1,,0,,,,,0,,"Overexpressed (915 TPM, p100)"
KHDC4,2,D,1,,177.0,,0,,,,,0,,"Overexpressed (177 TPM, p99)"
KHDRBS1,2,D,1,,520.5,,0,,,,,0,,"Overexpressed (520 TPM, p100)"
KIAA1217,2,D,1,,187.5,,0,,,,,0,,"Overexpressed (188 TPM, p99)"
KIF5B,2,D,1,,522.7,,0,,,,,0,,"Overexpressed (523 TPM, p100)"
KLF10,2,D,1,,384.5,,0,,,,,0,,"Overexpressed (385 TPM, p100)"
KLF2,2,D,1,,162.6,,0,,,,,0,,"Overexpressed (163 TPM, p98)"
KLF3,2,D,1,,197.3,,0,,,,,0,,"Overexpressed (197 TPM, p99)"
KLF6,2,D,1,,449.8,,0,,,,,0,,"Overexpressed (450 TPM, p100)"
KLHDC3,2,D,1,,213.2,,0,,,,,0,,"Overexpressed (213 TPM, p99)"
KLHL24,2,D,1,,163.2,,0,,,,,0,,"Overexpressed (163 TPM, p98)"
KLHL33,2,D,1,YES,0.1,,0,,,,,0,,Mutated (MODERATE)
KPNB1,2,D,1,,205.5,,0,,,,,0,,"Overexpressed (206 TPM, p99)"
KRCC1,2,D,1,,343.8,,0,,,,,0,,"Overexpressed (344 TPM, p100)"
KRT37,2,D,1,YES,,,0,,,,,0,,Mutated (MODERATE)
LAMB1,2,D,1,,298.8,,0,,,,,0,,"Overexpressed (299 TPM, p99)"
LAMB2,2,D,1,,217.4,,0,,,,,0,,"Overexpressed (217 TPM, p99)"
LAMTOR3,2,D,1,,205.8,,0,,,,,0,,"Overexpressed (206 TPM, p99)"
LAMTOR5,2,D,1,,217.3,,0,,,,,0,,"Overexpressed (217 TPM, p99)"
LCE1B,2,D,1,YES,0.1,,0,,,,,0,,Mutated (MODERATE)
LDHA,2,D,1,,290.0,,0,,,,,0,,"Overexpressed (290 TPM, p99)"
LEF1,2,D,1,,246.6,,0,,,,,0,,"Overexpressed (247 TPM, p99)"
LEO1,2,D,1,,319.2,,0,,,,,0,,"Overexpressed (319 TPM, p99)"
LGALS1,2,D,1,,233.3,,0,,,,,0,,"Overexpressed (233 TPM, p99)"
LIMCH1,2,D,1,,352.0,,0,,,,,0,,"Overexpressed (352 TPM, p100)"
LIX1L,2,D,1,,187.9,,0,,,,,0,,"Overexpressed (188 TPM, p99)"
LOX,2,D,1,,2051.0,,0,,,,,0,,"Overexpressed (2051 TPM, p100)"
LPL,2,D,1,,263.8,,0,,,,,0,,"Overexpressed (264 TPM, p99)"
LRRC1,2,D,1,,481.5,,0,,,,,0,,"Overexpressed (481 TPM, p100)"
LRRC58,2,D,1,,272.3,,0,,,,,0,,"Overexpressed (272 TPM, p99)"
LSM14A,2,D,1,,208.1,,0,,,,,0,,"Overexpressed (208 TPM, p99)"
LTBP1,2,D,1,,352.1,,0,,,,,0,,"Overexpressed (352 TPM, p100)"
LUC7L3,2,D,1,,330.3,,0,,,,,0,,"Overexpressed (330 TPM, p99)"
LUM,2,D,1,,8390.7,,0,,,,,0,,"Overexpressed (8391 TPM, p100)"
MAF,2,D,1,,224.0,,0,,,,,0,,"Overexpressed (224 TPM, p99)"
MAFB,2,D,1,,215.4,,0,,,,,0,,"Overexpressed (215 TPM, p99)"
MAGEC2,2,D,1,,169.5,,0,,,,,0,,"Overexpressed (170 TPM, p98)"
MAP1B,2,D,1,,160.3,,0,,,,,0,,"Overexpressed (160 TPM, p98)"
MAP1LC3B,2,D,1,,201.1,,0,,,,,0,,"Overexpressed (201 TPM, p99)"
MAP4K3,2,D,1,,253.7,,0,,,,,0,,"Overexpressed (254 TPM, p99)"
MAP4K4,2,D,1,,489.6,,0,,,,,0,,"Overexpressed (490 TPM, p100)"
MAPK1,2,D,1,,193.4,,0,,,,,0,,"Overexpressed (193 TPM, p99)"
MAPRE1,2,D,1,,167.9,,0,,,,,0,,"Overexpressed (168 TPM, p98)"
MAT2A,2,D,1,,206.8,,0,,,,,0,,"Overexpressed (207 TPM, p99)"
MBD2,2,D,1,,307.3,,0,,,,,0,,"Overexpressed (307 TPM, p99)"
MBNL1,2,D,1,,701.0,,0,,,,,0,,"Overexpressed (701 TPM, p100)"
MBNL2,2,D,1,,186.1,,0,,,,,0,,"Overexpressed (186 TPM, p99)"
MDC1,2,D,1,,328.3,,0,,,,,0,,"Overexpressed (328 TPM, p99)"
MDM4,2,D,1,,276.2,,0,,,,,0,,"Overexpressed (276 TPM, p99)"
MED13,2,D,1,,279.2,,0,,,,,0,,"Overexpressed (279 TPM, p99)"
MEF2A,2,D,1,,332.3,,0,,,,,0,,"Overexpressed (332 TPM, p99)"
MEF2C,2,D,1,,599.3,,0,,,,,0,,"Overexpressed (599 TPM, p100)"
MEOX2,2,D,1,,167.2,,0,,,,,0,,"Overexpressed (167 TPM, p98)"
MEPE,2,D,1,,389.1,,0,,,,,0,,"Overexpressed (389 TPM, p100)"
MFAP1,2,D,1,,210.9,,0,,,,,0,,"Overexpressed (211 TPM, p99)"
MGP,2,D,1,,167.1,,0,,,,,0,,"Overexpressed (167 TPM, p98)"
MIB1,2,D,1,,212.3,,0,,,,,0,,"Overexpressed (212 TPM, p99)"
MIER3,2,D,1,,179.4,,0,,,,,0,,"Overexpressed (179 TPM, p99)"
MINDY2,2,D,1,,172.1,,0,,,,,0,,"Overexpressed (172 TPM, p99)"
MIS18BP1,2,D,1,,307.1,,0,,,,,0,,"Overexpressed (307 TPM, p99)"
MKI67,2,D,1,,438.3,,0,,,,,0,,"Overexpressed (438 TPM, p100)"
MKRN1,2,D,1,,161.2,,0,,,,,0,,"Overexpressed (161 TPM, p98)"
MLH3,2,D,1,,213.7,,0,,,,,0,,"Overexpressed (214 TPM, p99)"
MMP13,2,D,1,,159.6,,0,,,,,0,,"Overexpressed (160 TPM, p98)"
MMP2,2,D,1,,544.5,,0,,,,,0,,"Overexpressed (544 TPM, p100)"
MMP9,2,D,1,,798.1,,0,,,,,0,,"Overexpressed (798 TPM, p100)"
MOB1A,2,D,1,,246.0,,0,,,,,0,,"Overexpressed (246 TPM, p99)"
MOCS2,2,D,1,,161.3,,0,,,,,0,,"Overexpressed (161 TPM, p98)"
MON2,2,D,1,,231.9,,0,,,,,0,,"Overexpressed (232 TPM, p99)"
MORF4L1,2,D,1,,232.4,,0,,,,,0,,"Overexpressed (232 TPM, p99)"
MORF4L2,2,D,1,,189.8,,0,,,,,0,,"Overexpressed (190 TPM, p99)"
MRFAP1,2,D,1,,616.6,,0,,,,,0,,"Overexpressed (617 TPM, p100)"
MRFAP1L1,2,D,1,,301.1,,0,,,,,0,,"Overexpressed (301 TPM, p99)"
MRPL18,2,D,1,,206.1,,0,,,,,0,,"Overexpressed (206 TPM, p99)"
MRPL3,2,D,1,,265.4,,0,,,,,0,,"Overexpressed (265 TPM, p99)"
MRPL51,2,D,1,,301.9,,0,,,,,0,,"Overexpressed (302 TPM, p99)"
MRPS14,2,D,1,,206.3,,0,,,,,0,,"Overexpressed (206 TPM, p99)"
MT-RNR1,2,D,1,,163.8,,0,,,,,0,,"Overexpressed (164 TPM, p98)"
MT-RNR2,2,D,1,,230.5,,0,,,,,0,,"Overexpressed (231 TPM, p99)"
MT2A,2,D,1,,451.1,,0,,,,,0,,"Overexpressed (451 TPM, p100)"
MTIF2,2,D,1,,236.4,,0,,,,,0,,"Overexpressed (236 TPM, p99)"
MTMR10,2,D,1,,205.5,,0,,,,,0,,"Overexpressed (206 TPM, p99)"
MTREX,2,D,1,,229.5,,0,,,,,0,,"Overexpressed (229 TPM, p99)"
MXRA5,2,D,1,,311.7,,0,,,,,0,,"Overexpressed (312 TPM, p99)"
MYL12A,2,D,1,,531.6,,0,,,,,0,,"Overexpressed (532 TPM, p100)"
MYL12B,2,D,1,,324.3,,0,,,,,0,,"Overexpressed (324 TPM, p99)"
MYL6,2,D,1,,498.2,,0,,,,,0,,"Overexpressed (498 TPM, p100)"
MYL9,2,D,1,,310.3,,0,,,,,0,,"Overexpressed (310 TPM, p99)"
MYO16,2,D,1,YES,11.3,,0,,,,,0,,Mutated (MODERATE) | Expressed (11 TPM)
MYO1D,2,D,1,,257.2,,0,,,,,0,,"Overexpressed (257 TPM, p99)"
MYO6,2,D,1,,271.5,,0,,,,,0,,"Overexpressed (272 TPM, p99)"
NAA50,2,D,1,,214.5,,0,,,,,0,,"Overexpressed (214 TPM, p99)"
NAP1L1,2,D,1,,356.5,,0,,,,,0,,"Overexpressed (357 TPM, p100)"
NARS1,2,D,1,,333.2,,0,,,,,0,,"Overexpressed (333 TPM, p99)"
NAV2,2,D,1,YES,36.9,,0,,,,,0,,Mutated (MODERATE) | Expressed (37 TPM)
NAV3,2,D,1,,164.3,,0,,,,,0,,"Overexpressed (164 TPM, p98)"
NBR1,2,D,1,,158.5,,0,,,,,0,,"Overexpressed (159 TPM, p98)"
NCBP1,2,D,1,,175.3,,0,,,,,0,,"Overexpressed (175 TPM, p99)"
NCBP2,2,D,1,,178.7,,0,,,,,0,,"Overexpressed (179 TPM, p99)"
NCK2,2,D,1,,221.5,,0,,,,,0,,"Overexpressed (222 TPM, p99)"
NCL,2,D,1,,639.0,,0,,,,,0,,"Overexpressed (639 TPM, p100)"
NCOA3,2,D,1,,265.8,,0,,,,,0,,"Overexpressed (266 TPM, p99)"
NCOA4,2,D,1,,358.0,,0,,,,,0,,"Overexpressed (358 TPM, p100)"
NCOR1,2,D,1,,180.6,,0,,,,,0,,"Overexpressed (181 TPM, p99)"
NDST4,2,D,1,YES,13.3,,0,,,,,0,,Mutated (MODERATE) | Expressed (13 TPM)
NDUFA6,2,D,1,,168.2,,0,,,,,0,,"Overexpressed (168 TPM, p98)"
NDUFB7,2,D,1,,171.8,,0,,,,,0,,"Overexpressed (172 TPM, p99)"
NDUFS4,2,D,1,,185.7,,0,,,,,0,,"Overexpressed (186 TPM, p99)"
NDUFS5,2,D,1,,462.4,,0,,,,,0,,"Overexpressed (462 TPM, p100)"
NDUFS6,2,D,1,,221.0,,0,,,,,0,,"Overexpressed (221 TPM, p99)"
NEK7,2,D,1,,183.4,,0,,,,,0,,"Overexpressed (183 TPM, p99)"
NEMF,2,D,1,,162.1,,0,,,,,0,,"Overexpressed (162 TPM, p98)"
NFAT5,2,D,1,,202.8,,0,,,,,0,,"Overexpressed (203 TPM, p99)"
NFIB,2,D,1,,253.7,,0,,,,,0,,"Overexpressed (254 TPM, p99)"
NFIC,2,D,1,,189.1,,0,,,,,0,,"Overexpressed (189 TPM, p99)"
NFIL3,2,D,1,,249.6,,0,,,,,0,,"Overexpressed (250 TPM, p99)"
NFKBIA,2,D,1,,210.2,,0,,,,,0,,"Overexpressed (210 TPM, p99)"
NHSL1,2,D,1,,160.1,,0,,,,,0,,"Overexpressed (160 TPM, p98)"
NID1,2,D,1,,357.0,,0,,,,,0,,"Overexpressed (357 TPM, p100)"
NIPBL,2,D,1,,515.0,,0,,,,,0,,"Overexpressed (515 TPM, p100)"
NLRP4,2,D,1,YES,0.3,,0,,,,,0,,Mutated (MODERATE)
NMD3,2,D,1,,186.4,,0,,,,,0,,"Overexpressed (186 TPM, p99)"
NOP14,2,D,1,,232.6,,0,,,,,0,,"Overexpressed (233 TPM, p99)"
NPC2,2,D,1,,214.3,,0,,,,,0,,"Overexpressed (214 TPM, p99)"
NR1D2,2,D,1,,326.0,,0,,,,,0,,"Overexpressed (326 TPM, p99)"
NR3C1,2,D,1,,288.1,,0,,,,,0,,"Overexpressed (288 TPM, p99)"
NRIP1,2,D,1,,218.9,,0,,,,,0,,"Overexpressed (219 TPM, p99)"
NSA2,2,D,1,,216.9,,0,,,,,0,,"Overexpressed (217 TPM, p99)"
NUB1,2,D,1,,176.5,,0,,,,,0,,"Overexpressed (177 TPM, p99)"
NUCKS1,2,D,1,,1265.8,,0,,,,,0,,"Overexpressed (1266 TPM, p100)"
NUFIP2,2,D,1,,496.8,,0,,,,,0,,"Overexpressed (497 TPM, p100)"
NUP153,2,D,1,,244.6,,0,,,,,0,,"Overexpressed (245 TPM, p99)"
OGA,2,D,1,,646.3,,0,,,,,0,,"Overexpressed (646 TPM, p100)"
OGN,2,D,1,,190.8,,0,,,,,0,,"Overexpressed (191 TPM, p99)"
OMD,2,D,1,,1483.9,,0,,,,,0,,"Overexpressed (1484 TPM, p100)"
OSBPL9,2,D,1,,161.8,,0,,,,,0,,"Overexpressed (162 TPM, p98)"
OSTF1,2,D,1,,219.9,,0,,,,,0,,"Overexpressed (220 TPM, p99)"
OTUD7B,2,D,1,,214.1,,0,,,,,0,,"Overexpressed (214 TPM, p99)"
OXCT1,2,D,1,,442.5,,0,,,,,0,,"Overexpressed (443 TPM, p100)"
PABPC1,2,D,1,,804.9,,0,,,,,0,,"Overexpressed (805 TPM, p100)"
PAGE2,2,D,1,,1238.7,,0,,,,,0,,"Overexpressed (1239 TPM, p100)"
PAGE2B,2,D,1,,824.0,,0,,,,,0,,"Overexpressed (824 TPM, p100)"
PAGE5,2,D,1,,2010.2,,0,,,,,0,,"Overexpressed (2010 TPM, p100)"
PAN3,2,D,1,,212.9,,0,,,,,0,,"Overexpressed (213 TPM, p99)"
PARK7,2,D,1,,189.5,,0,,,,,0,,"Overexpressed (189 TPM, p99)"
PATJ,2,D,1,,222.8,,0,,,,,0,,"Overexpressed (223 TPM, p99)"
PBRM1,2,D,1,,169.4,,0,,,,,0,,"Overexpressed (169 TPM, p98)"
PCM1,2,D,1,,193.9,,0,,,,,0,,"Overexpressed (194 TPM, p99)"
PCOLCE,2,D,1,,347.7,,0,,,,,0,,"Overexpressed (348 TPM, p100)"
PDCD4,2,D,1,,241.6,,0,,,,,0,,"Overexpressed (242 TPM, p99)"
PDGFD,2,D,1,,324.0,,0,,,,,0,,"Overexpressed (324 TPM, p99)"
PDK4,2,D,1,,888.6,,0,,,,,0,,"Overexpressed (889 TPM, p100)"
PDS5A,2,D,1,,266.9,,0,,,,,0,,"Overexpressed (267 TPM, p99)"
PEAK1,2,D,1,,163.4,,0,,,,,0,,"Overexpressed (163 TPM, p98)"
PFDN2,2,D,1,,194.3,,0,,,,,0,,"Overexpressed (194 TPM, p99)"
PFN1,2,D,1,,418.9,,0,,,,,0,,"Overexpressed (419 TPM, p100)"
PGK1,2,D,1,,348.2,,0,,,,,0,,"Overexpressed (348 TPM, p100)"
PHF3,2,D,1,,189.8,,0,,,,,0,,"Overexpressed (190 TPM, p99)"
PHLDA1,2,D,1,,171.7,,0,,,,,0,,"Overexpressed (172 TPM, p99)"
PICALM,2,D,1,,775.2,,0,,,,,0,,"Overexpressed (775 TPM, p100)"
PIK3C2A,2,D,1,,241.3,,0,,,,,0,,"Overexpressed (241 TPM, p99)"
PIK3R1,2,D,1,,286.6,,0,,,,,0,,"Overexpressed (287 TPM, p99)"
PIKFYVE,2,D,1,,176.1,,0,,,,,0,,"Overexpressed (176 TPM, p99)"
PITPNB,2,D,1,,207.6,,0,,,,,0,,"Overexpressed (208 TPM, p99)"
PJA2,2,D,1,,989.5,,0,,,,,0,,"Overexpressed (989 TPM, p100)"
PLEC,2,D,1,,346.3,,0,,,,,0,,"Overexpressed (346 TPM, p100)"
PLEKHF2,2,D,1,,178.8,,0,,,,,0,,"Overexpressed (179 TPM, p99)"
PLK2,2,D,1,,168.6,,0,,,,,0,,"Overexpressed (169 TPM, p98)"
PNN,2,D,1,,241.3,,0,,,,,0,,"Overexpressed (241 TPM, p99)"
PNRC1,2,D,1,,669.7,,0,,,,,0,,"Overexpressed (670 TPM, p100)"
POLR2A,2,D,1,,236.8,,0,,,,,0,,"Overexpressed (237 TPM, p99)"
POLR2B,2,D,1,,280.1,,0,,,,,0,,"Overexpressed (280 TPM, p99)"
POSTN,2,D,1,,227.4,,0,,,,,0,,"Overexpressed (227 TPM, p99)"
POTEF,2,D,1,,163.6,,0,,,,,0,,"Overexpressed (164 TPM, p98)"
PPIA,2,D,1,,596.7,,0,,,,,0,,"Overexpressed (597 TPM, p100)"
PPIAP22,2,D,1,,508.6,,0,,,,,0,,"Overexpressed (509 TPM, p100)"
PPIB,2,D,1,,221.8,,0,,,,,0,,"Overexpressed (222 TPM, p99)"
PPIL4,2,D,1,,341.4,,0,,,,,0,,"Overexpressed (341 TPM, p99)"
PPM1G,2,D,1,,203.7,,0,,,,,0,,"Overexpressed (204 TPM, p99)"
PPP1CB,2,D,1,,1216.6,,0,,,,,0,,"Overexpressed (1217 TPM, p100)"
PPP1CC,2,D,1,,169.6,,0,,,,,0,,"Overexpressed (170 TPM, p98)"
PPP3CA,2,D,1,,354.9,,0,,,,,0,,"Overexpressed (355 TPM, p100)"
PPP4R3A,2,D,1,,166.2,,0,,,,,0,,"Overexpressed (166 TPM, p98)"
PPP4R3B,2,D,1,,196.5,,0,,,,,0,,"Overexpressed (197 TPM, p99)"
PPWD1,2,D,1,,190.4,,0,,,,,0,,"Overexpressed (190 TPM, p99)"
PRDM5,2,D,1,,168.9,,0,,,,,0,,"Overexpressed (169 TPM, p98)"
PRDM9,2,D,1,YES,0.2,,0,,,,,0,,Mutated (MODERATE)
PRICKLE2,2,D,1,YES,4.6,,0,,,,,0,,Mutated (MODERATE) | Expressed (5 TPM)
PRKAA1,2,D,1,,174.2,,0,,,,,0,,"Overexpressed (174 TPM, p99)"
PRKAR1A,2,D,1,,178.5,,0,,,,,0,,"Overexpressed (178 TPM, p99)"
PRKDC,2,D,1,,160.3,,0,,,,,0,,"Overexpressed (160 TPM, p98)"
PRP4K,2,D,1,,221.1,,0,,,,,0,,"Overexpressed (221 TPM, p99)"
PRPF6,2,D,1,,181.1,,0,,,,,0,,"Overexpressed (181 TPM, p99)"
PRPF8,2,D,1,,176.2,,0,,,,,0,,"Overexpressed (176 TPM, p99)"
PRR14L,2,D,1,,157.8,,0,,,,,0,,"Overexpressed (158 TPM, p98)"
PRRC2C,2,D,1,,448.1,,0,,,,,0,,"Overexpressed (448 TPM, p100)"
PRRX1,2,D,1,,357.5,,0,,,,,0,,"Overexpressed (358 TPM, p100)"
PSIP1,2,D,1,,212.9,,0,,,,,0,,"Overexpressed (213 TPM, p99)"
PSMA3,2,D,1,,171.4,,0,,,,,0,,"Overexpressed (171 TPM, p98)"
PSMA7,2,D,1,,184.0,,0,,,,,0,,"Overexpressed (184 TPM, p99)"
PSMB1,2,D,1,,197.1,,0,,,,,0,,"Overexpressed (197 TPM, p99)"
PSMB4,2,D,1,,215.4,,0,,,,,0,,"Overexpressed (215 TPM, p99)"
PSMB7,2,D,1,,248.9,,0,,,,,0,,"Overexpressed (249 TPM, p99)"
PSMD12,2,D,1,,176.7,,0,,,,,0,,"Overexpressed (177 TPM, p99)"
PSME4,2,D,1,,190.7,,0,,,,,0,,"Overexpressed (191 TPM, p99)"
PTBP3,2,D,1,,378.9,,0,,,,,0,,"Overexpressed (379 TPM, p100)"
PTN,2,D,1,,195.1,,0,,,,,0,,"Overexpressed (195 TPM, p99)"
PUM2,2,D,1,,533.9,,0,,,,,0,,"Overexpressed (534 TPM, p100)"
PUM3,2,D,1,,165.7,,0,,,,,0,,"Overexpressed (166 TPM, p98)"
QKI,2,D,1,,216.0,,0,,,,,0,,"Overexpressed (216 TPM, p99)"
QSER1,2,D,1,,162.8,,0,,,,,0,,"Overexpressed (163 TPM, p98)"
RAB10,2,D,1,,273.7,,0,,,,,0,,"Overexpressed (274 TPM, p99)"
RAB14,2,D,1,,316.2,,0,,,,,0,,"Overexpressed (316 TPM, p99)"
RAB1A,2,D,1,,377.8,,0,,,,,0,,"Overexpressed (378 TPM, p100)"
RAB2A,2,D,1,,256.8,,0,,,,,0,,"Overexpressed (257 TPM, p99)"
RAB31,2,D,1,,578.9,,0,,,,,0,,"Overexpressed (579 TPM, p100)"
RAB5A,2,D,1,,228.5,,0,,,,,0,,"Overexpressed (228 TPM, p99)"
RAB5B,2,D,1,,166.4,,0,,,,,0,,"Overexpressed (166 TPM, p98)"
RACK1,2,D,1,,568.5,,0,,,,,0,,"Overexpressed (569 TPM, p100)"
RAD21,2,D,1,,205.6,,0,,,,,0,,"Overexpressed (206 TPM, p99)"
RAD23B,2,D,1,,611.5,,0,,,,,0,,"Overexpressed (611 TPM, p100)"
RAI14,2,D,1,,159.8,,0,,,,,0,,"Overexpressed (160 TPM, p98)"
RAN,2,D,1,,218.6,,0,,,,,0,,"Overexpressed (219 TPM, p99)"
RANBP2,2,D,1,,190.3,,0,,,,,0,,"Overexpressed (190 TPM, p99)"
RANBP3L,2,D,1,,201.5,,0,,,,,0,,"Overexpressed (202 TPM, p99)"
RANBP9,2,D,1,,438.7,,0,,,,,0,,"Overexpressed (439 TPM, p100)"
RAP2A,2,D,1,,180.6,,0,,,,,0,,"Overexpressed (181 TPM, p99)"
RAPGEF1,2,D,1,,166.3,,0,,,,,0,,"Overexpressed (166 TPM, p98)"
RARS1,2,D,1,,285.6,,0,,,,,0,,"Overexpressed (286 TPM, p99)"
RASA1,2,D,1,,250.4,,0,,,,,0,,"Overexpressed (250 TPM, p99)"
RASSF8,2,D,1,,212.0,,0,,,,,0,,"Overexpressed (212 TPM, p99)"
RB1CC1,2,D,1,,225.6,,0,,,,,0,,"Overexpressed (226 TPM, p99)"
RBM12,2,D,1,,168.1,,0,,,,,0,,"Overexpressed (168 TPM, p98)"
RBM25,2,D,1,,199.2,,0,,,,,0,,"Overexpressed (199 TPM, p99)"
RBM3,2,D,1,,375.4,,0,,,,,0,,"Overexpressed (375 TPM, p100)"
RBM33,2,D,1,,161.9,,0,,,,,0,,"Overexpressed (162 TPM, p98)"
RBM39,2,D,1,,206.2,,0,,,,,0,,"Overexpressed (206 TPM, p99)"
RBM6,2,D,1,,250.8,,0,,,,,0,,"Overexpressed (251 TPM, p99)"
RC3H2,2,D,1,,179.2,,0,,,,,0,,"Overexpressed (179 TPM, p99)"
RECQL4,2,D,1,,8.1,,0,,,,"oncogene, TSG",0,YES,"Expressed (8 TPM) | COSMIC (oncogene, TSG) | Known Osteosarcoma driver"
RESF1,2,D,1,,180.7,,0,,,,,0,,"Overexpressed (181 TPM, p99)"
REV3L,2,D,1,,159.3,,0,,,,,0,,"Overexpressed (159 TPM, p98)"
RFC1,2,D,1,,189.0,,0,,,,,0,,"Overexpressed (189 TPM, p99)"
RGCC,2,D,1,,221.7,,0,,,,,0,,"Overexpressed (222 TPM, p99)"
RGL1,2,D,1,,322.1,,0,,,,,0,,"Overexpressed (322 TPM, p99)"
RGS1,2,D,1,,165.4,,0,,,,,0,,"Overexpressed (165 TPM, p98)"
RGS10,2,D,1,,208.2,,0,,,,,0,,"Overexpressed (208 TPM, p99)"
RGS2,2,D,1,,347.6,,0,,,,,0,,"Overexpressed (348 TPM, p100)"
RGS5,2,D,1,,625.6,,0,,,,,0,,"Overexpressed (626 TPM, p100)"
RHEB,2,D,1,,182.6,,0,,,,,0,,"Overexpressed (183 TPM, p99)"
RHOB,2,D,1,,1037.5,,0,,,,,0,,"Overexpressed (1038 TPM, p100)"
RHOBTB1,2,D,1,,256.1,,0,,,,,0,,"Overexpressed (256 TPM, p99)"
RHOBTB3,2,D,1,,544.1,,0,,,,,0,,"Overexpressed (544 TPM, p100)"
RIMKLB,2,D,1,,185.3,,0,,,,,0,,"Overexpressed (185 TPM, p99)"
RIMOC1,2,D,1,,239.7,,0,,,,,0,,"Overexpressed (240 TPM, p99)"
RING1,2,D,1,,184.6,,0,,,,,0,,"Overexpressed (185 TPM, p99)"
RIOK1,2,D,1,,168.9,,0,,,,,0,,"Overexpressed (169 TPM, p98)"
RIT1,2,D,1,,358.5,,0,,,,,0,,"Overexpressed (358 TPM, p100)"
RMND5A,2,D,1,,176.5,,0,,,,,0,,"Overexpressed (176 TPM, p99)"
RN7SL1,2,D,1,,1803.4,,0,,,,,0,,"Overexpressed (1803 TPM, p100)"
RNASE1,2,D,1,,1005.5,,0,,,,,0,,"Overexpressed (1006 TPM, p100)"
RNF11,2,D,1,,166.9,,0,,,,,0,,"Overexpressed (167 TPM, p98)"
RNF157,2,D,1,YES,5.8,,0,,,,,0,,Mutated (MODERATE) | Expressed (6 TPM)
RNF2,2,D,1,,166.4,,0,,,,,0,,"Overexpressed (166 TPM, p98)"
RO60,2,D,1,,188.2,,0,,,,,0,,"Overexpressed (188 TPM, p99)"
ROCK2,2,D,1,,187.4,,0,,,,,0,,"Overexpressed (187 TPM, p99)"
RP1L1,2,D,1,YES,1.2,,0,,,,,0,,Mutated (MODERATE) | Expressed (1 TPM)
RPL10,2,D,1,,206.9,,0,,,,,0,,"Overexpressed (207 TPM, p99)"
RPL10A,2,D,1,,890.6,,0,,,,,0,,"Overexpressed (891 TPM, p100)"
RPL11,2,D,1,,1804.7,,0,,,,,0,,"Overexpressed (1805 TPM, p100)"
RPL12,2,D,1,,331.9,,0,,,,,0,,"Overexpressed (332 TPM, p99)"
RPL15,2,D,1,,339.1,,0,,,,,0,,"Overexpressed (339 TPM, p99)"
RPL21,2,D,1,,328.6,,0,,,,,0,,"Overexpressed (329 TPM, p99)"
RPL22L1,2,D,1,,210.8,,0,,,,,0,,"Overexpressed (211 TPM, p99)"
RPL23,2,D,1,,530.4,,0,,,,,0,,"Overexpressed (530 TPM, p100)"
RPL24,2,D,1,,333.0,,0,,,,,0,,"Overexpressed (333 TPM, p99)"
RPL27,2,D,1,,252.5,,0,,,,,0,,"Overexpressed (252 TPM, p99)"
RPL27A,2,D,1,,310.2,,0,,,,,0,,"Overexpressed (310 TPM, p99)"
RPL29,2,D,1,,592.6,,0,,,,,0,,"Overexpressed (593 TPM, p100)"
RPL3,2,D,1,,504.5,,0,,,,,0,,"Overexpressed (505 TPM, p100)"
RPL30,2,D,1,,260.4,,0,,,,,0,,"Overexpressed (260 TPM, p99)"
RPL32,2,D,1,,723.9,,0,,,,,0,,"Overexpressed (724 TPM, p100)"
RPL35,2,D,1,,489.7,,0,,,,,0,,"Overexpressed (490 TPM, p100)"
RPL35A,2,D,1,,185.0,,0,,,,,0,,"Overexpressed (185 TPM, p99)"
RPL36,2,D,1,,266.7,,0,,,,,0,,"Overexpressed (267 TPM, p99)"
RPL37,2,D,1,,269.3,,0,,,,,0,,"Overexpressed (269 TPM, p99)"
RPL38,2,D,1,,188.7,,0,,,,,0,,"Overexpressed (189 TPM, p99)"
RPL4,2,D,1,,691.3,,0,,,,,0,,"Overexpressed (691 TPM, p100)"
RPL41,2,D,1,,205.2,,0,,,,,0,,"Overexpressed (205 TPM, p99)"
RPL5,2,D,1,,584.9,,0,,,,,0,,"Overexpressed (585 TPM, p100)"
RPL6,2,D,1,,248.5,,0,,,,,0,,"Overexpressed (248 TPM, p99)"
RPL7,2,D,1,,739.7,,0,,,,,0,,"Overexpressed (740 TPM, p100)"
RPL7A,2,D,1,,511.6,,0,,,,,0,,"Overexpressed (512 TPM, p100)"
RPL8,2,D,1,,1930.3,,0,,,,,0,,"Overexpressed (1930 TPM, p100)"
RPLP0,2,D,1,,378.7,,0,,,,,0,,"Overexpressed (379 TPM, p100)"
RPS11,2,D,1,,1260.3,,0,,,,,0,,"Overexpressed (1260 TPM, p100)"
RPS12,2,D,1,,340.5,,0,,,,,0,,"Overexpressed (340 TPM, p99)"
RPS15,2,D,1,,356.2,,0,,,,,0,,"Overexpressed (356 TPM, p100)"
RPS16,2,D,1,,358.2,,0,,,,,0,,"Overexpressed (358 TPM, p100)"
RPS18,2,D,1,,246.0,,0,,,,,0,,"Overexpressed (246 TPM, p99)"
RPS2,2,D,1,,347.5,,0,,,,,0,,"Overexpressed (347 TPM, p100)"
RPS20,2,D,1,,159.7,,0,,,,,0,,"Overexpressed (160 TPM, p98)"
RPS21,2,D,1,,435.1,,0,,,,,0,,"Overexpressed (435 TPM, p100)"
RPS23,2,D,1,,350.8,,0,,,,,0,,"Overexpressed (351 TPM, p100)"
RPS24,2,D,1,,567.8,,0,,,,,0,,"Overexpressed (568 TPM, p100)"
RPS25,2,D,1,,1649.5,,0,,,,,0,,"Overexpressed (1650 TPM, p100)"
RPS27,2,D,1,,215.8,,0,,,,,0,,"Overexpressed (216 TPM, p99)"
RPS27A,2,D,1,,254.5,,0,,,,,0,,"Overexpressed (255 TPM, p99)"
RPS3,2,D,1,,293.1,,0,,,,,0,,"Overexpressed (293 TPM, p99)"
RPS3A,2,D,1,,357.5,,0,,,,,0,,"Overexpressed (357 TPM, p100)"
RPS4X,2,D,1,,1285.7,,0,,,,,0,,"Overexpressed (1286 TPM, p100)"
RPS4Y1,2,D,1,,587.8,,0,,,,,0,,"Overexpressed (588 TPM, p100)"
RPS6,2,D,1,,1468.7,,0,,,,,0,,"Overexpressed (1469 TPM, p100)"
RPS7,2,D,1,,158.6,,0,,,,,0,,"Overexpressed (159 TPM, p98)"
RPS8,2,D,1,,282.1,,0,,,,,0,,"Overexpressed (282 TPM, p99)"
RRAGB,2,D,1,,170.7,,0,,,,,0,,"Overexpressed (171 TPM, p98)"
RSL1D1,2,D,1,,272.0,,0,,,,,0,,"Overexpressed (272 TPM, p99)"
RSRC2,2,D,1,,161.0,,0,,,,,0,,"Overexpressed (161 TPM, p98)"
S100A11,2,D,1,,512.1,,0,,,,,0,,"Overexpressed (512 TPM, p100)"
SAMD9,2,D,1,,274.1,,0,,,,,0,,"Overexpressed (274 TPM, p99)"
SAMD9L,2,D,1,,161.9,,0,,,,,0,,"Overexpressed (162 TPM, p98)"
SAR1A,2,D,1,,243.0,,0,,,,,0,,"Overexpressed (243 TPM, p99)"
SASH1,2,D,1,,285.4,,0,,,,,0,,"Overexpressed (285 TPM, p99)"
SAT1,2,D,1,,315.1,,0,,,,,0,,"Overexpressed (315 TPM, p99)"
SATB2,2,D,1,,327.4,,0,,,,,0,,"Overexpressed (327 TPM, p99)"
SBDS,2,D,1,,334.1,,0,,,,,0,,"Overexpressed (334 TPM, p99)"
SCAF8,2,D,1,,255.0,,0,,,,,0,,"Overexpressed (255 TPM, p99)"
SCUBE1,2,D,1,,252.6,,0,,,,,0,,"Overexpressed (253 TPM, p99)"
SEC14L1,2,D,1,,239.9,,0,,,,,0,,"Overexpressed (240 TPM, p99)"
SEC24B,2,D,1,,260.5,,0,,,,,0,,"Overexpressed (261 TPM, p99)"
SEC31A,2,D,1,,454.1,,0,,,,,0,,"Overexpressed (454 TPM, p100)"
SECISBP2L,2,D,1,,204.9,,0,,,,,0,,"Overexpressed (205 TPM, p99)"
SEMA3D,2,D,1,,159.3,,0,,,,,0,,"Overexpressed (159 TPM, p98)"
SEPTIN11,2,D,1,,1338.9,,0,,,,,0,,"Overexpressed (1339 TPM, p100)"
SERPINB1,2,D,1,,175.7,,0,,,,,0,,"Overexpressed (176 TPM, p99)"
SERPINB10,2,D,1,YES,0.2,,0,,,,,0,,Mutated (MODERATE)
SERPINE1,2,D,1,,184.2,,0,,,,,0,,"Overexpressed (184 TPM, p99)"
SESN3,2,D,1,,284.6,,0,,,,,0,,"Overexpressed (285 TPM, p99)"
SET,2,D,1,,165.0,,0,,,,,0,,"Overexpressed (165 TPM, p98)"
SETD2,2,D,1,,288.5,,0,,,,,0,,"Overexpressed (288 TPM, p99)"
SETX,2,D,1,,285.7,,0,,,,,0,,"Overexpressed (286 TPM, p99)"
SF1,2,D,1,,239.1,,0,,,,,0,,"Overexpressed (239 TPM, p99)"
SF3B6,2,D,1,,554.1,,0,,,,,0,,"Overexpressed (554 TPM, p100)"
SFPQ,2,D,1,,376.4,,0,,,,,0,,"Overexpressed (376 TPM, p100)"
SH3BGRL,2,D,1,,285.5,,0,,,,,0,,"Overexpressed (286 TPM, p99)"
SH3D19,2,D,1,,271.6,,0,,,,,0,,"Overexpressed (272 TPM, p99)"
SHC4,2,D,1,YES,2.9,,0,,,,,0,,Mutated (MODERATE) | Expressed (3 TPM)
SKIL,2,D,1,,480.9,,0,,,,,0,,"Overexpressed (481 TPM, p100)"
SLAIN2,2,D,1,,173.7,,0,,,,,0,,"Overexpressed (174 TPM, p99)"
SLBP,2,D,1,,168.0,,0,,,,,0,,"Overexpressed (168 TPM, p98)"
SLTM,2,D,1,,266.5,,0,,,,,0,,"Overexpressed (266 TPM, p99)"
SLU7,2,D,1,,189.4,,0,,,,,0,,"Overexpressed (189 TPM, p99)"
SMAD3,2,D,1,,251.3,,0,,,,,0,,"Overexpressed (251 TPM, p99)"
SMAP2,2,D,1,,202.6,,0,,,,,0,,"Overexpressed (203 TPM, p99)"
SMARCA5,2,D,1,,235.2,,0,,,,,0,,"Overexpressed (235 TPM, p99)"
SMARCC1,2,D,1,,219.1,,0,,,,,0,,"Overexpressed (219 TPM, p99)"
SMARCC2,2,D,1,,264.3,,0,,,,,0,,"Overexpressed (264 TPM, p99)"
SMC1A,2,D,1,,414.7,,0,,,,,0,,"Overexpressed (415 TPM, p100)"
SMIM15,2,D,1,,194.1,,0,,,,,0,,"Overexpressed (194 TPM, p99)"
SNAI2,2,D,1,,494.3,,0,,,,,0,,"Overexpressed (494 TPM, p100)"
SND1,2,D,1,,253.7,,0,,,,,0,,"Overexpressed (254 TPM, p99)"
SNHG32,2,D,1,,378.6,,0,,,,,0,,"Overexpressed (379 TPM, p100)"
SNRNP200,2,D,1,,314.2,,0,,,,,0,,"Overexpressed (314 TPM, p99)"
SNRPC,2,D,1,,224.4,,0,,,,,0,,"Overexpressed (224 TPM, p99)"
SNW1,2,D,1,,439.4,,0,,,,,0,,"Overexpressed (439 TPM, p100)"
SNX18,2,D,1,,160.3,,0,,,,,0,,"Overexpressed (160 TPM, p98)"
SNX3,2,D,1,,777.8,,0,,,,,0,,"Overexpressed (778 TPM, p100)"
SNX4,2,D,1,,168.0,,0,,,,,0,,"Overexpressed (168 TPM, p98)"
SNX6,2,D,1,,169.7,,0,,,,,0,,"Overexpressed (170 TPM, p98)"
SNX7,2,D,1,,189.7,,0,,,,,0,,"Overexpressed (190 TPM, p99)"
SOD1,2,D,1,,266.8,,0,,,,,0,,"Overexpressed (267 TPM, p99)"
SON,2,D,1,,246.3,,0,,,,,0,,"Overexpressed (246 TPM, p99)"
SOX4,2,D,1,,420.2,,0,,,,,0,,"Overexpressed (420 TPM, p100)"
SP1,2,D,1,,257.9,,0,,,,,0,,"Overexpressed (258 TPM, p99)"
SP7,2,D,1,,458.0,,0,,,,,0,,"Overexpressed (458 TPM, p100)"
SPARC,2,D,1,,6859.3,,0,,,,,0,,"Overexpressed (6859 TPM, p100)"
SPARCL1,2,D,1,,822.6,,0,,,,,0,,"Overexpressed (823 TPM, p100)"
SPATA31F1,2,D,1,YES,1.0,,0,,,,,0,,Mutated (MODERATE)
SPEN,2,D,1,,221.6,,0,,,,,0,,"Overexpressed (222 TPM, p99)"
SPIN1,2,D,1,,288.3,,0,,,,,0,,"Overexpressed (288 TPM, p99)"
SPP1,2,D,1,,544.2,,0,,,,,0,,"Overexpressed (544 TPM, p100)"
SPTBN1,2,D,1,,206.4,,0,,,,,0,,"Overexpressed (206 TPM, p99)"
SRBD1,2,D,1,,171.4,,0,,,,,0,,"Overexpressed (171 TPM, p98)"
SRGN,2,D,1,,221.7,,0,,,,,0,,"Overexpressed (222 TPM, p99)"
SRP14,2,D,1,,183.5,,0,,,,,0,,"Overexpressed (183 TPM, p99)"
SRP72,2,D,1,,235.9,,0,,,,,0,,"Overexpressed (236 TPM, p99)"
SRPK2,2,D,1,,163.1,,0,,,,,0,,"Overexpressed (163 TPM, p98)"
SRPRA,2,D,1,,274.7,,0,,,,,0,,"Overexpressed (275 TPM, p99)"
SRRM2,2,D,1,,509.6,,0,,,,,0,,"Overexpressed (510 TPM, p100)"
SRSF3,2,D,1,,191.5,,0,,,,,0,,"Overexpressed (191 TPM, p99)"
SRSF5,2,D,1,,561.2,,0,,,,,0,,"Overexpressed (561 TPM, p100)"
SRSF6,2,D,1,,280.4,,0,,,,,0,,"Overexpressed (280 TPM, p99)"
SS18,2,D,1,,306.1,,0,,,,,0,,"Overexpressed (306 TPM, p99)"
SSX1,2,D,1,,162.1,,0,,,,,0,,"Overexpressed (162 TPM, p98)"
ST13,2,D,1,,160.6,,0,,,,,0,,"Overexpressed (161 TPM, p98)"
STAU1,2,D,1,,235.9,,0,,,,,0,,"Overexpressed (236 TPM, p99)"
STK38,2,D,1,,250.4,,0,,,,,0,,"Overexpressed (250 TPM, p99)"
STRAP,2,D,1,,574.2,,0,,,,,0,,"Overexpressed (574 TPM, p100)"
STYXL2,2,D,1,YES,3.1,,0,,,,,0,,Mutated (MODERATE) | Expressed (3 TPM)
SUPT16H,2,D,1,,179.5,,0,,,,,0,,"Overexpressed (179 TPM, p99)"
SUPT7L,2,D,1,,182.4,,0,,,,,0,,"Overexpressed (182 TPM, p99)"
SYDE2,2,D,1,,172.9,,0,,,,,0,,"Overexpressed (173 TPM, p99)"
SYF2,2,D,1,,300.4,,0,,,,,0,,"Overexpressed (300 TPM, p99)"
TAB2,2,D,1,,402.6,,0,,,,,0,,"Overexpressed (403 TPM, p100)"
TAF7,2,D,1,,425.6,,0,,,,,0,,"Overexpressed (426 TPM, p100)"
TAF9B,2,D,1,,263.8,,0,,,,,0,,"Overexpressed (264 TPM, p99)"
TAGLN2,2,D,1,,176.9,,0,,,,,0,,"Overexpressed (177 TPM, p99)"
TARS1,2,D,1,,269.2,,0,,,,,0,,"Overexpressed (269 TPM, p99)"
TASOR,2,D,1,,205.9,,0,,,,,0,,"Overexpressed (206 TPM, p99)"
TBC1D9,2,D,1,,168.7,,0,,,,,0,,"Overexpressed (169 TPM, p98)"
TBL1XR1,2,D,1,,160.8,,0,,,,,0,,"Overexpressed (161 TPM, p98)"
TCEAL8,2,D,1,,224.4,,0,,,,,0,,"Overexpressed (224 TPM, p99)"
TCF12,2,D,1,,201.4,,0,,,,,0,,"Overexpressed (201 TPM, p99)"
TCP1,2,D,1,,343.9,,0,,,,,0,,"Overexpressed (344 TPM, p100)"
TENT5A,2,D,1,,790.4,,0,,,,,0,,"Overexpressed (790 TPM, p100)"
TET2,2,D,1,,160.1,,0,,,,,0,,"Overexpressed (160 TPM, p98)"
TFCP2,2,D,1,,204.0,,0,,,,,0,,"Overexpressed (204 TPM, p99)"
TGFB2,2,D,1,,170.1,,0,,,,,0,,"Overexpressed (170 TPM, p98)"
TGFBI,2,D,1,,307.3,,0,,,,,0,,"Overexpressed (307 TPM, p99)"
THOC7,2,D,1,,209.4,,0,,,,,0,,"Overexpressed (209 TPM, p99)"
THRAP3,2,D,1,,179.4,,0,,,,,0,,"Overexpressed (179 TPM, p99)"
TIA1,2,D,1,,206.3,,0,,,,,0,,"Overexpressed (206 TPM, p99)"
TIAL1,2,D,1,,188.1,,0,,,,,0,,"Overexpressed (188 TPM, p99)"
TIMM9,2,D,1,,165.3,,0,,,,,0,,"Overexpressed (165 TPM, p98)"
TIMP1,2,D,1,,1067.6,,0,,,,,0,,"Overexpressed (1068 TPM, p100)"
TIMP2,2,D,1,,689.8,,0,,,,,0,,"Overexpressed (690 TPM, p100)"
TIMP3,2,D,1,,424.3,,0,,,,,0,,"Overexpressed (424 TPM, p100)"
TIPARP,2,D,1,,344.2,,0,,,,,0,,"Overexpressed (344 TPM, p100)"
TIPRL,2,D,1,,188.8,,0,,,,,0,,"Overexpressed (189 TPM, p99)"
TJP1,2,D,1,,578.5,,0,,,,,0,,"Overexpressed (579 TPM, p100)"
TMEM263,2,D,1,,218.0,,0,,,,,0,,"Overexpressed (218 TPM, p99)"
TMSB10,2,D,1,,5196.8,,0,,,,,0,,"Overexpressed (5197 TPM, p100)"
TNC,2,D,1,,1755.5,,0,,,,,0,,"Overexpressed (1756 TPM, p100)"
TNIK,2,D,1,,199.7,,0,,,,,0,,"Overexpressed (200 TPM, p99)"
TNKS,2,D,1,,160.3,,0,,,,,0,,"Overexpressed (160 TPM, p98)"
TNKS2,2,D,1,,229.4,,0,,,,,0,,"Overexpressed (229 TPM, p99)"
TNPO1,2,D,1,,174.6,,0,,,,,0,,"Overexpressed (175 TPM, p99)"
TNRC6B,2,D,1,,185.1,,0,,,,,0,,"Overexpressed (185 TPM, p99)"
TNS3,2,D,1,,207.3,,0,,,,,0,,"Overexpressed (207 TPM, p99)"
TOB1,2,D,1,,177.6,,0,,,,,0,,"Overexpressed (178 TPM, p99)"
TOP2A,2,D,1,,425.8,,0,,,,,0,,"Overexpressed (426 TPM, p100)"
TOP2B,2,D,1,,231.2,,0,,,,,0,,"Overexpressed (231 TPM, p99)"
TOPORS,2,D,1,,167.1,,0,,,,,0,,"Overexpressed (167 TPM, p98)"
TP53INP1,2,D,1,,380.5,,0,,,,,0,,"Overexpressed (381 TPM, p100)"
TPM2,2,D,1,,220.9,,0,,,,,0,,"Overexpressed (221 TPM, p99)"
TPR,2,D,1,,386.5,,0,,,,,0,,"Overexpressed (386 TPM, p100)"
TPX2,2,D,1,,163.8,,0,,,,,0,,"Overexpressed (164 TPM, p98)"
TRA2A,2,D,1,,256.9,,0,,,,,0,,"Overexpressed (257 TPM, p99)"
TRAK2,2,D,1,,194.0,,0,,,,,0,,"Overexpressed (194 TPM, p99)"
TRIM33,2,D,1,,184.7,,0,,,,,0,,"Overexpressed (185 TPM, p99)"
TRIP12,2,D,1,,197.4,,0,,,,,0,,"Overexpressed (197 TPM, p99)"
TRIR,2,D,1,,172.0,,0,,,,,0,,"Overexpressed (172 TPM, p99)"
TRPS1,2,D,1,,301.5,,0,,,,,0,,"Overexpressed (301 TPM, p99)"
TSC22D1,2,D,1,,198.5,,0,,,,,0,,"Overexpressed (199 TPM, p99)"
TSC22D3,2,D,1,,205.3,,0,,,,,0,,"Overexpressed (205 TPM, p99)"
TTLL6,2,D,1,YES,0.7,,0,,,,,0,,Mutated (MODERATE)
TUBB,2,D,1,,193.0,,0,,,,,0,,"Overexpressed (193 TPM, p99)"
TUBB4B,2,D,1,,200.9,,0,,,,,0,,"Overexpressed (201 TPM, p99)"
TUT7,2,D,1,,432.3,,0,,,,,0,,"Overexpressed (432 TPM, p100)"
TWIST1,2,D,1,,531.0,,0,,,,,0,,"Overexpressed (531 TPM, p100)"
TWSG1,2,D,1,,165.6,,0,,,,,0,,"Overexpressed (166 TPM, p98)"
U2SURP,2,D,1,,184.6,,0,,,,,0,,"Overexpressed (185 TPM, p99)"
UACA,2,D,1,,410.5,,0,,,,,0,,"Overexpressed (410 TPM, p100)"
UBAP2L,2,D,1,,348.9,,0,,,,,0,,"Overexpressed (349 TPM, p100)"
UBC,2,D,1,,1384.0,,0,,,,,0,,"Overexpressed (1384 TPM, p100)"
UBE2H,2,D,1,,264.2,,0,,,,,0,,"Overexpressed (264 TPM, p99)"
UBE2Q2,2,D,1,,179.8,,0,,,,,0,,"Overexpressed (180 TPM, p99)"
UBE2R2,2,D,1,,167.4,,0,,,,,0,,"Overexpressed (167 TPM, p98)"
UBE4A,2,D,1,,183.7,,0,,,,,0,,"Overexpressed (184 TPM, p99)"
UBQLN1,2,D,1,,230.8,,0,,,,,0,,"Overexpressed (231 TPM, p99)"
UBR5,2,D,1,,344.6,,0,,,,,0,,"Overexpressed (345 TPM, p100)"
UBXN2B,2,D,1,,181.5,,0,,,,,0,,"Overexpressed (181 TPM, p99)"
UFSP2,2,D,1,,179.6,,0,,,,,0,,"Overexpressed (180 TPM, p99)"
UHMK1,2,D,1,,212.0,,0,,,,,0,,"Overexpressed (212 TPM, p99)"
UPF2,2,D,1,,235.0,,0,,,,,0,,"Overexpressed (235 TPM, p99)"
UQCRH,2,D,1,,238.6,,0,,,,,0,,"Overexpressed (239 TPM, p99)"
USO1,2,D,1,,359.9,,0,,,,,0,,"Overexpressed (360 TPM, p100)"
USP32,2,D,1,,158.1,,0,,,,,0,,"Overexpressed (158 TPM, p98)"
USP34,2,D,1,,215.6,,0,,,,,0,,"Overexpressed (216 TPM, p99)"
USP7,2,D,1,,171.9,,0,,,,,0,,"Overexpressed (172 TPM, p99)"
USP9X,2,D,1,,205.9,,0,,,,,0,,"Overexpressed (206 TPM, p99)"
UTY,2,D,1,,175.5,,0,,,,,0,,"Overexpressed (176 TPM, p99)"
VEGFC,2,D,1,,179.9,,0,,,,,0,,"Overexpressed (180 TPM, p99)"
VEZF1,2,D,1,,198.8,,0,,,,,0,,"Overexpressed (199 TPM, p99)"
VIM,2,D,1,,1169.0,,0,,,,,0,,"Overexpressed (1169 TPM, p100)"
VPS13C,2,D,1,,211.6,,0,,,,,0,,"Overexpressed (212 TPM, p99)"
VPS4B,2,D,1,,196.2,,0,,,,,0,,"Overexpressed (196 TPM, p99)"
VPS54,2,D,1,,169.2,,0,,,,,0,,"Overexpressed (169 TPM, p98)"
WAPL,2,D,1,,272.0,,0,,,,,0,,"Overexpressed (272 TPM, p99)"
WASHC4,2,D,1,,173.0,,0,,,,,0,,"Overexpressed (173 TPM, p99)"
WASL,2,D,1,,316.3,,0,,,,,0,,"Overexpressed (316 TPM, p99)"
WDFY1,2,D,1,,166.7,,0,,,,,0,,"Overexpressed (167 TPM, p98)"
WDR26,2,D,1,,166.6,,0,,,,,0,,"Overexpressed (167 TPM, p98)"
WDR43,2,D,1,,351.8,,0,,,,,0,,"Overexpressed (352 TPM, p100)"
WDR45B,2,D,1,,158.6,,0,,,,,0,,"Overexpressed (159 TPM, p98)"
WNK1,2,D,1,,212.8,,0,,,,,0,,"Overexpressed (213 TPM, p99)"
WSB1,2,D,1,,544.6,,0,,,,,0,,"Overexpressed (545 TPM, p100)"
WWC1,2,D,1,YES,27.6,,0,,,,,0,,Mutated (MODERATE) | Expressed (28 TPM)
XPA,2,D,1,,195.0,,0,,,,,0,,"Overexpressed (195 TPM, p99)"
XPOT,2,D,1,,437.5,,0,,,,,0,,"Overexpressed (438 TPM, p100)"
XRCC5,2,D,1,,274.0,,0,,,,,0,,"Overexpressed (274 TPM, p99)"
XRCC6,2,D,1,,295.1,,0,,,,,0,,"Overexpressed (295 TPM, p99)"
XRN2,2,D,1,,529.4,,0,,,,,0,,"Overexpressed (529 TPM, p100)"
YPEL5,2,D,1,,260.6,,0,,,,,0,,"Overexpressed (261 TPM, p99)"
YTHDF3,2,D,1,,255.2,,0,,,,,0,,"Overexpressed (255 TPM, p99)"
YWHAE,2,D,1,,299.7,,0,,,,,0,,"Overexpressed (300 TPM, p99)"
YWHAG,2,D,1,,392.4,,0,,,,,0,,"Overexpressed (392 TPM, p100)"
YWHAH,2,D,1,,192.0,,0,,,,,0,,"Overexpressed (192 TPM, p99)"
YWHAQ,2,D,1,,459.9,,0,,,,,0,,"Overexpressed (460 TPM, p100)"
ZBTB10,2,D,1,,215.3,,0,,,,,0,,"Overexpressed (215 TPM, p99)"
ZC3H13,2,D,1,,310.8,,0,,,,,0,,"Overexpressed (311 TPM, p99)"
ZC3HAV1,2,D,1,,393.9,,0,,,,,0,,"Overexpressed (394 TPM, p100)"
ZCCHC24,2,D,1,,216.7,,0,,,,,0,,"Overexpressed (217 TPM, p99)"
ZEB1,2,D,1,,499.5,,0,,,,,0,,"Overexpressed (499 TPM, p100)"
ZFAND1,2,D,1,,171.1,,0,,,,,0,,"Overexpressed (171 TPM, p98)"
ZFAND5,2,D,1,,657.1,,0,,,,,0,,"Overexpressed (657 TPM, p100)"
ZFC3H1,2,D,1,,302.5,,0,,,,,0,,"Overexpressed (302 TPM, p99)"
ZFHX3,2,D,1,,190.3,,0,,,,,0,,"Overexpressed (190 TPM, p99)"
ZFP36,2,D,1,,289.4,,0,,,,,0,,"Overexpressed (289 TPM, p99)"
ZFP36L1,2,D,1,,579.9,,0,,,,,0,,"Overexpressed (580 TPM, p100)"
ZFP36L2,2,D,1,,764.7,,0,,,,,0,,"Overexpressed (765 TPM, p100)"
ZFP62,2,D,1,,203.5,,0,,,,,0,,"Overexpressed (203 TPM, p99)"
ZFR,2,D,1,,313.8,,0,,,,,0,,"Overexpressed (314 TPM, p99)"
ZHX1,2,D,1,,183.8,,0,,,,,0,,"Overexpressed (184 TPM, p99)"
ZKSCAN1,2,D,1,,184.8,,0,,,,,0,,"Overexpressed (185 TPM, p99)"
ZKSCAN8,2,D,1,,189.2,,0,,,,,0,,"Overexpressed (189 TPM, p99)"
ZMAT2,2,D,1,,326.8,,0,,,,,0,,"Overexpressed (327 TPM, p99)"
ZMIZ1,2,D,1,,160.7,,0,,,,,0,,"Overexpressed (161 TPM, p98)"
ZNF106,2,D,1,,174.8,,0,,,,,0,,"Overexpressed (175 TPM, p99)"
ZNF146,2,D,1,,158.0,,0,,,,,0,,"Overexpressed (158 TPM, p98)"
ZNF207,2,D,1,,172.7,,0,,,,,0,,"Overexpressed (173 TPM, p99)"
ZNF217,2,D,1,,268.4,,0,,,,,0,,"Overexpressed (268 TPM, p99)"
ZNF24,2,D,1,,257.2,,0,,,,,0,,"Overexpressed (257 TPM, p99)"
ZNF300,2,D,1,,199.0,,0,,,,,0,,"Overexpressed (199 TPM, p99)"
ZNF32,2,D,1,,168.8,,0,,,,,0,,"Overexpressed (169 TPM, p98)"
ZNF436,2,D,1,YES,32.5,,0,,,,,0,,Mutated (MODERATE) | Expressed (32 TPM)
ZNF460,2,D,1,,174.0,,0,,,,,0,,"Overexpressed (174 TPM, p99)"
ZNF638,2,D,1,,234.4,,0,,,,,0,,"Overexpressed (234 TPM, p99)"
ZNF644,2,D,1,,287.4,,0,,,,,0,,"Overexpressed (287 TPM, p99)"
ZNF674,2,D,1,YES,34.2,,0,,,,,0,,Mutated (MODERATE) | Expressed (34 TPM)
ZNF721,2,D,1,,221.1,,0,,,,,0,,"Overexpressed (221 TPM, p99)"
ZNF764,2,D,1,YES,5.6,,0,,,,,0,,Mutated (MODERATE) | Expressed (6 TPM)
ZNF841,2,D,1,,243.0,,0,,,,,0,,"Overexpressed (243 TPM, p99)"
ZNF91,2,D,1,,162.2,,0,,,,,0,,"Overexpressed (162 TPM, p98)"
ZRANB2,2,D,1,,174.8,,0,,,,,0,,"Overexpressed (175 TPM, p99)"
ZXDB,2,D,1,,349.6,,0,,,,,0,,"Overexpressed (350 TPM, p100)"
ZZZ3,2,D,1,,211.3,,0,,,,,0,,"Overexpressed (211 TPM, p99)"
